qid,template,gold_size,pool_k,model,retrieved_size,candidate_size,recall_at_5,recall_at_20,recall_at_100,ceiling_normalized_recall_at_100,ndcg_at_5,ndcg_at_20,ndcg_at_100,candidate_precision,candidate_recall,candidate_f1,candidate_jaccard
0,_,2,1000,BM25,100,1000,0.5,0.5,0.5,0.5,0.6131471927654584,0.6131471927654584,0.6131471927654584,0.002,1.0,0.003992015968063872,0.002
0,_,2,1000,Qwen/Qwen3-Reranker-4B,100,1000,1.0,1.0,1.0,1.0,1.0,1.0,1.0,0.002,1.0,0.003992015968063872,0.002
0,_,2,1000,exact_constraint_verifier,2,1000,1.0,1.0,1.0,1.0,1.0,1.0,1.0,0.002,1.0,0.003992015968063872,0.002
1,_,2,1000,BM25,100,1000,1.0,1.0,1.0,1.0,1.0,1.0,1.0,0.002,1.0,0.003992015968063872,0.002
1,_,2,1000,Qwen/Qwen3-Reranker-4B,100,1000,1.0,1.0,1.0,1.0,1.0,1.0,1.0,0.002,1.0,0.003992015968063872,0.002
1,_,2,1000,exact_constraint_verifier,2,1000,1.0,1.0,1.0,1.0,1.0,1.0,1.0,0.002,1.0,0.003992015968063872,0.002
2,_,2,1000,BM25,100,1000,1.0,1.0,1.0,1.0,1.0,1.0,1.0,0.002,1.0,0.003992015968063872,0.002
2,_,2,1000,Qwen/Qwen3-Reranker-4B,100,1000,1.0,1.0,1.0,1.0,1.0,1.0,1.0,0.002,1.0,0.003992015968063872,0.002
2,_,2,1000,exact_constraint_verifier,2,1000,1.0,1.0,1.0,1.0,1.0,1.0,1.0,0.002,1.0,0.003992015968063872,0.002
3,_,2,1000,BM25,100,1000,1.0,1.0,1.0,1.0,1.0,1.0,1.0,0.002,1.0,0.003992015968063872,0.002
3,_,2,1000,Qwen/Qwen3-Reranker-4B,100,1000,1.0,1.0,1.0,1.0,1.0,1.0,1.0,0.002,1.0,0.003992015968063872,0.002
3,_,2,1000,exact_constraint_verifier,2,1000,1.0,1.0,1.0,1.0,1.0,1.0,1.0,0.002,1.0,0.003992015968063872,0.002
4,_,2,1000,BM25,100,1000,1.0,1.0,1.0,1.0,1.0,1.0,1.0,0.002,1.0,0.003992015968063872,0.002
4,_,2,1000,Qwen/Qwen3-Reranker-4B,100,1000,1.0,1.0,1.0,1.0,1.0,1.0,1.0,0.002,1.0,0.003992015968063872,0.002
4,_,2,1000,exact_constraint_verifier,2,1000,1.0,1.0,1.0,1.0,1.0,1.0,1.0,0.002,1.0,0.003992015968063872,0.002
5,_,2,1000,BM25,100,1000,1.0,1.0,1.0,1.0,1.0,1.0,1.0,0.002,1.0,0.003992015968063872,0.002
5,_,2,1000,Qwen/Qwen3-Reranker-4B,100,1000,1.0,1.0,1.0,1.0,1.0,1.0,1.0,0.002,1.0,0.003992015968063872,0.002
5,_,2,1000,exact_constraint_verifier,2,1000,1.0,1.0,1.0,1.0,1.0,1.0,1.0,0.002,1.0,0.003992015968063872,0.002
6,_,2,1000,BM25,100,1000,1.0,1.0,1.0,1.0,1.0,1.0,1.0,0.002,1.0,0.003992015968063872,0.002
6,_,2,1000,Qwen/Qwen3-Reranker-4B,100,1000,1.0,1.0,1.0,1.0,1.0,1.0,1.0,0.002,1.0,0.003992015968063872,0.002
6,_,2,1000,exact_constraint_verifier,2,1000,1.0,1.0,1.0,1.0,1.0,1.0,1.0,0.002,1.0,0.003992015968063872,0.002
7,_,2,1000,BM25,100,1000,1.0,1.0,1.0,1.0,1.0,1.0,1.0,0.002,1.0,0.003992015968063872,0.002
7,_,2,1000,Qwen/Qwen3-Reranker-4B,100,1000,1.0,1.0,1.0,1.0,1.0,1.0,1.0,0.002,1.0,0.003992015968063872,0.002
7,_,2,1000,exact_constraint_verifier,2,1000,1.0,1.0,1.0,1.0,1.0,1.0,1.0,0.002,1.0,0.003992015968063872,0.002
8,_,2,1000,BM25,100,1000,1.0,1.0,1.0,1.0,1.0,1.0,1.0,0.002,1.0,0.003992015968063872,0.002
8,_,2,1000,Qwen/Qwen3-Reranker-4B,100,1000,1.0,1.0,1.0,1.0,1.0,1.0,1.0,0.002,1.0,0.003992015968063872,0.002
8,_,2,1000,exact_constraint_verifier,2,1000,1.0,1.0,1.0,1.0,1.0,1.0,1.0,0.002,1.0,0.003992015968063872,0.002
9,_,2,1000,BM25,100,1000,1.0,1.0,1.0,1.0,1.0,1.0,1.0,0.002,1.0,0.003992015968063872,0.002
9,_,2,1000,Qwen/Qwen3-Reranker-4B,100,1000,1.0,1.0,1.0,1.0,1.0,1.0,1.0,0.002,1.0,0.003992015968063872,0.002
9,_,2,1000,exact_constraint_verifier,2,1000,1.0,1.0,1.0,1.0,1.0,1.0,1.0,0.002,1.0,0.003992015968063872,0.002
10,_,2,1000,BM25,100,1000,1.0,1.0,1.0,1.0,1.0,1.0,1.0,0.002,1.0,0.003992015968063872,0.002
10,_,2,1000,Qwen/Qwen3-Reranker-4B,100,1000,1.0,1.0,1.0,1.0,1.0,1.0,1.0,0.002,1.0,0.003992015968063872,0.002
10,_,2,1000,exact_constraint_verifier,2,1000,1.0,1.0,1.0,1.0,1.0,1.0,1.0,0.002,1.0,0.003992015968063872,0.002
11,_,2,1000,BM25,100,1000,1.0,1.0,1.0,1.0,1.0,1.0,1.0,0.002,1.0,0.003992015968063872,0.002
11,_,2,1000,Qwen/Qwen3-Reranker-4B,100,1000,1.0,1.0,1.0,1.0,1.0,1.0,1.0,0.002,1.0,0.003992015968063872,0.002
11,_,2,1000,exact_constraint_verifier,2,1000,1.0,1.0,1.0,1.0,1.0,1.0,1.0,0.002,1.0,0.003992015968063872,0.002
12,_,2,1000,BM25,100,1000,1.0,1.0,1.0,1.0,1.0,1.0,1.0,0.002,1.0,0.003992015968063872,0.002
12,_,2,1000,Qwen/Qwen3-Reranker-4B,100,1000,1.0,1.0,1.0,1.0,1.0,1.0,1.0,0.002,1.0,0.003992015968063872,0.002
12,_,2,1000,exact_constraint_verifier,2,1000,1.0,1.0,1.0,1.0,1.0,1.0,1.0,0.002,1.0,0.003992015968063872,0.002
13,_,2,1000,BM25,100,1000,1.0,1.0,1.0,1.0,1.0,1.0,1.0,0.002,1.0,0.003992015968063872,0.002
13,_,2,1000,Qwen/Qwen3-Reranker-4B,100,1000,1.0,1.0,1.0,1.0,1.0,1.0,1.0,0.002,1.0,0.003992015968063872,0.002
13,_,2,1000,exact_constraint_verifier,2,1000,1.0,1.0,1.0,1.0,1.0,1.0,1.0,0.002,1.0,0.003992015968063872,0.002
14,_,2,1000,BM25,100,1000,0.0,0.5,0.5,0.5,0.0,0.1532867981913646,0.1532867981913646,0.002,1.0,0.003992015968063872,0.002
14,_,2,1000,Qwen/Qwen3-Reranker-4B,100,1000,1.0,1.0,1.0,1.0,1.0,1.0,1.0,0.002,1.0,0.003992015968063872,0.002
14,_,2,1000,exact_constraint_verifier,2,1000,1.0,1.0,1.0,1.0,1.0,1.0,1.0,0.002,1.0,0.003992015968063872,0.002
15,_,2,1000,BM25,100,1000,1.0,1.0,1.0,1.0,1.0,1.0,1.0,0.002,1.0,0.003992015968063872,0.002
15,_,2,1000,Qwen/Qwen3-Reranker-4B,100,1000,1.0,1.0,1.0,1.0,1.0,1.0,1.0,0.002,1.0,0.003992015968063872,0.002
15,_,2,1000,exact_constraint_verifier,2,1000,1.0,1.0,1.0,1.0,1.0,1.0,1.0,0.002,1.0,0.003992015968063872,0.002
16,_,2,1000,BM25,100,1000,1.0,1.0,1.0,1.0,1.0,1.0,1.0,0.002,1.0,0.003992015968063872,0.002
16,_,2,1000,Qwen/Qwen3-Reranker-4B,100,1000,1.0,1.0,1.0,1.0,1.0,1.0,1.0,0.002,1.0,0.003992015968063872,0.002
16,_,2,1000,exact_constraint_verifier,2,1000,1.0,1.0,1.0,1.0,1.0,1.0,1.0,0.002,1.0,0.003992015968063872,0.002
17,_,2,1000,BM25,100,1000,1.0,1.0,1.0,1.0,1.0,1.0,1.0,0.002,1.0,0.003992015968063872,0.002
17,_,2,1000,Qwen/Qwen3-Reranker-4B,100,1000,1.0,1.0,1.0,1.0,1.0,1.0,1.0,0.002,1.0,0.003992015968063872,0.002
17,_,2,1000,exact_constraint_verifier,2,1000,1.0,1.0,1.0,1.0,1.0,1.0,1.0,0.002,1.0,0.003992015968063872,0.002
18,_,2,1000,BM25,100,1000,1.0,1.0,1.0,1.0,1.0,1.0,1.0,0.002,1.0,0.003992015968063872,0.002
18,_,2,1000,Qwen/Qwen3-Reranker-4B,100,1000,1.0,1.0,1.0,1.0,1.0,1.0,1.0,0.002,1.0,0.003992015968063872,0.002
18,_,2,1000,exact_constraint_verifier,2,1000,1.0,1.0,1.0,1.0,1.0,1.0,1.0,0.002,1.0,0.003992015968063872,0.002
19,_,2,1000,BM25,100,1000,1.0,1.0,1.0,1.0,1.0,1.0,1.0,0.002,1.0,0.003992015968063872,0.002
19,_,2,1000,Qwen/Qwen3-Reranker-4B,100,1000,1.0,1.0,1.0,1.0,1.0,1.0,1.0,0.002,1.0,0.003992015968063872,0.002
19,_,2,1000,exact_constraint_verifier,2,1000,1.0,1.0,1.0,1.0,1.0,1.0,1.0,0.002,1.0,0.003992015968063872,0.002
20,_,2,1000,BM25,100,1000,0.0,0.5,0.5,0.5,0.0,0.17723928678404774,0.17723928678404774,0.002,1.0,0.003992015968063872,0.002
20,_,2,1000,Qwen/Qwen3-Reranker-4B,100,1000,1.0,1.0,1.0,1.0,1.0,1.0,1.0,0.002,1.0,0.003992015968063872,0.002
20,_,2,1000,exact_constraint_verifier,2,1000,1.0,1.0,1.0,1.0,1.0,1.0,1.0,0.002,1.0,0.003992015968063872,0.002
21,_,2,1000,BM25,100,1000,1.0,1.0,1.0,1.0,1.0,1.0,1.0,0.002,1.0,0.003992015968063872,0.002
21,_,2,1000,Qwen/Qwen3-Reranker-4B,100,1000,1.0,1.0,1.0,1.0,1.0,1.0,1.0,0.002,1.0,0.003992015968063872,0.002
21,_,2,1000,exact_constraint_verifier,2,1000,1.0,1.0,1.0,1.0,1.0,1.0,1.0,0.002,1.0,0.003992015968063872,0.002
22,_,2,1000,BM25,100,1000,0.5,0.5,1.0,1.0,0.6131471927654584,0.6131471927654584,0.7299832563724276,0.002,1.0,0.003992015968063872,0.002
22,_,2,1000,Qwen/Qwen3-Reranker-4B,100,1000,1.0,1.0,1.0,1.0,1.0,1.0,1.0,0.002,1.0,0.003992015968063872,0.002
22,_,2,1000,exact_constraint_verifier,2,1000,1.0,1.0,1.0,1.0,1.0,1.0,1.0,0.002,1.0,0.003992015968063872,0.002
23,_,2,1000,BM25,100,1000,1.0,1.0,1.0,1.0,1.0,1.0,1.0,0.002,1.0,0.003992015968063872,0.002
23,_,2,1000,Qwen/Qwen3-Reranker-4B,100,1000,1.0,1.0,1.0,1.0,1.0,1.0,1.0,0.002,1.0,0.003992015968063872,0.002
23,_,2,1000,exact_constraint_verifier,2,1000,1.0,1.0,1.0,1.0,1.0,1.0,1.0,0.002,1.0,0.003992015968063872,0.002
24,_,2,1000,BM25,100,1000,1.0,1.0,1.0,1.0,1.0,1.0,1.0,0.002,1.0,0.003992015968063872,0.002
24,_,2,1000,Qwen/Qwen3-Reranker-4B,100,1000,1.0,1.0,1.0,1.0,1.0,1.0,1.0,0.002,1.0,0.003992015968063872,0.002
24,_,2,1000,exact_constraint_verifier,2,1000,1.0,1.0,1.0,1.0,1.0,1.0,1.0,0.002,1.0,0.003992015968063872,0.002
25,_,2,1000,BM25,100,1000,1.0,1.0,1.0,1.0,0.9197207891481876,0.9197207891481876,0.9197207891481876,0.002,1.0,0.003992015968063872,0.002
25,_,2,1000,Qwen/Qwen3-Reranker-4B,100,1000,1.0,1.0,1.0,1.0,1.0,1.0,1.0,0.002,1.0,0.003992015968063872,0.002
25,_,2,1000,exact_constraint_verifier,2,1000,1.0,1.0,1.0,1.0,1.0,1.0,1.0,0.002,1.0,0.003992015968063872,0.002
26,_,2,1000,BM25,100,1000,1.0,1.0,1.0,1.0,1.0,1.0,1.0,0.002,1.0,0.003992015968063872,0.002
26,_,2,1000,Qwen/Qwen3-Reranker-4B,100,1000,1.0,1.0,1.0,1.0,1.0,1.0,1.0,0.002,1.0,0.003992015968063872,0.002
26,_,2,1000,exact_constraint_verifier,2,1000,1.0,1.0,1.0,1.0,1.0,1.0,1.0,0.002,1.0,0.003992015968063872,0.002
27,_,2,1000,BM25,100,1000,1.0,1.0,1.0,1.0,1.0,1.0,1.0,0.002,1.0,0.003992015968063872,0.002
27,_,2,1000,Qwen/Qwen3-Reranker-4B,100,1000,1.0,1.0,1.0,1.0,1.0,1.0,1.0,0.002,1.0,0.003992015968063872,0.002
27,_,2,1000,exact_constraint_verifier,2,1000,1.0,1.0,1.0,1.0,1.0,1.0,1.0,0.002,1.0,0.003992015968063872,0.002
28,_,2,1000,BM25,100,1000,1.0,1.0,1.0,1.0,1.0,1.0,1.0,0.002,1.0,0.003992015968063872,0.002
28,_,2,1000,Qwen/Qwen3-Reranker-4B,100,1000,1.0,1.0,1.0,1.0,1.0,1.0,1.0,0.002,1.0,0.003992015968063872,0.002
28,_,2,1000,exact_constraint_verifier,2,1000,1.0,1.0,1.0,1.0,1.0,1.0,1.0,0.002,1.0,0.003992015968063872,0.002
29,_,2,1000,BM25,100,1000,1.0,1.0,1.0,1.0,1.0,1.0,1.0,0.002,1.0,0.003992015968063872,0.002
29,_,2,1000,Qwen/Qwen3-Reranker-4B,100,1000,1.0,1.0,1.0,1.0,1.0,1.0,1.0,0.002,1.0,0.003992015968063872,0.002
29,_,2,1000,exact_constraint_verifier,2,1000,1.0,1.0,1.0,1.0,1.0,1.0,1.0,0.002,1.0,0.003992015968063872,0.002
30,_,2,1000,BM25,100,1000,0.5,0.5,1.0,1.0,0.23719771276929622,0.23719771276929622,0.34142759508928056,0.002,1.0,0.003992015968063872,0.002
30,_,2,1000,Qwen/Qwen3-Reranker-4B,100,1000,1.0,1.0,1.0,1.0,1.0,1.0,1.0,0.002,1.0,0.003992015968063872,0.002
30,_,2,1000,exact_constraint_verifier,2,1000,1.0,1.0,1.0,1.0,1.0,1.0,1.0,0.002,1.0,0.003992015968063872,0.002
31,_,2,1000,BM25,100,1000,1.0,1.0,1.0,1.0,1.0,1.0,1.0,0.002,1.0,0.003992015968063872,0.002
31,_,2,1000,Qwen/Qwen3-Reranker-4B,100,1000,1.0,1.0,1.0,1.0,1.0,1.0,1.0,0.002,1.0,0.003992015968063872,0.002
31,_,2,1000,exact_constraint_verifier,2,1000,1.0,1.0,1.0,1.0,1.0,1.0,1.0,0.002,1.0,0.003992015968063872,0.002
32,_,2,1000,BM25,100,1000,1.0,1.0,1.0,1.0,1.0,1.0,1.0,0.002,1.0,0.003992015968063872,0.002
32,_,2,1000,Qwen/Qwen3-Reranker-4B,100,1000,1.0,1.0,1.0,1.0,1.0,1.0,1.0,0.002,1.0,0.003992015968063872,0.002
32,_,2,1000,exact_constraint_verifier,2,1000,1.0,1.0,1.0,1.0,1.0,1.0,1.0,0.002,1.0,0.003992015968063872,0.002
33,_,2,1000,BM25,100,1000,1.0,1.0,1.0,1.0,1.0,1.0,1.0,0.002,1.0,0.003992015968063872,0.002
33,_,2,1000,Qwen/Qwen3-Reranker-4B,100,1000,1.0,1.0,1.0,1.0,1.0,1.0,1.0,0.002,1.0,0.003992015968063872,0.002
33,_,2,1000,exact_constraint_verifier,2,1000,1.0,1.0,1.0,1.0,1.0,1.0,1.0,0.002,1.0,0.003992015968063872,0.002
34,_,2,1000,BM25,100,1000,1.0,1.0,1.0,1.0,1.0,1.0,1.0,0.002,1.0,0.003992015968063872,0.002
34,_,2,1000,Qwen/Qwen3-Reranker-4B,100,1000,1.0,1.0,1.0,1.0,1.0,1.0,1.0,0.002,1.0,0.003992015968063872,0.002
34,_,2,1000,exact_constraint_verifier,2,1000,1.0,1.0,1.0,1.0,1.0,1.0,1.0,0.002,1.0,0.003992015968063872,0.002
35,_,2,1000,BM25,100,1000,1.0,1.0,1.0,1.0,1.0,1.0,1.0,0.002,1.0,0.003992015968063872,0.002
35,_,2,1000,Qwen/Qwen3-Reranker-4B,100,1000,1.0,1.0,1.0,1.0,1.0,1.0,1.0,0.002,1.0,0.003992015968063872,0.002
35,_,2,1000,exact_constraint_verifier,2,1000,1.0,1.0,1.0,1.0,1.0,1.0,1.0,0.002,1.0,0.003992015968063872,0.002
36,_,2,1000,BM25,100,1000,1.0,1.0,1.0,1.0,0.9197207891481876,0.9197207891481876,0.9197207891481876,0.002,1.0,0.003992015968063872,0.002
36,_,2,1000,Qwen/Qwen3-Reranker-4B,100,1000,1.0,1.0,1.0,1.0,1.0,1.0,1.0,0.002,1.0,0.003992015968063872,0.002
36,_,2,1000,exact_constraint_verifier,2,1000,1.0,1.0,1.0,1.0,1.0,1.0,1.0,0.002,1.0,0.003992015968063872,0.002
37,_,2,1000,BM25,100,1000,1.0,1.0,1.0,1.0,1.0,1.0,1.0,0.002,1.0,0.003992015968063872,0.002
37,_,2,1000,Qwen/Qwen3-Reranker-4B,100,1000,1.0,1.0,1.0,1.0,1.0,1.0,1.0,0.002,1.0,0.003992015968063872,0.002
37,_,2,1000,exact_constraint_verifier,2,1000,1.0,1.0,1.0,1.0,1.0,1.0,1.0,0.002,1.0,0.003992015968063872,0.002
38,_,2,1000,BM25,100,1000,1.0,1.0,1.0,1.0,1.0,1.0,1.0,0.002,1.0,0.003992015968063872,0.002
38,_,2,1000,Qwen/Qwen3-Reranker-4B,100,1000,1.0,1.0,1.0,1.0,1.0,1.0,1.0,0.002,1.0,0.003992015968063872,0.002
38,_,2,1000,exact_constraint_verifier,2,1000,1.0,1.0,1.0,1.0,1.0,1.0,1.0,0.002,1.0,0.003992015968063872,0.002
39,_,2,1000,BM25,100,1000,1.0,1.0,1.0,1.0,1.0,1.0,1.0,0.002,1.0,0.003992015968063872,0.002
39,_,2,1000,Qwen/Qwen3-Reranker-4B,100,1000,1.0,1.0,1.0,1.0,1.0,1.0,1.0,0.002,1.0,0.003992015968063872,0.002
39,_,2,1000,exact_constraint_verifier,2,1000,1.0,1.0,1.0,1.0,1.0,1.0,1.0,0.002,1.0,0.003992015968063872,0.002
40,_,2,1000,BM25,100,1000,1.0,1.0,1.0,1.0,1.0,1.0,1.0,0.002,1.0,0.003992015968063872,0.002
40,_,2,1000,Qwen/Qwen3-Reranker-4B,100,1000,1.0,1.0,1.0,1.0,1.0,1.0,1.0,0.002,1.0,0.003992015968063872,0.002
40,_,2,1000,exact_constraint_verifier,2,1000,1.0,1.0,1.0,1.0,1.0,1.0,1.0,0.002,1.0,0.003992015968063872,0.002
41,_,2,1000,BM25,100,1000,1.0,1.0,1.0,1.0,1.0,1.0,1.0,0.002,1.0,0.003992015968063872,0.002
41,_,2,1000,Qwen/Qwen3-Reranker-4B,100,1000,1.0,1.0,1.0,1.0,1.0,1.0,1.0,0.002,1.0,0.003992015968063872,0.002
41,_,2,1000,exact_constraint_verifier,2,1000,1.0,1.0,1.0,1.0,1.0,1.0,1.0,0.002,1.0,0.003992015968063872,0.002
42,_,2,1000,BM25,100,1000,1.0,1.0,1.0,1.0,1.0,1.0,1.0,0.002,1.0,0.003992015968063872,0.002
42,_,2,1000,Qwen/Qwen3-Reranker-4B,100,1000,1.0,1.0,1.0,1.0,1.0,1.0,1.0,0.002,1.0,0.003992015968063872,0.002
42,_,2,1000,exact_constraint_verifier,2,1000,1.0,1.0,1.0,1.0,1.0,1.0,1.0,0.002,1.0,0.003992015968063872,0.002
43,_,2,1000,BM25,100,1000,1.0,1.0,1.0,1.0,1.0,1.0,1.0,0.002,1.0,0.003992015968063872,0.002
43,_,2,1000,Qwen/Qwen3-Reranker-4B,100,1000,1.0,1.0,1.0,1.0,1.0,1.0,1.0,0.002,1.0,0.003992015968063872,0.002
43,_,2,1000,exact_constraint_verifier,2,1000,1.0,1.0,1.0,1.0,1.0,1.0,1.0,0.002,1.0,0.003992015968063872,0.002
44,_,2,1000,BM25,100,1000,1.0,1.0,1.0,1.0,1.0,1.0,1.0,0.002,1.0,0.003992015968063872,0.002
44,_,2,1000,Qwen/Qwen3-Reranker-4B,100,1000,1.0,1.0,1.0,1.0,1.0,1.0,1.0,0.002,1.0,0.003992015968063872,0.002
44,_,2,1000,exact_constraint_verifier,2,1000,1.0,1.0,1.0,1.0,1.0,1.0,1.0,0.002,1.0,0.003992015968063872,0.002
45,_,2,1000,BM25,100,1000,1.0,1.0,1.0,1.0,1.0,1.0,1.0,0.002,1.0,0.003992015968063872,0.002
45,_,2,1000,Qwen/Qwen3-Reranker-4B,100,1000,1.0,1.0,1.0,1.0,1.0,1.0,1.0,0.002,1.0,0.003992015968063872,0.002
45,_,2,1000,exact_constraint_verifier,2,1000,1.0,1.0,1.0,1.0,1.0,1.0,1.0,0.002,1.0,0.003992015968063872,0.002
46,_,2,1000,BM25,100,1000,1.0,1.0,1.0,1.0,1.0,1.0,1.0,0.002,1.0,0.003992015968063872,0.002
46,_,2,1000,Qwen/Qwen3-Reranker-4B,100,1000,1.0,1.0,1.0,1.0,1.0,1.0,1.0,0.002,1.0,0.003992015968063872,0.002
46,_,2,1000,exact_constraint_verifier,2,1000,1.0,1.0,1.0,1.0,1.0,1.0,1.0,0.002,1.0,0.003992015968063872,0.002
47,_,2,1000,BM25,100,1000,0.0,0.5,0.5,0.5,0.0,0.16569576576522954,0.16569576576522954,0.002,1.0,0.003992015968063872,0.002
47,_,2,1000,Qwen/Qwen3-Reranker-4B,100,1000,1.0,1.0,1.0,1.0,1.0,1.0,1.0,0.002,1.0,0.003992015968063872,0.002
47,_,2,1000,exact_constraint_verifier,2,1000,1.0,1.0,1.0,1.0,1.0,1.0,1.0,0.002,1.0,0.003992015968063872,0.002
48,_,2,1000,BM25,100,1000,1.0,1.0,1.0,1.0,1.0,1.0,1.0,0.002,1.0,0.003992015968063872,0.002
48,_,2,1000,Qwen/Qwen3-Reranker-4B,100,1000,1.0,1.0,1.0,1.0,1.0,1.0,1.0,0.002,1.0,0.003992015968063872,0.002
48,_,2,1000,exact_constraint_verifier,2,1000,1.0,1.0,1.0,1.0,1.0,1.0,1.0,0.002,1.0,0.003992015968063872,0.002
49,_,2,1000,BM25,100,1000,1.0,1.0,1.0,1.0,1.0,1.0,1.0,0.002,1.0,0.003992015968063872,0.002
49,_,2,1000,Qwen/Qwen3-Reranker-4B,100,1000,1.0,1.0,1.0,1.0,1.0,1.0,1.0,0.002,1.0,0.003992015968063872,0.002
49,_,2,1000,exact_constraint_verifier,2,1000,1.0,1.0,1.0,1.0,1.0,1.0,1.0,0.002,1.0,0.003992015968063872,0.002
50,_,2,1000,BM25,100,1000,1.0,1.0,1.0,1.0,1.0,1.0,1.0,0.002,1.0,0.003992015968063872,0.002
50,_,2,1000,Qwen/Qwen3-Reranker-4B,100,1000,1.0,1.0,1.0,1.0,1.0,1.0,1.0,0.002,1.0,0.003992015968063872,0.002
50,_,2,1000,exact_constraint_verifier,2,1000,1.0,1.0,1.0,1.0,1.0,1.0,1.0,0.002,1.0,0.003992015968063872,0.002
51,_,2,1000,BM25,100,1000,1.0,1.0,1.0,1.0,1.0,1.0,1.0,0.002,1.0,0.003992015968063872,0.002
51,_,2,1000,Qwen/Qwen3-Reranker-4B,100,1000,1.0,1.0,1.0,1.0,1.0,1.0,1.0,0.002,1.0,0.003992015968063872,0.002
51,_,2,1000,exact_constraint_verifier,2,1000,1.0,1.0,1.0,1.0,1.0,1.0,1.0,0.002,1.0,0.003992015968063872,0.002
52,_,2,1000,BM25,100,1000,1.0,1.0,1.0,1.0,1.0,1.0,1.0,0.002,1.0,0.003992015968063872,0.002
52,_,2,1000,Qwen/Qwen3-Reranker-4B,100,1000,1.0,1.0,1.0,1.0,1.0,1.0,1.0,0.002,1.0,0.003992015968063872,0.002
52,_,2,1000,exact_constraint_verifier,2,1000,1.0,1.0,1.0,1.0,1.0,1.0,1.0,0.002,1.0,0.003992015968063872,0.002
53,_,2,1000,BM25,100,1000,1.0,1.0,1.0,1.0,1.0,1.0,1.0,0.002,1.0,0.003992015968063872,0.002
53,_,2,1000,Qwen/Qwen3-Reranker-4B,100,1000,1.0,1.0,1.0,1.0,1.0,1.0,1.0,0.002,1.0,0.003992015968063872,0.002
53,_,2,1000,exact_constraint_verifier,2,1000,1.0,1.0,1.0,1.0,1.0,1.0,1.0,0.002,1.0,0.003992015968063872,0.002
54,_,2,1000,BM25,100,1000,1.0,1.0,1.0,1.0,1.0,1.0,1.0,0.002,1.0,0.003992015968063872,0.002
54,_,2,1000,Qwen/Qwen3-Reranker-4B,100,1000,1.0,1.0,1.0,1.0,1.0,1.0,1.0,0.002,1.0,0.003992015968063872,0.002
54,_,2,1000,exact_constraint_verifier,2,1000,1.0,1.0,1.0,1.0,1.0,1.0,1.0,0.002,1.0,0.003992015968063872,0.002
55,_,2,1000,BM25,100,1000,1.0,1.0,1.0,1.0,1.0,1.0,1.0,0.002,1.0,0.003992015968063872,0.002
55,_,2,1000,Qwen/Qwen3-Reranker-4B,100,1000,1.0,1.0,1.0,1.0,1.0,1.0,1.0,0.002,1.0,0.003992015968063872,0.002
55,_,2,1000,exact_constraint_verifier,2,1000,1.0,1.0,1.0,1.0,1.0,1.0,1.0,0.002,1.0,0.003992015968063872,0.002
56,_,2,1000,BM25,100,1000,1.0,1.0,1.0,1.0,1.0,1.0,1.0,0.002,1.0,0.003992015968063872,0.002
56,_,2,1000,Qwen/Qwen3-Reranker-4B,100,1000,1.0,1.0,1.0,1.0,1.0,1.0,1.0,0.002,1.0,0.003992015968063872,0.002
56,_,2,1000,exact_constraint_verifier,2,1000,1.0,1.0,1.0,1.0,1.0,1.0,1.0,0.002,1.0,0.003992015968063872,0.002
57,_,2,1000,BM25,100,1000,1.0,1.0,1.0,1.0,1.0,1.0,1.0,0.002,1.0,0.003992015968063872,0.002
57,_,2,1000,Qwen/Qwen3-Reranker-4B,100,1000,1.0,1.0,1.0,1.0,1.0,1.0,1.0,0.002,1.0,0.003992015968063872,0.002
57,_,2,1000,exact_constraint_verifier,2,1000,1.0,1.0,1.0,1.0,1.0,1.0,1.0,0.002,1.0,0.003992015968063872,0.002
58,_,2,1000,BM25,100,1000,1.0,1.0,1.0,1.0,1.0,1.0,1.0,0.002,1.0,0.003992015968063872,0.002
58,_,2,1000,Qwen/Qwen3-Reranker-4B,100,1000,1.0,1.0,1.0,1.0,1.0,1.0,1.0,0.002,1.0,0.003992015968063872,0.002
58,_,2,1000,exact_constraint_verifier,2,1000,1.0,1.0,1.0,1.0,1.0,1.0,1.0,0.002,1.0,0.003992015968063872,0.002
59,_,2,1000,BM25,100,1000,1.0,1.0,1.0,1.0,1.0,1.0,1.0,0.002,1.0,0.003992015968063872,0.002
59,_,2,1000,Qwen/Qwen3-Reranker-4B,100,1000,1.0,1.0,1.0,1.0,1.0,1.0,1.0,0.002,1.0,0.003992015968063872,0.002
59,_,2,1000,exact_constraint_verifier,2,1000,1.0,1.0,1.0,1.0,1.0,1.0,1.0,0.002,1.0,0.003992015968063872,0.002
60,_,2,1000,BM25,100,1000,1.0,1.0,1.0,1.0,1.0,1.0,1.0,0.002,1.0,0.003992015968063872,0.002
60,_,2,1000,Qwen/Qwen3-Reranker-4B,100,1000,1.0,1.0,1.0,1.0,1.0,1.0,1.0,0.002,1.0,0.003992015968063872,0.002
60,_,2,1000,exact_constraint_verifier,2,1000,1.0,1.0,1.0,1.0,1.0,1.0,1.0,0.002,1.0,0.003992015968063872,0.002
61,_,2,1000,BM25,100,1000,1.0,1.0,1.0,1.0,1.0,1.0,1.0,0.002,1.0,0.003992015968063872,0.002
61,_,2,1000,Qwen/Qwen3-Reranker-4B,100,1000,1.0,1.0,1.0,1.0,1.0,1.0,1.0,0.002,1.0,0.003992015968063872,0.002
61,_,2,1000,exact_constraint_verifier,2,1000,1.0,1.0,1.0,1.0,1.0,1.0,1.0,0.002,1.0,0.003992015968063872,0.002
62,_,2,1000,BM25,100,1000,1.0,1.0,1.0,1.0,1.0,1.0,1.0,0.002,1.0,0.003992015968063872,0.002
62,_,2,1000,Qwen/Qwen3-Reranker-4B,100,1000,1.0,1.0,1.0,1.0,1.0,1.0,1.0,0.002,1.0,0.003992015968063872,0.002
62,_,2,1000,exact_constraint_verifier,2,1000,1.0,1.0,1.0,1.0,1.0,1.0,1.0,0.002,1.0,0.003992015968063872,0.002
63,_,2,1000,BM25,100,1000,1.0,1.0,1.0,1.0,1.0,1.0,1.0,0.002,1.0,0.003992015968063872,0.002
63,_,2,1000,Qwen/Qwen3-Reranker-4B,100,1000,1.0,1.0,1.0,1.0,1.0,1.0,1.0,0.002,1.0,0.003992015968063872,0.002
63,_,2,1000,exact_constraint_verifier,2,1000,1.0,1.0,1.0,1.0,1.0,1.0,1.0,0.002,1.0,0.003992015968063872,0.002
64,_,2,1000,BM25,100,1000,1.0,1.0,1.0,1.0,1.0,1.0,1.0,0.002,1.0,0.003992015968063872,0.002
64,_,2,1000,Qwen/Qwen3-Reranker-4B,100,1000,1.0,1.0,1.0,1.0,1.0,1.0,1.0,0.002,1.0,0.003992015968063872,0.002
64,_,2,1000,exact_constraint_verifier,2,1000,1.0,1.0,1.0,1.0,1.0,1.0,1.0,0.002,1.0,0.003992015968063872,0.002
65,_,2,1000,BM25,100,1000,1.0,1.0,1.0,1.0,1.0,1.0,1.0,0.002,1.0,0.003992015968063872,0.002
65,_,2,1000,Qwen/Qwen3-Reranker-4B,100,1000,1.0,1.0,1.0,1.0,1.0,1.0,1.0,0.002,1.0,0.003992015968063872,0.002
65,_,2,1000,exact_constraint_verifier,2,1000,1.0,1.0,1.0,1.0,1.0,1.0,1.0,0.002,1.0,0.003992015968063872,0.002
66,_,2,1000,BM25,100,1000,1.0,1.0,1.0,1.0,1.0,1.0,1.0,0.002,1.0,0.003992015968063872,0.002
66,_,2,1000,Qwen/Qwen3-Reranker-4B,100,1000,1.0,1.0,1.0,1.0,1.0,1.0,1.0,0.002,1.0,0.003992015968063872,0.002
66,_,2,1000,exact_constraint_verifier,2,1000,1.0,1.0,1.0,1.0,1.0,1.0,1.0,0.002,1.0,0.003992015968063872,0.002
67,_,2,1000,BM25,100,1000,1.0,1.0,1.0,1.0,1.0,1.0,1.0,0.002,1.0,0.003992015968063872,0.002
67,_,2,1000,Qwen/Qwen3-Reranker-4B,100,1000,1.0,1.0,1.0,1.0,1.0,1.0,1.0,0.002,1.0,0.003992015968063872,0.002
67,_,2,1000,exact_constraint_verifier,2,1000,1.0,1.0,1.0,1.0,1.0,1.0,1.0,0.002,1.0,0.003992015968063872,0.002
68,_,2,1000,BM25,100,1000,1.0,1.0,1.0,1.0,1.0,1.0,1.0,0.002,1.0,0.003992015968063872,0.002
68,_,2,1000,Qwen/Qwen3-Reranker-4B,100,1000,1.0,1.0,1.0,1.0,1.0,1.0,1.0,0.002,1.0,0.003992015968063872,0.002
68,_,2,1000,exact_constraint_verifier,2,1000,1.0,1.0,1.0,1.0,1.0,1.0,1.0,0.002,1.0,0.003992015968063872,0.002
69,_,2,1000,BM25,100,1000,1.0,1.0,1.0,1.0,1.0,1.0,1.0,0.002,1.0,0.003992015968063872,0.002
69,_,2,1000,Qwen/Qwen3-Reranker-4B,100,1000,1.0,1.0,1.0,1.0,1.0,1.0,1.0,0.002,1.0,0.003992015968063872,0.002
69,_,2,1000,exact_constraint_verifier,2,1000,1.0,1.0,1.0,1.0,1.0,1.0,1.0,0.002,1.0,0.003992015968063872,0.002
70,_,2,1000,BM25,100,1000,1.0,1.0,1.0,1.0,1.0,1.0,1.0,0.002,1.0,0.003992015968063872,0.002
70,_,2,1000,Qwen/Qwen3-Reranker-4B,100,1000,1.0,1.0,1.0,1.0,1.0,1.0,1.0,0.002,1.0,0.003992015968063872,0.002
70,_,2,1000,exact_constraint_verifier,2,1000,1.0,1.0,1.0,1.0,1.0,1.0,1.0,0.002,1.0,0.003992015968063872,0.002
71,_,2,1000,BM25,100,1000,1.0,1.0,1.0,1.0,1.0,1.0,1.0,0.002,1.0,0.003992015968063872,0.002
71,_,2,1000,Qwen/Qwen3-Reranker-4B,100,1000,1.0,1.0,1.0,1.0,1.0,1.0,1.0,0.002,1.0,0.003992015968063872,0.002
71,_,2,1000,exact_constraint_verifier,2,1000,1.0,1.0,1.0,1.0,1.0,1.0,1.0,0.002,1.0,0.003992015968063872,0.002
72,_,2,1000,BM25,100,1000,1.0,1.0,1.0,1.0,1.0,1.0,1.0,0.002,1.0,0.003992015968063872,0.002
72,_,2,1000,Qwen/Qwen3-Reranker-4B,100,1000,1.0,1.0,1.0,1.0,1.0,1.0,1.0,0.002,1.0,0.003992015968063872,0.002
72,_,2,1000,exact_constraint_verifier,2,1000,1.0,1.0,1.0,1.0,1.0,1.0,1.0,0.002,1.0,0.003992015968063872,0.002
73,_,2,1000,BM25,100,1000,1.0,1.0,1.0,1.0,1.0,1.0,1.0,0.002,1.0,0.003992015968063872,0.002
73,_,2,1000,Qwen/Qwen3-Reranker-4B,100,1000,1.0,1.0,1.0,1.0,1.0,1.0,1.0,0.002,1.0,0.003992015968063872,0.002
73,_,2,1000,exact_constraint_verifier,2,1000,1.0,1.0,1.0,1.0,1.0,1.0,1.0,0.002,1.0,0.003992015968063872,0.002
74,_,2,1000,BM25,100,1000,1.0,1.0,1.0,1.0,1.0,1.0,1.0,0.002,1.0,0.003992015968063872,0.002
74,_,2,1000,Qwen/Qwen3-Reranker-4B,100,1000,1.0,1.0,1.0,1.0,1.0,1.0,1.0,0.002,1.0,0.003992015968063872,0.002
74,_,2,1000,exact_constraint_verifier,2,1000,1.0,1.0,1.0,1.0,1.0,1.0,1.0,0.002,1.0,0.003992015968063872,0.002
75,_,2,1000,BM25,100,1000,0.5,0.5,0.5,0.5,0.38685280723454163,0.38685280723454163,0.38685280723454163,0.002,1.0,0.003992015968063872,0.002
75,_,2,1000,Qwen/Qwen3-Reranker-4B,100,1000,1.0,1.0,1.0,1.0,1.0,1.0,1.0,0.002,1.0,0.003992015968063872,0.002
75,_,2,1000,exact_constraint_verifier,2,1000,1.0,1.0,1.0,1.0,1.0,1.0,1.0,0.002,1.0,0.003992015968063872,0.002
76,_,2,1000,BM25,100,1000,0.0,0.0,0.0,0.0,0.0,0.0,0.0,0.002,1.0,0.003992015968063872,0.002
76,_,2,1000,Qwen/Qwen3-Reranker-4B,100,1000,1.0,1.0,1.0,1.0,1.0,1.0,1.0,0.002,1.0,0.003992015968063872,0.002
76,_,2,1000,exact_constraint_verifier,2,1000,1.0,1.0,1.0,1.0,1.0,1.0,1.0,0.002,1.0,0.003992015968063872,0.002
77,_,2,1000,BM25,100,1000,1.0,1.0,1.0,1.0,1.0,1.0,1.0,0.002,1.0,0.003992015968063872,0.002
77,_,2,1000,Qwen/Qwen3-Reranker-4B,100,1000,1.0,1.0,1.0,1.0,1.0,1.0,1.0,0.002,1.0,0.003992015968063872,0.002
77,_,2,1000,exact_constraint_verifier,2,1000,1.0,1.0,1.0,1.0,1.0,1.0,1.0,0.002,1.0,0.003992015968063872,0.002
78,_,2,1000,BM25,100,1000,1.0,1.0,1.0,1.0,1.0,1.0,1.0,0.002,1.0,0.003992015968063872,0.002
78,_,2,1000,Qwen/Qwen3-Reranker-4B,100,1000,1.0,1.0,1.0,1.0,1.0,1.0,1.0,0.002,1.0,0.003992015968063872,0.002
78,_,2,1000,exact_constraint_verifier,2,1000,1.0,1.0,1.0,1.0,1.0,1.0,1.0,0.002,1.0,0.003992015968063872,0.002
79,_,2,1000,BM25,100,1000,1.0,1.0,1.0,1.0,1.0,1.0,1.0,0.002,1.0,0.003992015968063872,0.002
79,_,2,1000,Qwen/Qwen3-Reranker-4B,100,1000,1.0,1.0,1.0,1.0,1.0,1.0,1.0,0.002,1.0,0.003992015968063872,0.002
79,_,2,1000,exact_constraint_verifier,2,1000,1.0,1.0,1.0,1.0,1.0,1.0,1.0,0.002,1.0,0.003992015968063872,0.002
80,_,2,1000,BM25,100,1000,1.0,1.0,1.0,1.0,1.0,1.0,1.0,0.002,1.0,0.003992015968063872,0.002
80,_,2,1000,Qwen/Qwen3-Reranker-4B,100,1000,1.0,1.0,1.0,1.0,1.0,1.0,1.0,0.002,1.0,0.003992015968063872,0.002
80,_,2,1000,exact_constraint_verifier,2,1000,1.0,1.0,1.0,1.0,1.0,1.0,1.0,0.002,1.0,0.003992015968063872,0.002
81,_,2,1000,BM25,100,1000,1.0,1.0,1.0,1.0,1.0,1.0,1.0,0.002,1.0,0.003992015968063872,0.002
81,_,2,1000,Qwen/Qwen3-Reranker-4B,100,1000,1.0,1.0,1.0,1.0,1.0,1.0,1.0,0.002,1.0,0.003992015968063872,0.002
81,_,2,1000,exact_constraint_verifier,2,1000,1.0,1.0,1.0,1.0,1.0,1.0,1.0,0.002,1.0,0.003992015968063872,0.002
82,_,2,1000,BM25,100,1000,1.0,1.0,1.0,1.0,1.0,1.0,1.0,0.002,1.0,0.003992015968063872,0.002
82,_,2,1000,Qwen/Qwen3-Reranker-4B,100,1000,1.0,1.0,1.0,1.0,1.0,1.0,1.0,0.002,1.0,0.003992015968063872,0.002
82,_,2,1000,exact_constraint_verifier,2,1000,1.0,1.0,1.0,1.0,1.0,1.0,1.0,0.002,1.0,0.003992015968063872,0.002
83,_,2,1000,BM25,100,1000,1.0,1.0,1.0,1.0,1.0,1.0,1.0,0.002,1.0,0.003992015968063872,0.002
83,_,2,1000,Qwen/Qwen3-Reranker-4B,100,1000,1.0,1.0,1.0,1.0,1.0,1.0,1.0,0.002,1.0,0.003992015968063872,0.002
83,_,2,1000,exact_constraint_verifier,2,1000,1.0,1.0,1.0,1.0,1.0,1.0,1.0,0.002,1.0,0.003992015968063872,0.002
84,_,2,1000,BM25,100,1000,1.0,1.0,1.0,1.0,1.0,1.0,1.0,0.002,1.0,0.003992015968063872,0.002
84,_,2,1000,Qwen/Qwen3-Reranker-4B,100,1000,1.0,1.0,1.0,1.0,1.0,1.0,1.0,0.002,1.0,0.003992015968063872,0.002
84,_,2,1000,exact_constraint_verifier,2,1000,1.0,1.0,1.0,1.0,1.0,1.0,1.0,0.002,1.0,0.003992015968063872,0.002
85,_,2,1000,BM25,100,1000,1.0,1.0,1.0,1.0,1.0,1.0,1.0,0.002,1.0,0.003992015968063872,0.002
85,_,2,1000,Qwen/Qwen3-Reranker-4B,100,1000,1.0,1.0,1.0,1.0,1.0,1.0,1.0,0.002,1.0,0.003992015968063872,0.002
85,_,2,1000,exact_constraint_verifier,2,1000,1.0,1.0,1.0,1.0,1.0,1.0,1.0,0.002,1.0,0.003992015968063872,0.002
86,_,2,1000,BM25,100,1000,0.0,0.0,0.0,0.0,0.0,0.0,0.0,0.002,1.0,0.003992015968063872,0.002
86,_,2,1000,Qwen/Qwen3-Reranker-4B,100,1000,1.0,1.0,1.0,1.0,1.0,1.0,1.0,0.002,1.0,0.003992015968063872,0.002
86,_,2,1000,exact_constraint_verifier,2,1000,1.0,1.0,1.0,1.0,1.0,1.0,1.0,0.002,1.0,0.003992015968063872,0.002
87,_,2,1000,BM25,100,1000,1.0,1.0,1.0,1.0,1.0,1.0,1.0,0.002,1.0,0.003992015968063872,0.002
87,_,2,1000,Qwen/Qwen3-Reranker-4B,100,1000,1.0,1.0,1.0,1.0,1.0,1.0,1.0,0.002,1.0,0.003992015968063872,0.002
87,_,2,1000,exact_constraint_verifier,2,1000,1.0,1.0,1.0,1.0,1.0,1.0,1.0,0.002,1.0,0.003992015968063872,0.002
88,_,2,1000,BM25,100,1000,1.0,1.0,1.0,1.0,1.0,1.0,1.0,0.002,1.0,0.003992015968063872,0.002
88,_,2,1000,Qwen/Qwen3-Reranker-4B,100,1000,1.0,1.0,1.0,1.0,1.0,1.0,1.0,0.002,1.0,0.003992015968063872,0.002
88,_,2,1000,exact_constraint_verifier,2,1000,1.0,1.0,1.0,1.0,1.0,1.0,1.0,0.002,1.0,0.003992015968063872,0.002
89,_,2,1000,BM25,100,1000,1.0,1.0,1.0,1.0,1.0,1.0,1.0,0.002,1.0,0.003992015968063872,0.002
89,_,2,1000,Qwen/Qwen3-Reranker-4B,100,1000,1.0,1.0,1.0,1.0,1.0,1.0,1.0,0.002,1.0,0.003992015968063872,0.002
89,_,2,1000,exact_constraint_verifier,2,1000,1.0,1.0,1.0,1.0,1.0,1.0,1.0,0.002,1.0,0.003992015968063872,0.002
90,_,2,1000,BM25,100,1000,1.0,1.0,1.0,1.0,1.0,1.0,1.0,0.002,1.0,0.003992015968063872,0.002
90,_,2,1000,Qwen/Qwen3-Reranker-4B,100,1000,1.0,1.0,1.0,1.0,1.0,1.0,1.0,0.002,1.0,0.003992015968063872,0.002
90,_,2,1000,exact_constraint_verifier,2,1000,1.0,1.0,1.0,1.0,1.0,1.0,1.0,0.002,1.0,0.003992015968063872,0.002
91,_,2,1000,BM25,100,1000,0.0,0.0,0.0,0.0,0.0,0.0,0.0,0.0,0.0,0.0,0.0
91,_,2,1000,Qwen/Qwen3-Reranker-4B,100,1000,0.0,0.0,0.0,0.0,0.0,0.0,0.0,0.0,0.0,0.0,0.0
91,_,2,1000,exact_constraint_verifier,0,1000,0.0,0.0,0.0,0.0,0.0,0.0,0.0,0.0,0.0,0.0,0.0
92,_,2,1000,BM25,100,1000,1.0,1.0,1.0,1.0,1.0,1.0,1.0,0.002,1.0,0.003992015968063872,0.002
92,_,2,1000,Qwen/Qwen3-Reranker-4B,100,1000,1.0,1.0,1.0,1.0,1.0,1.0,1.0,0.002,1.0,0.003992015968063872,0.002
92,_,2,1000,exact_constraint_verifier,2,1000,1.0,1.0,1.0,1.0,1.0,1.0,1.0,0.002,1.0,0.003992015968063872,0.002
93,_,2,1000,BM25,100,1000,1.0,1.0,1.0,1.0,1.0,1.0,1.0,0.002,1.0,0.003992015968063872,0.002
93,_,2,1000,Qwen/Qwen3-Reranker-4B,100,1000,1.0,1.0,1.0,1.0,1.0,1.0,1.0,0.002,1.0,0.003992015968063872,0.002
93,_,2,1000,exact_constraint_verifier,2,1000,1.0,1.0,1.0,1.0,1.0,1.0,1.0,0.002,1.0,0.003992015968063872,0.002
94,_,2,1000,BM25,100,1000,1.0,1.0,1.0,1.0,1.0,1.0,1.0,0.002,1.0,0.003992015968063872,0.002
94,_,2,1000,Qwen/Qwen3-Reranker-4B,100,1000,1.0,1.0,1.0,1.0,1.0,1.0,1.0,0.002,1.0,0.003992015968063872,0.002
94,_,2,1000,exact_constraint_verifier,2,1000,1.0,1.0,1.0,1.0,1.0,1.0,1.0,0.002,1.0,0.003992015968063872,0.002
95,_,2,1000,BM25,100,1000,1.0,1.0,1.0,1.0,1.0,1.0,1.0,0.002,1.0,0.003992015968063872,0.002
95,_,2,1000,Qwen/Qwen3-Reranker-4B,100,1000,1.0,1.0,1.0,1.0,1.0,1.0,1.0,0.002,1.0,0.003992015968063872,0.002
95,_,2,1000,exact_constraint_verifier,2,1000,1.0,1.0,1.0,1.0,1.0,1.0,1.0,0.002,1.0,0.003992015968063872,0.002
96,_,2,1000,BM25,100,1000,1.0,1.0,1.0,1.0,1.0,1.0,1.0,0.002,1.0,0.003992015968063872,0.002
96,_,2,1000,Qwen/Qwen3-Reranker-4B,100,1000,1.0,1.0,1.0,1.0,1.0,1.0,1.0,0.002,1.0,0.003992015968063872,0.002
96,_,2,1000,exact_constraint_verifier,2,1000,1.0,1.0,1.0,1.0,1.0,1.0,1.0,0.002,1.0,0.003992015968063872,0.002
97,_,2,1000,BM25,100,1000,1.0,1.0,1.0,1.0,1.0,1.0,1.0,0.002,1.0,0.003992015968063872,0.002
97,_,2,1000,Qwen/Qwen3-Reranker-4B,100,1000,1.0,1.0,1.0,1.0,1.0,1.0,1.0,0.002,1.0,0.003992015968063872,0.002
97,_,2,1000,exact_constraint_verifier,2,1000,1.0,1.0,1.0,1.0,1.0,1.0,1.0,0.002,1.0,0.003992015968063872,0.002
98,_,2,1000,BM25,100,1000,1.0,1.0,1.0,1.0,1.0,1.0,1.0,0.002,1.0,0.003992015968063872,0.002
98,_,2,1000,Qwen/Qwen3-Reranker-4B,100,1000,1.0,1.0,1.0,1.0,1.0,1.0,1.0,0.002,1.0,0.003992015968063872,0.002
98,_,2,1000,exact_constraint_verifier,2,1000,1.0,1.0,1.0,1.0,1.0,1.0,1.0,0.002,1.0,0.003992015968063872,0.002
99,_,2,1000,BM25,100,1000,1.0,1.0,1.0,1.0,1.0,1.0,1.0,0.002,1.0,0.003992015968063872,0.002
99,_,2,1000,Qwen/Qwen3-Reranker-4B,100,1000,1.0,1.0,1.0,1.0,1.0,1.0,1.0,0.002,1.0,0.003992015968063872,0.002
99,_,2,1000,exact_constraint_verifier,2,1000,1.0,1.0,1.0,1.0,1.0,1.0,1.0,0.002,1.0,0.003992015968063872,0.002
100,_ or _,4,1000,BM25,100,1000,1.0,1.0,1.0,1.0,1.0,1.0,1.0,0.004,1.0,0.00796812749003984,0.004
100,_ or _,4,1000,Qwen/Qwen3-Reranker-4B,100,1000,1.0,1.0,1.0,1.0,1.0,1.0,1.0,0.004,1.0,0.00796812749003984,0.004
100,_ or _,4,1000,exact_constraint_verifier,4,1000,1.0,1.0,1.0,1.0,1.0,1.0,1.0,0.004,1.0,0.00796812749003984,0.004
101,_ or _,4,1000,BM25,100,1000,1.0,1.0,1.0,1.0,0.9828920819566879,0.9828920819566879,0.9828920819566879,0.004,1.0,0.00796812749003984,0.004
101,_ or _,4,1000,Qwen/Qwen3-Reranker-4B,100,1000,1.0,1.0,1.0,1.0,1.0,1.0,1.0,0.004,1.0,0.00796812749003984,0.004
101,_ or _,4,1000,exact_constraint_verifier,4,1000,1.0,1.0,1.0,1.0,1.0,1.0,1.0,0.004,1.0,0.00796812749003984,0.004
102,_ or _,4,1000,BM25,100,1000,0.75,1.0,1.0,1.0,0.787702056960637,0.9108532513310018,0.9108532513310018,0.004,1.0,0.00796812749003984,0.004
102,_ or _,4,1000,Qwen/Qwen3-Reranker-4B,100,1000,1.0,1.0,1.0,1.0,1.0,1.0,1.0,0.004,1.0,0.00796812749003984,0.004
102,_ or _,4,1000,exact_constraint_verifier,4,1000,1.0,1.0,1.0,1.0,1.0,1.0,1.0,0.004,1.0,0.00796812749003984,0.004
103,_ or _,4,1000,BM25,100,1000,1.0,1.0,1.0,1.0,1.0,1.0,1.0,0.004,1.0,0.00796812749003984,0.004
103,_ or _,4,1000,Qwen/Qwen3-Reranker-4B,100,1000,1.0,1.0,1.0,1.0,1.0,1.0,1.0,0.004,1.0,0.00796812749003984,0.004
103,_ or _,4,1000,exact_constraint_verifier,4,1000,1.0,1.0,1.0,1.0,1.0,1.0,1.0,0.004,1.0,0.00796812749003984,0.004
104,_ or _,3,1000,BM25,100,1000,1.0,1.0,1.0,1.0,1.0,1.0,1.0,0.003,1.0,0.005982053838484547,0.003
104,_ or _,3,1000,Qwen/Qwen3-Reranker-4B,100,1000,1.0,1.0,1.0,1.0,1.0,1.0,1.0,0.003,1.0,0.005982053838484547,0.003
104,_ or _,3,1000,exact_constraint_verifier,3,1000,1.0,1.0,1.0,1.0,1.0,1.0,1.0,0.003,1.0,0.005982053838484547,0.003
105,_ or _,4,1000,BM25,100,1000,1.0,1.0,1.0,1.0,1.0,1.0,1.0,0.004,1.0,0.00796812749003984,0.004
105,_ or _,4,1000,Qwen/Qwen3-Reranker-4B,100,1000,1.0,1.0,1.0,1.0,1.0,1.0,1.0,0.004,1.0,0.00796812749003984,0.004
105,_ or _,4,1000,exact_constraint_verifier,4,1000,1.0,1.0,1.0,1.0,1.0,1.0,1.0,0.004,1.0,0.00796812749003984,0.004
106,_ or _,4,1000,BM25,100,1000,1.0,1.0,1.0,1.0,1.0,1.0,1.0,0.004,1.0,0.00796812749003984,0.004
106,_ or _,4,1000,Qwen/Qwen3-Reranker-4B,100,1000,1.0,1.0,1.0,1.0,1.0,1.0,1.0,0.004,1.0,0.00796812749003984,0.004
106,_ or _,4,1000,exact_constraint_verifier,4,1000,1.0,1.0,1.0,1.0,1.0,1.0,1.0,0.004,1.0,0.00796812749003984,0.004
107,_ or _,4,1000,BM25,100,1000,1.0,1.0,1.0,1.0,0.9558295932317544,0.9558295932317544,0.9558295932317544,0.004,1.0,0.00796812749003984,0.004
107,_ or _,4,1000,Qwen/Qwen3-Reranker-4B,100,1000,0.75,1.0,1.0,1.0,0.8048099750039491,0.9349366583346496,0.9349366583346496,0.004,1.0,0.00796812749003984,0.004
107,_ or _,4,1000,exact_constraint_verifier,4,1000,1.0,1.0,1.0,1.0,1.0,1.0,1.0,0.004,1.0,0.00796812749003984,0.004
108,_ or _,4,1000,BM25,100,1000,1.0,1.0,1.0,1.0,1.0,1.0,1.0,0.004,1.0,0.00796812749003984,0.004
108,_ or _,4,1000,Qwen/Qwen3-Reranker-4B,100,1000,1.0,1.0,1.0,1.0,1.0,1.0,1.0,0.004,1.0,0.00796812749003984,0.004
108,_ or _,4,1000,exact_constraint_verifier,4,1000,1.0,1.0,1.0,1.0,1.0,1.0,1.0,0.004,1.0,0.00796812749003984,0.004
109,_ or _,4,1000,BM25,100,1000,0.5,0.5,0.75,0.75,0.6366824387328317,0.6366824387328317,0.7030437743971553,0.004,1.0,0.00796812749003984,0.004
109,_ or _,4,1000,Qwen/Qwen3-Reranker-4B,100,1000,0.75,1.0,1.0,1.0,0.8318724637288826,0.9317933702500178,0.9317933702500178,0.004,1.0,0.00796812749003984,0.004
109,_ or _,4,1000,exact_constraint_verifier,4,1000,1.0,1.0,1.0,1.0,1.0,1.0,1.0,0.004,1.0,0.00796812749003984,0.004
110,_ or _,4,1000,BM25,100,1000,1.0,1.0,1.0,1.0,1.0,1.0,1.0,0.004,1.0,0.00796812749003984,0.004
110,_ or _,4,1000,Qwen/Qwen3-Reranker-4B,100,1000,1.0,1.0,1.0,1.0,1.0,1.0,1.0,0.004,1.0,0.00796812749003984,0.004
110,_ or _,4,1000,exact_constraint_verifier,4,1000,1.0,1.0,1.0,1.0,1.0,1.0,1.0,0.004,1.0,0.00796812749003984,0.004
111,_ or _,4,1000,BM25,100,1000,1.0,1.0,1.0,1.0,1.0,1.0,1.0,0.004,1.0,0.00796812749003984,0.004
111,_ or _,4,1000,Qwen/Qwen3-Reranker-4B,100,1000,1.0,1.0,1.0,1.0,1.0,1.0,1.0,0.004,1.0,0.00796812749003984,0.004
111,_ or _,4,1000,exact_constraint_verifier,4,1000,1.0,1.0,1.0,1.0,1.0,1.0,1.0,0.004,1.0,0.00796812749003984,0.004
112,_ or _,4,1000,BM25,100,1000,1.0,1.0,1.0,1.0,1.0,1.0,1.0,0.004,1.0,0.00796812749003984,0.004
112,_ or _,4,1000,Qwen/Qwen3-Reranker-4B,100,1000,1.0,1.0,1.0,1.0,1.0,1.0,1.0,0.004,1.0,0.00796812749003984,0.004
112,_ or _,4,1000,exact_constraint_verifier,4,1000,1.0,1.0,1.0,1.0,1.0,1.0,1.0,0.004,1.0,0.00796812749003984,0.004
113,_ or _,3,1000,BM25,100,1000,1.0,1.0,1.0,1.0,1.0,1.0,1.0,0.003,1.0,0.005982053838484547,0.003
113,_ or _,3,1000,Qwen/Qwen3-Reranker-4B,100,1000,1.0,1.0,1.0,1.0,1.0,1.0,1.0,0.003,1.0,0.005982053838484547,0.003
113,_ or _,3,1000,exact_constraint_verifier,3,1000,1.0,1.0,1.0,1.0,1.0,1.0,1.0,0.003,1.0,0.005982053838484547,0.003
114,_ or _,4,1000,BM25,100,1000,1.0,1.0,1.0,1.0,1.0,1.0,1.0,0.004,1.0,0.00796812749003984,0.004
114,_ or _,4,1000,Qwen/Qwen3-Reranker-4B,100,1000,1.0,1.0,1.0,1.0,1.0,1.0,1.0,0.004,1.0,0.00796812749003984,0.004
114,_ or _,4,1000,exact_constraint_verifier,4,1000,1.0,1.0,1.0,1.0,1.0,1.0,1.0,0.004,1.0,0.00796812749003984,0.004
115,_ or _,4,1000,BM25,100,1000,1.0,1.0,1.0,1.0,1.0,1.0,1.0,0.004,1.0,0.00796812749003984,0.004
115,_ or _,4,1000,Qwen/Qwen3-Reranker-4B,100,1000,1.0,1.0,1.0,1.0,1.0,1.0,1.0,0.004,1.0,0.00796812749003984,0.004
115,_ or _,4,1000,exact_constraint_verifier,4,1000,1.0,1.0,1.0,1.0,1.0,1.0,1.0,0.004,1.0,0.00796812749003984,0.004
116,_ or _,4,1000,BM25,100,1000,1.0,1.0,1.0,1.0,1.0,1.0,1.0,0.004,1.0,0.00796812749003984,0.004
116,_ or _,4,1000,Qwen/Qwen3-Reranker-4B,100,1000,1.0,1.0,1.0,1.0,1.0,1.0,1.0,0.004,1.0,0.00796812749003984,0.004
116,_ or _,4,1000,exact_constraint_verifier,4,1000,1.0,1.0,1.0,1.0,1.0,1.0,1.0,0.004,1.0,0.00796812749003984,0.004
117,_ or _,4,1000,BM25,100,1000,1.0,1.0,1.0,1.0,1.0,1.0,1.0,0.004,1.0,0.00796812749003984,0.004
117,_ or _,4,1000,Qwen/Qwen3-Reranker-4B,100,1000,1.0,1.0,1.0,1.0,1.0,1.0,1.0,0.004,1.0,0.00796812749003984,0.004
117,_ or _,4,1000,exact_constraint_verifier,4,1000,1.0,1.0,1.0,1.0,1.0,1.0,1.0,0.004,1.0,0.00796812749003984,0.004
118,_ or _,4,1000,BM25,100,1000,0.75,1.0,1.0,1.0,0.592512031964586,0.7315682114753617,0.7315682114753617,0.004,1.0,0.00796812749003984,0.004
118,_ or _,4,1000,Qwen/Qwen3-Reranker-4B,100,1000,1.0,1.0,1.0,1.0,1.0,1.0,1.0,0.004,1.0,0.00796812749003984,0.004
118,_ or _,4,1000,exact_constraint_verifier,4,1000,1.0,1.0,1.0,1.0,1.0,1.0,1.0,0.004,1.0,0.00796812749003984,0.004
119,_ or _,4,1000,BM25,100,1000,0.75,0.75,1.0,1.0,0.8318724637288826,0.8318724637288826,0.8955634450252038,0.004,1.0,0.00796812749003984,0.004
119,_ or _,4,1000,Qwen/Qwen3-Reranker-4B,100,1000,1.0,1.0,1.0,1.0,1.0,1.0,1.0,0.004,1.0,0.00796812749003984,0.004
119,_ or _,4,1000,exact_constraint_verifier,4,1000,1.0,1.0,1.0,1.0,1.0,1.0,1.0,0.004,1.0,0.00796812749003984,0.004
120,_ or _,4,1000,BM25,100,1000,1.0,1.0,1.0,1.0,1.0,1.0,1.0,0.004,1.0,0.00796812749003984,0.004
120,_ or _,4,1000,Qwen/Qwen3-Reranker-4B,100,1000,1.0,1.0,1.0,1.0,1.0,1.0,1.0,0.004,1.0,0.00796812749003984,0.004
120,_ or _,4,1000,exact_constraint_verifier,4,1000,1.0,1.0,1.0,1.0,1.0,1.0,1.0,0.004,1.0,0.00796812749003984,0.004
121,_ or _,4,1000,BM25,100,1000,1.0,1.0,1.0,1.0,0.9558295932317544,0.9558295932317544,0.9558295932317544,0.004,1.0,0.00796812749003984,0.004
121,_ or _,4,1000,Qwen/Qwen3-Reranker-4B,100,1000,1.0,1.0,1.0,1.0,1.0,1.0,1.0,0.004,1.0,0.00796812749003984,0.004
121,_ or _,4,1000,exact_constraint_verifier,4,1000,1.0,1.0,1.0,1.0,1.0,1.0,1.0,0.004,1.0,0.00796812749003984,0.004
122,_ or _,4,1000,BM25,100,1000,1.0,1.0,1.0,1.0,1.0,1.0,1.0,0.004,1.0,0.00796812749003984,0.004
122,_ or _,4,1000,Qwen/Qwen3-Reranker-4B,100,1000,1.0,1.0,1.0,1.0,1.0,1.0,1.0,0.004,1.0,0.00796812749003984,0.004
122,_ or _,4,1000,exact_constraint_verifier,4,1000,1.0,1.0,1.0,1.0,1.0,1.0,1.0,0.004,1.0,0.00796812749003984,0.004
123,_ or _,4,1000,BM25,100,1000,1.0,1.0,1.0,1.0,1.0,1.0,1.0,0.004,1.0,0.00796812749003984,0.004
123,_ or _,4,1000,Qwen/Qwen3-Reranker-4B,100,1000,1.0,1.0,1.0,1.0,1.0,1.0,1.0,0.004,1.0,0.00796812749003984,0.004
123,_ or _,4,1000,exact_constraint_verifier,4,1000,1.0,1.0,1.0,1.0,1.0,1.0,1.0,0.004,1.0,0.00796812749003984,0.004
124,_ or _,4,1000,BM25,100,1000,1.0,1.0,1.0,1.0,1.0,1.0,1.0,0.004,1.0,0.00796812749003984,0.004
124,_ or _,4,1000,Qwen/Qwen3-Reranker-4B,100,1000,1.0,1.0,1.0,1.0,1.0,1.0,1.0,0.004,1.0,0.00796812749003984,0.004
124,_ or _,4,1000,exact_constraint_verifier,4,1000,1.0,1.0,1.0,1.0,1.0,1.0,1.0,0.004,1.0,0.00796812749003984,0.004
125,_ or _,4,1000,BM25,100,1000,1.0,1.0,1.0,1.0,1.0,1.0,1.0,0.004,1.0,0.00796812749003984,0.004
125,_ or _,4,1000,Qwen/Qwen3-Reranker-4B,100,1000,1.0,1.0,1.0,1.0,1.0,1.0,1.0,0.004,1.0,0.00796812749003984,0.004
125,_ or _,4,1000,exact_constraint_verifier,4,1000,1.0,1.0,1.0,1.0,1.0,1.0,1.0,0.004,1.0,0.00796812749003984,0.004
126,_ or _,4,1000,BM25,100,1000,1.0,1.0,1.0,1.0,1.0,1.0,1.0,0.004,1.0,0.00796812749003984,0.004
126,_ or _,4,1000,Qwen/Qwen3-Reranker-4B,100,1000,0.5,0.75,1.0,1.0,0.6366824387328317,0.7668091220635322,0.8326323119592628,0.004,1.0,0.00796812749003984,0.004
126,_ or _,4,1000,exact_constraint_verifier,4,1000,1.0,1.0,1.0,1.0,1.0,1.0,1.0,0.004,1.0,0.00796812749003984,0.004
127,_ or _,4,1000,BM25,100,1000,1.0,1.0,1.0,1.0,1.0,1.0,1.0,0.004,1.0,0.00796812749003984,0.004
127,_ or _,4,1000,Qwen/Qwen3-Reranker-4B,100,1000,1.0,1.0,1.0,1.0,1.0,1.0,1.0,0.004,1.0,0.00796812749003984,0.004
127,_ or _,4,1000,exact_constraint_verifier,4,1000,1.0,1.0,1.0,1.0,1.0,1.0,1.0,0.004,1.0,0.00796812749003984,0.004
128,_ or _,4,1000,BM25,100,1000,1.0,1.0,1.0,1.0,1.0,1.0,1.0,0.004,1.0,0.00796812749003984,0.004
128,_ or _,4,1000,Qwen/Qwen3-Reranker-4B,100,1000,1.0,1.0,1.0,1.0,1.0,1.0,1.0,0.004,1.0,0.00796812749003984,0.004
128,_ or _,4,1000,exact_constraint_verifier,4,1000,1.0,1.0,1.0,1.0,1.0,1.0,1.0,0.004,1.0,0.00796812749003984,0.004
129,_ or _,3,1000,BM25,100,1000,1.0,1.0,1.0,1.0,1.0,1.0,1.0,0.003,1.0,0.005982053838484547,0.003
129,_ or _,3,1000,Qwen/Qwen3-Reranker-4B,100,1000,1.0,1.0,1.0,1.0,1.0,1.0,1.0,0.003,1.0,0.005982053838484547,0.003
129,_ or _,3,1000,exact_constraint_verifier,3,1000,1.0,1.0,1.0,1.0,1.0,1.0,1.0,0.003,1.0,0.005982053838484547,0.003
130,_ or _,4,1000,BM25,100,1000,1.0,1.0,1.0,1.0,1.0,1.0,1.0,0.004,1.0,0.00796812749003984,0.004
130,_ or _,4,1000,Qwen/Qwen3-Reranker-4B,100,1000,1.0,1.0,1.0,1.0,1.0,1.0,1.0,0.004,1.0,0.00796812749003984,0.004
130,_ or _,4,1000,exact_constraint_verifier,4,1000,1.0,1.0,1.0,1.0,1.0,1.0,1.0,0.004,1.0,0.00796812749003984,0.004
131,_ or _,4,1000,BM25,100,1000,1.0,1.0,1.0,1.0,1.0,1.0,1.0,0.004,1.0,0.00796812749003984,0.004
131,_ or _,4,1000,Qwen/Qwen3-Reranker-4B,100,1000,1.0,1.0,1.0,1.0,1.0,1.0,1.0,0.004,1.0,0.00796812749003984,0.004
131,_ or _,4,1000,exact_constraint_verifier,4,1000,1.0,1.0,1.0,1.0,1.0,1.0,1.0,0.004,1.0,0.00796812749003984,0.004
132,_ or _,4,1000,BM25,100,1000,0.75,1.0,1.0,1.0,0.787702056960637,0.9178287402913374,0.9178287402913374,0.004,1.0,0.00796812749003984,0.004
132,_ or _,4,1000,Qwen/Qwen3-Reranker-4B,100,1000,1.0,1.0,1.0,1.0,0.9828920819566879,0.9828920819566879,0.9828920819566879,0.004,1.0,0.00796812749003984,0.004
132,_ or _,4,1000,exact_constraint_verifier,4,1000,1.0,1.0,1.0,1.0,1.0,1.0,1.0,0.004,1.0,0.00796812749003984,0.004
133,_ or _,4,1000,BM25,100,1000,1.0,1.0,1.0,1.0,1.0,1.0,1.0,0.004,1.0,0.00796812749003984,0.004
133,_ or _,4,1000,Qwen/Qwen3-Reranker-4B,100,1000,1.0,1.0,1.0,1.0,1.0,1.0,1.0,0.004,1.0,0.00796812749003984,0.004
133,_ or _,4,1000,exact_constraint_verifier,4,1000,1.0,1.0,1.0,1.0,1.0,1.0,1.0,0.004,1.0,0.00796812749003984,0.004
134,_ or _,4,1000,BM25,100,1000,0.5,0.5,0.75,0.75,0.6366824387328317,0.6366824387328317,0.6961023214920627,0.004,1.0,0.00796812749003984,0.004
134,_ or _,4,1000,Qwen/Qwen3-Reranker-4B,100,1000,1.0,1.0,1.0,1.0,0.9828920819566879,0.9828920819566879,0.9828920819566879,0.004,1.0,0.00796812749003984,0.004
134,_ or _,4,1000,exact_constraint_verifier,4,1000,1.0,1.0,1.0,1.0,1.0,1.0,1.0,0.004,1.0,0.00796812749003984,0.004
135,_ or _,4,1000,BM25,100,1000,1.0,1.0,1.0,1.0,1.0,1.0,1.0,0.004,1.0,0.00796812749003984,0.004
135,_ or _,4,1000,Qwen/Qwen3-Reranker-4B,100,1000,0.75,0.75,1.0,1.0,0.8318724637288826,0.8318724637288826,0.9092613514238334,0.004,1.0,0.00796812749003984,0.004
135,_ or _,4,1000,exact_constraint_verifier,4,1000,1.0,1.0,1.0,1.0,1.0,1.0,1.0,0.004,1.0,0.00796812749003984,0.004
136,_ or _,4,1000,BM25,100,1000,1.0,1.0,1.0,1.0,1.0,1.0,1.0,0.004,1.0,0.00796812749003984,0.004
136,_ or _,4,1000,Qwen/Qwen3-Reranker-4B,100,1000,1.0,1.0,1.0,1.0,1.0,1.0,1.0,0.004,1.0,0.00796812749003984,0.004
136,_ or _,4,1000,exact_constraint_verifier,4,1000,1.0,1.0,1.0,1.0,1.0,1.0,1.0,0.004,1.0,0.00796812749003984,0.004
137,_ or _,4,1000,BM25,100,1000,1.0,1.0,1.0,1.0,1.0,1.0,1.0,0.004,1.0,0.00796812749003984,0.004
137,_ or _,4,1000,Qwen/Qwen3-Reranker-4B,100,1000,1.0,1.0,1.0,1.0,1.0,1.0,1.0,0.004,1.0,0.00796812749003984,0.004
137,_ or _,4,1000,exact_constraint_verifier,4,1000,1.0,1.0,1.0,1.0,1.0,1.0,1.0,0.004,1.0,0.00796812749003984,0.004
138,_ or _,4,1000,BM25,100,1000,1.0,1.0,1.0,1.0,1.0,1.0,1.0,0.004,1.0,0.00796812749003984,0.004
138,_ or _,4,1000,Qwen/Qwen3-Reranker-4B,100,1000,1.0,1.0,1.0,1.0,1.0,1.0,1.0,0.004,1.0,0.00796812749003984,0.004
138,_ or _,4,1000,exact_constraint_verifier,4,1000,1.0,1.0,1.0,1.0,1.0,1.0,1.0,0.004,1.0,0.00796812749003984,0.004
139,_ or _,4,1000,BM25,100,1000,1.0,1.0,1.0,1.0,1.0,1.0,1.0,0.004,1.0,0.00796812749003984,0.004
139,_ or _,4,1000,Qwen/Qwen3-Reranker-4B,100,1000,1.0,1.0,1.0,1.0,1.0,1.0,1.0,0.004,1.0,0.00796812749003984,0.004
139,_ or _,4,1000,exact_constraint_verifier,4,1000,1.0,1.0,1.0,1.0,1.0,1.0,1.0,0.004,1.0,0.00796812749003984,0.004
140,_ or _,4,1000,BM25,100,1000,0.5,1.0,1.0,1.0,0.6366824387328317,0.867043684838194,0.867043684838194,0.004,1.0,0.00796812749003984,0.004
140,_ or _,4,1000,Qwen/Qwen3-Reranker-4B,100,1000,1.0,1.0,1.0,1.0,0.9828920819566879,0.9828920819566879,0.9828920819566879,0.004,1.0,0.00796812749003984,0.004
140,_ or _,4,1000,exact_constraint_verifier,4,1000,1.0,1.0,1.0,1.0,1.0,1.0,1.0,0.004,1.0,0.00796812749003984,0.004
141,_ or _,4,1000,BM25,100,1000,1.0,1.0,1.0,1.0,1.0,1.0,1.0,0.004,1.0,0.00796812749003984,0.004
141,_ or _,4,1000,Qwen/Qwen3-Reranker-4B,100,1000,1.0,1.0,1.0,1.0,1.0,1.0,1.0,0.004,1.0,0.00796812749003984,0.004
141,_ or _,4,1000,exact_constraint_verifier,4,1000,1.0,1.0,1.0,1.0,1.0,1.0,1.0,0.004,1.0,0.00796812749003984,0.004
142,_ or _,4,1000,BM25,100,1000,1.0,1.0,1.0,1.0,1.0,1.0,1.0,0.004,1.0,0.00796812749003984,0.004
142,_ or _,4,1000,Qwen/Qwen3-Reranker-4B,100,1000,1.0,1.0,1.0,1.0,1.0,1.0,1.0,0.004,1.0,0.00796812749003984,0.004
142,_ or _,4,1000,exact_constraint_verifier,4,1000,1.0,1.0,1.0,1.0,1.0,1.0,1.0,0.004,1.0,0.00796812749003984,0.004
143,_ or _,4,1000,BM25,100,1000,1.0,1.0,1.0,1.0,1.0,1.0,1.0,0.004,1.0,0.00796812749003984,0.004
143,_ or _,4,1000,Qwen/Qwen3-Reranker-4B,100,1000,1.0,1.0,1.0,1.0,1.0,1.0,1.0,0.004,1.0,0.00796812749003984,0.004
143,_ or _,4,1000,exact_constraint_verifier,4,1000,1.0,1.0,1.0,1.0,1.0,1.0,1.0,0.004,1.0,0.00796812749003984,0.004
144,_ or _,4,1000,BM25,100,1000,1.0,1.0,1.0,1.0,1.0,1.0,1.0,0.004,1.0,0.00796812749003984,0.004
144,_ or _,4,1000,Qwen/Qwen3-Reranker-4B,100,1000,1.0,1.0,1.0,1.0,1.0,1.0,1.0,0.004,1.0,0.00796812749003984,0.004
144,_ or _,4,1000,exact_constraint_verifier,4,1000,1.0,1.0,1.0,1.0,1.0,1.0,1.0,0.004,1.0,0.00796812749003984,0.004
145,_ or _,4,1000,BM25,100,1000,1.0,1.0,1.0,1.0,1.0,1.0,1.0,0.004,1.0,0.00796812749003984,0.004
145,_ or _,4,1000,Qwen/Qwen3-Reranker-4B,100,1000,1.0,1.0,1.0,1.0,1.0,1.0,1.0,0.004,1.0,0.00796812749003984,0.004
145,_ or _,4,1000,exact_constraint_verifier,4,1000,1.0,1.0,1.0,1.0,1.0,1.0,1.0,0.004,1.0,0.00796812749003984,0.004
146,_ or _,4,1000,BM25,100,1000,1.0,1.0,1.0,1.0,0.9828920819566879,0.9828920819566879,0.9828920819566879,0.004,1.0,0.00796812749003984,0.004
146,_ or _,4,1000,Qwen/Qwen3-Reranker-4B,100,1000,1.0,1.0,1.0,1.0,1.0,1.0,1.0,0.004,1.0,0.00796812749003984,0.004
146,_ or _,4,1000,exact_constraint_verifier,4,1000,1.0,1.0,1.0,1.0,1.0,1.0,1.0,0.004,1.0,0.00796812749003984,0.004
147,_ or _,4,1000,BM25,100,1000,1.0,1.0,1.0,1.0,1.0,1.0,1.0,0.004,1.0,0.00796812749003984,0.004
147,_ or _,4,1000,Qwen/Qwen3-Reranker-4B,100,1000,1.0,1.0,1.0,1.0,1.0,1.0,1.0,0.004,1.0,0.00796812749003984,0.004
147,_ or _,4,1000,exact_constraint_verifier,4,1000,1.0,1.0,1.0,1.0,1.0,1.0,1.0,0.004,1.0,0.00796812749003984,0.004
148,_ or _,4,1000,BM25,100,1000,1.0,1.0,1.0,1.0,1.0,1.0,1.0,0.004,1.0,0.00796812749003984,0.004
148,_ or _,4,1000,Qwen/Qwen3-Reranker-4B,100,1000,1.0,1.0,1.0,1.0,1.0,1.0,1.0,0.004,1.0,0.00796812749003984,0.004
148,_ or _,4,1000,exact_constraint_verifier,4,1000,1.0,1.0,1.0,1.0,1.0,1.0,1.0,0.004,1.0,0.00796812749003984,0.004
149,_ or _,4,1000,BM25,100,1000,1.0,1.0,1.0,1.0,1.0,1.0,1.0,0.004,1.0,0.00796812749003984,0.004
149,_ or _,4,1000,Qwen/Qwen3-Reranker-4B,100,1000,1.0,1.0,1.0,1.0,1.0,1.0,1.0,0.004,1.0,0.00796812749003984,0.004
149,_ or _,4,1000,exact_constraint_verifier,4,1000,1.0,1.0,1.0,1.0,1.0,1.0,1.0,0.004,1.0,0.00796812749003984,0.004
150,_ or _,4,1000,BM25,100,1000,1.0,1.0,1.0,1.0,1.0,1.0,1.0,0.004,1.0,0.00796812749003984,0.004
150,_ or _,4,1000,Qwen/Qwen3-Reranker-4B,100,1000,1.0,1.0,1.0,1.0,1.0,1.0,1.0,0.004,1.0,0.00796812749003984,0.004
150,_ or _,4,1000,exact_constraint_verifier,4,1000,1.0,1.0,1.0,1.0,1.0,1.0,1.0,0.004,1.0,0.00796812749003984,0.004
151,_ or _,4,1000,BM25,100,1000,1.0,1.0,1.0,1.0,0.7606395682357036,0.7606395682357036,0.7606395682357036,0.004,1.0,0.00796812749003984,0.004
151,_ or _,4,1000,Qwen/Qwen3-Reranker-4B,100,1000,1.0,1.0,1.0,1.0,1.0,1.0,1.0,0.004,1.0,0.00796812749003984,0.004
151,_ or _,4,1000,exact_constraint_verifier,4,1000,1.0,1.0,1.0,1.0,1.0,1.0,1.0,0.004,1.0,0.00796812749003984,0.004
152,_ or _,4,1000,BM25,100,1000,1.0,1.0,1.0,1.0,1.0,1.0,1.0,0.004,1.0,0.00796812749003984,0.004
152,_ or _,4,1000,Qwen/Qwen3-Reranker-4B,100,1000,1.0,1.0,1.0,1.0,0.9828920819566879,0.9828920819566879,0.9828920819566879,0.004,1.0,0.00796812749003984,0.004
152,_ or _,4,1000,exact_constraint_verifier,4,1000,1.0,1.0,1.0,1.0,1.0,1.0,1.0,0.004,1.0,0.00796812749003984,0.004
153,_ or _,4,1000,BM25,100,1000,0.75,0.75,1.0,1.0,0.5143371794949736,0.5143371794949736,0.5862798633925516,0.004,1.0,0.00796812749003984,0.004
153,_ or _,4,1000,Qwen/Qwen3-Reranker-4B,100,1000,0.75,1.0,1.0,1.0,0.8318724637288826,0.961999147059583,0.961999147059583,0.004,1.0,0.00796812749003984,0.004
153,_ or _,4,1000,exact_constraint_verifier,4,1000,1.0,1.0,1.0,1.0,1.0,1.0,1.0,0.004,1.0,0.00796812749003984,0.004
154,_ or _,4,1000,BM25,100,1000,1.0,1.0,1.0,1.0,1.0,1.0,1.0,0.004,1.0,0.00796812749003984,0.004
154,_ or _,4,1000,Qwen/Qwen3-Reranker-4B,100,1000,1.0,1.0,1.0,1.0,1.0,1.0,1.0,0.004,1.0,0.00796812749003984,0.004
154,_ or _,4,1000,exact_constraint_verifier,4,1000,1.0,1.0,1.0,1.0,1.0,1.0,1.0,0.004,1.0,0.00796812749003984,0.004
155,_ or _,4,1000,BM25,100,1000,0.5,0.75,0.75,0.75,0.6366824387328317,0.7455761998010638,0.7455761998010638,0.004,1.0,0.00796812749003984,0.004
155,_ or _,4,1000,Qwen/Qwen3-Reranker-4B,100,1000,1.0,1.0,1.0,1.0,1.0,1.0,1.0,0.004,1.0,0.00796812749003984,0.004
155,_ or _,4,1000,exact_constraint_verifier,4,1000,1.0,1.0,1.0,1.0,1.0,1.0,1.0,0.004,1.0,0.00796812749003984,0.004
156,_ or _,4,1000,BM25,100,1000,0.5,1.0,1.0,1.0,0.6366824387328317,0.8520607186999889,0.8520607186999889,0.004,1.0,0.00796812749003984,0.004
156,_ or _,4,1000,Qwen/Qwen3-Reranker-4B,100,1000,0.25,1.0,1.0,1.0,0.19519002499605084,0.5510010413153383,0.5510010413153383,0.004,1.0,0.00796812749003984,0.004
156,_ or _,4,1000,exact_constraint_verifier,4,1000,1.0,1.0,1.0,1.0,1.0,1.0,1.0,0.004,1.0,0.00796812749003984,0.004
157,_ or _,4,1000,BM25,100,1000,1.0,1.0,1.0,1.0,1.0,1.0,1.0,0.004,1.0,0.00796812749003984,0.004
157,_ or _,4,1000,Qwen/Qwen3-Reranker-4B,100,1000,1.0,1.0,1.0,1.0,1.0,1.0,1.0,0.004,1.0,0.00796812749003984,0.004
157,_ or _,4,1000,exact_constraint_verifier,4,1000,1.0,1.0,1.0,1.0,1.0,1.0,1.0,0.004,1.0,0.00796812749003984,0.004
158,_ or _,4,1000,BM25,100,1000,1.0,1.0,1.0,1.0,1.0,1.0,1.0,0.004,1.0,0.00796812749003984,0.004
158,_ or _,4,1000,Qwen/Qwen3-Reranker-4B,100,1000,1.0,1.0,1.0,1.0,1.0,1.0,1.0,0.004,1.0,0.00796812749003984,0.004
158,_ or _,4,1000,exact_constraint_verifier,4,1000,1.0,1.0,1.0,1.0,1.0,1.0,1.0,0.004,1.0,0.00796812749003984,0.004
159,_ or _,4,1000,BM25,100,1000,1.0,1.0,1.0,1.0,1.0,1.0,1.0,0.004,1.0,0.00796812749003984,0.004
159,_ or _,4,1000,Qwen/Qwen3-Reranker-4B,100,1000,1.0,1.0,1.0,1.0,1.0,1.0,1.0,0.004,1.0,0.00796812749003984,0.004
159,_ or _,4,1000,exact_constraint_verifier,4,1000,1.0,1.0,1.0,1.0,1.0,1.0,1.0,0.004,1.0,0.00796812749003984,0.004
160,_ or _,4,1000,BM25,100,1000,0.0,0.0,0.0,0.0,0.0,0.0,0.0,0.004,1.0,0.00796812749003984,0.004
160,_ or _,4,1000,Qwen/Qwen3-Reranker-4B,100,1000,0.75,0.75,1.0,1.0,0.8318724637288826,0.8318724637288826,0.9079805764421901,0.004,1.0,0.00796812749003984,0.004
160,_ or _,4,1000,exact_constraint_verifier,4,1000,1.0,1.0,1.0,1.0,1.0,1.0,1.0,0.004,1.0,0.00796812749003984,0.004
161,_ or _,4,1000,BM25,100,1000,1.0,1.0,1.0,1.0,1.0,1.0,1.0,0.004,1.0,0.00796812749003984,0.004
161,_ or _,4,1000,Qwen/Qwen3-Reranker-4B,100,1000,1.0,1.0,1.0,1.0,1.0,1.0,1.0,0.004,1.0,0.00796812749003984,0.004
161,_ or _,4,1000,exact_constraint_verifier,4,1000,1.0,1.0,1.0,1.0,1.0,1.0,1.0,0.004,1.0,0.00796812749003984,0.004
162,_ or _,4,1000,BM25,100,1000,1.0,1.0,1.0,1.0,1.0,1.0,1.0,0.004,1.0,0.00796812749003984,0.004
162,_ or _,4,1000,Qwen/Qwen3-Reranker-4B,100,1000,1.0,1.0,1.0,1.0,1.0,1.0,1.0,0.004,1.0,0.00796812749003984,0.004
162,_ or _,4,1000,exact_constraint_verifier,4,1000,1.0,1.0,1.0,1.0,1.0,1.0,1.0,0.004,1.0,0.00796812749003984,0.004
163,_ or _,4,1000,BM25,100,1000,1.0,1.0,1.0,1.0,1.0,1.0,1.0,0.004,1.0,0.00796812749003984,0.004
163,_ or _,4,1000,Qwen/Qwen3-Reranker-4B,100,1000,1.0,1.0,1.0,1.0,1.0,1.0,1.0,0.004,1.0,0.00796812749003984,0.004
163,_ or _,4,1000,exact_constraint_verifier,4,1000,1.0,1.0,1.0,1.0,1.0,1.0,1.0,0.004,1.0,0.00796812749003984,0.004
164,_ or _,4,1000,BM25,100,1000,0.75,1.0,1.0,1.0,0.8048099750039491,0.9438661545147247,0.9438661545147247,0.004,1.0,0.00796812749003984,0.004
164,_ or _,4,1000,Qwen/Qwen3-Reranker-4B,100,1000,1.0,1.0,1.0,1.0,1.0,1.0,1.0,0.004,1.0,0.00796812749003984,0.004
164,_ or _,4,1000,exact_constraint_verifier,4,1000,1.0,1.0,1.0,1.0,1.0,1.0,1.0,0.004,1.0,0.00796812749003984,0.004
165,_ or _,4,1000,BM25,100,1000,1.0,1.0,1.0,1.0,1.0,1.0,1.0,0.004,1.0,0.00796812749003984,0.004
165,_ or _,4,1000,Qwen/Qwen3-Reranker-4B,100,1000,1.0,1.0,1.0,1.0,1.0,1.0,1.0,0.004,1.0,0.00796812749003984,0.004
165,_ or _,4,1000,exact_constraint_verifier,4,1000,1.0,1.0,1.0,1.0,1.0,1.0,1.0,0.004,1.0,0.00796812749003984,0.004
166,_ or _,4,1000,BM25,100,1000,1.0,1.0,1.0,1.0,1.0,1.0,1.0,0.004,1.0,0.00796812749003984,0.004
166,_ or _,4,1000,Qwen/Qwen3-Reranker-4B,100,1000,1.0,1.0,1.0,1.0,1.0,1.0,1.0,0.004,1.0,0.00796812749003984,0.004
166,_ or _,4,1000,exact_constraint_verifier,4,1000,1.0,1.0,1.0,1.0,1.0,1.0,1.0,0.004,1.0,0.00796812749003984,0.004
167,_ or _,4,1000,BM25,100,1000,1.0,1.0,1.0,1.0,1.0,1.0,1.0,0.004,1.0,0.00796812749003984,0.004
167,_ or _,4,1000,Qwen/Qwen3-Reranker-4B,100,1000,1.0,1.0,1.0,1.0,1.0,1.0,1.0,0.004,1.0,0.00796812749003984,0.004
167,_ or _,4,1000,exact_constraint_verifier,4,1000,1.0,1.0,1.0,1.0,1.0,1.0,1.0,0.004,1.0,0.00796812749003984,0.004
168,_ or _,4,1000,BM25,100,1000,0.75,0.75,0.75,0.75,0.787702056960637,0.787702056960637,0.787702056960637,0.004,1.0,0.00796812749003984,0.004
168,_ or _,4,1000,Qwen/Qwen3-Reranker-4B,100,1000,0.75,1.0,1.0,1.0,0.8048099750039491,0.9438661545147247,0.9438661545147247,0.004,1.0,0.00796812749003984,0.004
168,_ or _,4,1000,exact_constraint_verifier,4,1000,1.0,1.0,1.0,1.0,1.0,1.0,1.0,0.004,1.0,0.00796812749003984,0.004
169,_ or _,4,1000,BM25,100,1000,1.0,1.0,1.0,1.0,1.0,1.0,1.0,0.004,1.0,0.00796812749003984,0.004
169,_ or _,4,1000,Qwen/Qwen3-Reranker-4B,100,1000,1.0,1.0,1.0,1.0,1.0,1.0,1.0,0.004,1.0,0.00796812749003984,0.004
169,_ or _,4,1000,exact_constraint_verifier,4,1000,1.0,1.0,1.0,1.0,1.0,1.0,1.0,0.004,1.0,0.00796812749003984,0.004
170,_ or _,4,1000,BM25,100,1000,0.5,0.5,0.5,0.5,0.6366824387328317,0.6366824387328317,0.6366824387328317,0.004,1.0,0.00796812749003984,0.004
170,_ or _,4,1000,Qwen/Qwen3-Reranker-4B,100,1000,1.0,1.0,1.0,1.0,1.0,1.0,1.0,0.004,1.0,0.00796812749003984,0.004
170,_ or _,4,1000,exact_constraint_verifier,4,1000,1.0,1.0,1.0,1.0,1.0,1.0,1.0,0.004,1.0,0.00796812749003984,0.004
171,_ or _,4,1000,BM25,100,1000,1.0,1.0,1.0,1.0,1.0,1.0,1.0,0.004,1.0,0.00796812749003984,0.004
171,_ or _,4,1000,Qwen/Qwen3-Reranker-4B,100,1000,1.0,1.0,1.0,1.0,1.0,1.0,1.0,0.004,1.0,0.00796812749003984,0.004
171,_ or _,4,1000,exact_constraint_verifier,4,1000,1.0,1.0,1.0,1.0,1.0,1.0,1.0,0.004,1.0,0.00796812749003984,0.004
172,_ or _,4,1000,BM25,100,1000,0.0,0.25,0.5,0.5,0.0,0.09992090652113537,0.17186359041871338,0.002,0.5,0.00398406374501992,0.001996007984031936
172,_ or _,4,1000,Qwen/Qwen3-Reranker-4B,100,1000,0.5,0.5,0.5,0.5,0.6366824387328317,0.6366824387328317,0.6366824387328317,0.002,0.5,0.00398406374501992,0.001996007984031936
172,_ or _,4,1000,exact_constraint_verifier,2,1000,0.5,0.5,0.5,0.5,0.6366824387328317,0.6366824387328317,0.6366824387328317,0.002,0.5,0.00398406374501992,0.001996007984031936
173,_ or _,4,1000,BM25,100,1000,1.0,1.0,1.0,1.0,1.0,1.0,1.0,0.004,1.0,0.00796812749003984,0.004
173,_ or _,4,1000,Qwen/Qwen3-Reranker-4B,100,1000,1.0,1.0,1.0,1.0,1.0,1.0,1.0,0.004,1.0,0.00796812749003984,0.004
173,_ or _,4,1000,exact_constraint_verifier,4,1000,1.0,1.0,1.0,1.0,1.0,1.0,1.0,0.004,1.0,0.00796812749003984,0.004
174,_ or _,4,1000,BM25,100,1000,1.0,1.0,1.0,1.0,1.0,1.0,1.0,0.004,1.0,0.00796812749003984,0.004
174,_ or _,4,1000,Qwen/Qwen3-Reranker-4B,100,1000,1.0,1.0,1.0,1.0,1.0,1.0,1.0,0.004,1.0,0.00796812749003984,0.004
174,_ or _,4,1000,exact_constraint_verifier,4,1000,1.0,1.0,1.0,1.0,1.0,1.0,1.0,0.004,1.0,0.00796812749003984,0.004
175,_ or _,4,1000,BM25,100,1000,0.5,0.5,0.5,0.5,0.6366824387328317,0.6366824387328317,0.6366824387328317,0.004,1.0,0.00796812749003984,0.004
175,_ or _,4,1000,Qwen/Qwen3-Reranker-4B,100,1000,1.0,1.0,1.0,1.0,1.0,1.0,1.0,0.004,1.0,0.00796812749003984,0.004
175,_ or _,4,1000,exact_constraint_verifier,4,1000,1.0,1.0,1.0,1.0,1.0,1.0,1.0,0.004,1.0,0.00796812749003984,0.004
176,_ or _,4,1000,BM25,100,1000,0.5,0.5,0.75,0.75,0.6366824387328317,0.6366824387328317,0.7045169619698791,0.004,1.0,0.00796812749003984,0.004
176,_ or _,4,1000,Qwen/Qwen3-Reranker-4B,100,1000,1.0,1.0,1.0,1.0,1.0,1.0,1.0,0.004,1.0,0.00796812749003984,0.004
176,_ or _,4,1000,exact_constraint_verifier,4,1000,1.0,1.0,1.0,1.0,1.0,1.0,1.0,0.004,1.0,0.00796812749003984,0.004
177,_ or _,4,1000,BM25,100,1000,0.75,1.0,1.0,1.0,0.8048099750039491,0.9279611693743142,0.9279611693743142,0.004,1.0,0.00796812749003984,0.004
177,_ or _,4,1000,Qwen/Qwen3-Reranker-4B,100,1000,1.0,1.0,1.0,1.0,1.0,1.0,1.0,0.004,1.0,0.00796812749003984,0.004
177,_ or _,4,1000,exact_constraint_verifier,4,1000,1.0,1.0,1.0,1.0,1.0,1.0,1.0,0.004,1.0,0.00796812749003984,0.004
178,_ or _,4,1000,BM25,100,1000,1.0,1.0,1.0,1.0,1.0,1.0,1.0,0.004,1.0,0.00796812749003984,0.004
178,_ or _,4,1000,Qwen/Qwen3-Reranker-4B,100,1000,1.0,1.0,1.0,1.0,1.0,1.0,1.0,0.004,1.0,0.00796812749003984,0.004
178,_ or _,4,1000,exact_constraint_verifier,4,1000,1.0,1.0,1.0,1.0,1.0,1.0,1.0,0.004,1.0,0.00796812749003984,0.004
179,_ or _,4,1000,BM25,100,1000,1.0,1.0,1.0,1.0,1.0,1.0,1.0,0.004,1.0,0.00796812749003984,0.004
179,_ or _,4,1000,Qwen/Qwen3-Reranker-4B,100,1000,1.0,1.0,1.0,1.0,1.0,1.0,1.0,0.004,1.0,0.00796812749003984,0.004
179,_ or _,4,1000,exact_constraint_verifier,4,1000,1.0,1.0,1.0,1.0,1.0,1.0,1.0,0.004,1.0,0.00796812749003984,0.004
180,_ or _,4,1000,BM25,100,1000,0.5,1.0,1.0,1.0,0.6366824387328317,0.8885837595925427,0.8885837595925427,0.004,1.0,0.00796812749003984,0.004
180,_ or _,4,1000,Qwen/Qwen3-Reranker-4B,100,1000,1.0,1.0,1.0,1.0,1.0,1.0,1.0,0.004,1.0,0.00796812749003984,0.004
180,_ or _,4,1000,exact_constraint_verifier,4,1000,1.0,1.0,1.0,1.0,1.0,1.0,1.0,0.004,1.0,0.00796812749003984,0.004
181,_ or _,4,1000,BM25,100,1000,1.0,1.0,1.0,1.0,1.0,1.0,1.0,0.004,1.0,0.00796812749003984,0.004
181,_ or _,4,1000,Qwen/Qwen3-Reranker-4B,100,1000,1.0,1.0,1.0,1.0,1.0,1.0,1.0,0.004,1.0,0.00796812749003984,0.004
181,_ or _,4,1000,exact_constraint_verifier,4,1000,1.0,1.0,1.0,1.0,1.0,1.0,1.0,0.004,1.0,0.00796812749003984,0.004
182,_ or _,4,1000,BM25,100,1000,1.0,1.0,1.0,1.0,1.0,1.0,1.0,0.004,1.0,0.00796812749003984,0.004
182,_ or _,4,1000,Qwen/Qwen3-Reranker-4B,100,1000,1.0,1.0,1.0,1.0,1.0,1.0,1.0,0.004,1.0,0.00796812749003984,0.004
182,_ or _,4,1000,exact_constraint_verifier,4,1000,1.0,1.0,1.0,1.0,1.0,1.0,1.0,0.004,1.0,0.00796812749003984,0.004
183,_ or _,4,1000,BM25,100,1000,1.0,1.0,1.0,1.0,1.0,1.0,1.0,0.004,1.0,0.00796812749003984,0.004
183,_ or _,4,1000,Qwen/Qwen3-Reranker-4B,100,1000,1.0,1.0,1.0,1.0,1.0,1.0,1.0,0.004,1.0,0.00796812749003984,0.004
183,_ or _,4,1000,exact_constraint_verifier,4,1000,1.0,1.0,1.0,1.0,1.0,1.0,1.0,0.004,1.0,0.00796812749003984,0.004
184,_ or _,4,1000,BM25,100,1000,0.75,1.0,1.0,1.0,0.8318724637288826,0.9493885684853096,0.9493885684853096,0.004,1.0,0.00796812749003984,0.004
184,_ or _,4,1000,Qwen/Qwen3-Reranker-4B,100,1000,1.0,1.0,1.0,1.0,1.0,1.0,1.0,0.004,1.0,0.00796812749003984,0.004
184,_ or _,4,1000,exact_constraint_verifier,4,1000,1.0,1.0,1.0,1.0,1.0,1.0,1.0,0.004,1.0,0.00796812749003984,0.004
185,_ or _,4,1000,BM25,100,1000,1.0,1.0,1.0,1.0,1.0,1.0,1.0,0.004,1.0,0.00796812749003984,0.004
185,_ or _,4,1000,Qwen/Qwen3-Reranker-4B,100,1000,1.0,1.0,1.0,1.0,1.0,1.0,1.0,0.004,1.0,0.00796812749003984,0.004
185,_ or _,4,1000,exact_constraint_verifier,4,1000,1.0,1.0,1.0,1.0,1.0,1.0,1.0,0.004,1.0,0.00796812749003984,0.004
186,_ or _,4,1000,BM25,100,1000,1.0,1.0,1.0,1.0,1.0,1.0,1.0,0.004,1.0,0.00796812749003984,0.004
186,_ or _,4,1000,Qwen/Qwen3-Reranker-4B,100,1000,1.0,1.0,1.0,1.0,1.0,1.0,1.0,0.004,1.0,0.00796812749003984,0.004
186,_ or _,4,1000,exact_constraint_verifier,4,1000,1.0,1.0,1.0,1.0,1.0,1.0,1.0,0.004,1.0,0.00796812749003984,0.004
187,_ or _,4,1000,BM25,100,1000,1.0,1.0,1.0,1.0,1.0,1.0,1.0,0.004,1.0,0.00796812749003984,0.004
187,_ or _,4,1000,Qwen/Qwen3-Reranker-4B,100,1000,1.0,1.0,1.0,1.0,1.0,1.0,1.0,0.004,1.0,0.00796812749003984,0.004
187,_ or _,4,1000,exact_constraint_verifier,4,1000,1.0,1.0,1.0,1.0,1.0,1.0,1.0,0.004,1.0,0.00796812749003984,0.004
188,_ or _,3,1000,BM25,100,1000,1.0,1.0,1.0,1.0,1.0,1.0,1.0,0.003,1.0,0.005982053838484547,0.003
188,_ or _,3,1000,Qwen/Qwen3-Reranker-4B,100,1000,1.0,1.0,1.0,1.0,1.0,1.0,1.0,0.003,1.0,0.005982053838484547,0.003
188,_ or _,3,1000,exact_constraint_verifier,3,1000,1.0,1.0,1.0,1.0,1.0,1.0,1.0,0.003,1.0,0.005982053838484547,0.003
189,_ or _,4,1000,BM25,100,1000,1.0,1.0,1.0,1.0,1.0,1.0,1.0,0.004,1.0,0.00796812749003984,0.004
189,_ or _,4,1000,Qwen/Qwen3-Reranker-4B,100,1000,1.0,1.0,1.0,1.0,1.0,1.0,1.0,0.004,1.0,0.00796812749003984,0.004
189,_ or _,4,1000,exact_constraint_verifier,4,1000,1.0,1.0,1.0,1.0,1.0,1.0,1.0,0.004,1.0,0.00796812749003984,0.004
190,_ or _,3,1000,BM25,100,1000,1.0,1.0,1.0,1.0,1.0,1.0,1.0,0.003,1.0,0.005982053838484547,0.003
190,_ or _,3,1000,Qwen/Qwen3-Reranker-4B,100,1000,1.0,1.0,1.0,1.0,1.0,1.0,1.0,0.003,1.0,0.005982053838484547,0.003
190,_ or _,3,1000,exact_constraint_verifier,3,1000,1.0,1.0,1.0,1.0,1.0,1.0,1.0,0.003,1.0,0.005982053838484547,0.003
191,_ or _,4,1000,BM25,100,1000,1.0,1.0,1.0,1.0,1.0,1.0,1.0,0.004,1.0,0.00796812749003984,0.004
191,_ or _,4,1000,Qwen/Qwen3-Reranker-4B,100,1000,1.0,1.0,1.0,1.0,1.0,1.0,1.0,0.004,1.0,0.00796812749003984,0.004
191,_ or _,4,1000,exact_constraint_verifier,4,1000,1.0,1.0,1.0,1.0,1.0,1.0,1.0,0.004,1.0,0.00796812749003984,0.004
192,_ or _,4,1000,BM25,100,1000,1.0,1.0,1.0,1.0,1.0,1.0,1.0,0.004,1.0,0.00796812749003984,0.004
192,_ or _,4,1000,Qwen/Qwen3-Reranker-4B,100,1000,1.0,1.0,1.0,1.0,1.0,1.0,1.0,0.004,1.0,0.00796812749003984,0.004
192,_ or _,4,1000,exact_constraint_verifier,4,1000,1.0,1.0,1.0,1.0,1.0,1.0,1.0,0.004,1.0,0.00796812749003984,0.004
193,_ or _,4,1000,BM25,100,1000,0.5,0.5,0.5,0.5,0.6366824387328317,0.6366824387328317,0.6366824387328317,0.004,1.0,0.00796812749003984,0.004
193,_ or _,4,1000,Qwen/Qwen3-Reranker-4B,100,1000,1.0,1.0,1.0,1.0,1.0,1.0,1.0,0.004,1.0,0.00796812749003984,0.004
193,_ or _,4,1000,exact_constraint_verifier,4,1000,1.0,1.0,1.0,1.0,1.0,1.0,1.0,0.004,1.0,0.00796812749003984,0.004
194,_ or _,4,1000,BM25,100,1000,1.0,1.0,1.0,1.0,1.0,1.0,1.0,0.004,1.0,0.00796812749003984,0.004
194,_ or _,4,1000,Qwen/Qwen3-Reranker-4B,100,1000,1.0,1.0,1.0,1.0,1.0,1.0,1.0,0.004,1.0,0.00796812749003984,0.004
194,_ or _,4,1000,exact_constraint_verifier,4,1000,1.0,1.0,1.0,1.0,1.0,1.0,1.0,0.004,1.0,0.00796812749003984,0.004
195,_ or _,4,1000,BM25,100,1000,1.0,1.0,1.0,1.0,1.0,1.0,1.0,0.004,1.0,0.00796812749003984,0.004
195,_ or _,4,1000,Qwen/Qwen3-Reranker-4B,100,1000,1.0,1.0,1.0,1.0,1.0,1.0,1.0,0.004,1.0,0.00796812749003984,0.004
195,_ or _,4,1000,exact_constraint_verifier,4,1000,1.0,1.0,1.0,1.0,1.0,1.0,1.0,0.004,1.0,0.00796812749003984,0.004
196,_ or _,4,1000,BM25,100,1000,1.0,1.0,1.0,1.0,1.0,1.0,1.0,0.004,1.0,0.00796812749003984,0.004
196,_ or _,4,1000,Qwen/Qwen3-Reranker-4B,100,1000,1.0,1.0,1.0,1.0,1.0,1.0,1.0,0.004,1.0,0.00796812749003984,0.004
196,_ or _,4,1000,exact_constraint_verifier,4,1000,1.0,1.0,1.0,1.0,1.0,1.0,1.0,0.004,1.0,0.00796812749003984,0.004
197,_ or _,4,1000,BM25,100,1000,1.0,1.0,1.0,1.0,1.0,1.0,1.0,0.004,1.0,0.00796812749003984,0.004
197,_ or _,4,1000,Qwen/Qwen3-Reranker-4B,100,1000,1.0,1.0,1.0,1.0,1.0,1.0,1.0,0.004,1.0,0.00796812749003984,0.004
197,_ or _,4,1000,exact_constraint_verifier,4,1000,1.0,1.0,1.0,1.0,1.0,1.0,1.0,0.004,1.0,0.00796812749003984,0.004
198,_ or _,4,1000,BM25,100,1000,0.75,1.0,1.0,1.0,0.8318724637288826,0.9550236580992475,0.9550236580992475,0.004,1.0,0.00796812749003984,0.004
198,_ or _,4,1000,Qwen/Qwen3-Reranker-4B,100,1000,1.0,1.0,1.0,1.0,1.0,1.0,1.0,0.004,1.0,0.00796812749003984,0.004
198,_ or _,4,1000,exact_constraint_verifier,4,1000,1.0,1.0,1.0,1.0,1.0,1.0,1.0,0.004,1.0,0.00796812749003984,0.004
199,_ or _,4,1000,BM25,100,1000,1.0,1.0,1.0,1.0,1.0,1.0,1.0,0.004,1.0,0.00796812749003984,0.004
199,_ or _,4,1000,Qwen/Qwen3-Reranker-4B,100,1000,1.0,1.0,1.0,1.0,1.0,1.0,1.0,0.004,1.0,0.00796812749003984,0.004
199,_ or _,4,1000,exact_constraint_verifier,4,1000,1.0,1.0,1.0,1.0,1.0,1.0,1.0,0.004,1.0,0.00796812749003984,0.004
200,_ or _ or _,6,1000,BM25,100,1000,0.8333333333333334,1.0,1.0,1.0,1.0,1.0,1.0,0.006,1.0,0.011928429423459244,0.006
200,_ or _ or _,6,1000,Qwen/Qwen3-Reranker-4B,100,1000,0.8333333333333334,1.0,1.0,1.0,1.0,1.0,1.0,0.006,1.0,0.011928429423459244,0.006
200,_ or _ or _,6,1000,exact_constraint_verifier,6,1000,0.8333333333333334,1.0,1.0,1.0,1.0,1.0,1.0,0.006,1.0,0.011928429423459244,0.006
201,_ or _ or _,6,1000,BM25,100,1000,0.8333333333333334,1.0,1.0,1.0,1.0,1.0,1.0,0.006,1.0,0.011928429423459244,0.006
201,_ or _ or _,6,1000,Qwen/Qwen3-Reranker-4B,100,1000,0.8333333333333334,1.0,1.0,1.0,1.0,0.9662426899842574,0.9662426899842574,0.006,1.0,0.011928429423459244,0.006
201,_ or _ or _,6,1000,exact_constraint_verifier,6,1000,0.8333333333333334,1.0,1.0,1.0,1.0,1.0,1.0,0.006,1.0,0.011928429423459244,0.006
202,_ or _ or _,5,1000,BM25,100,1000,1.0,1.0,1.0,1.0,1.0,1.0,1.0,0.005,1.0,0.009950248756218907,0.005
202,_ or _ or _,5,1000,Qwen/Qwen3-Reranker-4B,100,1000,1.0,1.0,1.0,1.0,1.0,1.0,1.0,0.005,1.0,0.009950248756218907,0.005
202,_ or _ or _,5,1000,exact_constraint_verifier,5,1000,1.0,1.0,1.0,1.0,1.0,1.0,1.0,0.005,1.0,0.009950248756218907,0.005
203,_ or _ or _,6,1000,BM25,100,1000,0.8333333333333334,1.0,1.0,1.0,1.0,0.9930783166417602,0.9930783166417602,0.006,1.0,0.011928429423459244,0.006
203,_ or _ or _,6,1000,Qwen/Qwen3-Reranker-4B,100,1000,0.8333333333333334,1.0,1.0,1.0,1.0,1.0,1.0,0.006,1.0,0.011928429423459244,0.006
203,_ or _ or _,6,1000,exact_constraint_verifier,6,1000,0.8333333333333334,1.0,1.0,1.0,1.0,1.0,1.0,0.006,1.0,0.011928429423459244,0.006
204,_ or _ or _,6,1000,BM25,100,1000,0.8333333333333334,1.0,1.0,1.0,1.0,1.0,1.0,0.006,1.0,0.011928429423459244,0.006
204,_ or _ or _,6,1000,Qwen/Qwen3-Reranker-4B,100,1000,0.8333333333333334,1.0,1.0,1.0,1.0,1.0,1.0,0.006,1.0,0.011928429423459244,0.006
204,_ or _ or _,6,1000,exact_constraint_verifier,6,1000,0.8333333333333334,1.0,1.0,1.0,1.0,1.0,1.0,0.006,1.0,0.011928429423459244,0.006
205,_ or _ or _,6,1000,BM25,100,1000,0.3333333333333333,0.3333333333333333,0.6666666666666666,0.6666666666666666,0.3156484524795145,0.28162497265977743,0.39073719001871876,0.006,1.0,0.011928429423459244,0.006
205,_ or _ or _,6,1000,Qwen/Qwen3-Reranker-4B,100,1000,0.8333333333333334,1.0,1.0,1.0,1.0,1.0,1.0,0.006,1.0,0.011928429423459244,0.006
205,_ or _ or _,6,1000,exact_constraint_verifier,6,1000,0.8333333333333334,1.0,1.0,1.0,1.0,1.0,1.0,0.006,1.0,0.011928429423459244,0.006
206,_ or _ or _,6,1000,BM25,100,1000,0.8333333333333334,1.0,1.0,1.0,1.0,0.9930783166417602,0.9930783166417602,0.006,1.0,0.011928429423459244,0.006
206,_ or _ or _,6,1000,Qwen/Qwen3-Reranker-4B,100,1000,0.8333333333333334,1.0,1.0,1.0,1.0,1.0,1.0,0.006,1.0,0.011928429423459244,0.006
206,_ or _ or _,6,1000,exact_constraint_verifier,6,1000,0.8333333333333334,1.0,1.0,1.0,1.0,1.0,1.0,0.006,1.0,0.011928429423459244,0.006
207,_ or _ or _,6,1000,BM25,100,1000,0.8333333333333334,1.0,1.0,1.0,1.0,1.0,1.0,0.006,1.0,0.011928429423459244,0.006
207,_ or _ or _,6,1000,Qwen/Qwen3-Reranker-4B,100,1000,0.8333333333333334,1.0,1.0,1.0,1.0,1.0,1.0,0.006,1.0,0.011928429423459244,0.006
207,_ or _ or _,6,1000,exact_constraint_verifier,6,1000,0.8333333333333334,1.0,1.0,1.0,1.0,1.0,1.0,0.006,1.0,0.011928429423459244,0.006
208,_ or _ or _,6,1000,BM25,100,1000,0.8333333333333334,1.0,1.0,1.0,1.0,1.0,1.0,0.006,1.0,0.011928429423459244,0.006
208,_ or _ or _,6,1000,Qwen/Qwen3-Reranker-4B,100,1000,0.8333333333333334,1.0,1.0,1.0,1.0,1.0,1.0,0.006,1.0,0.011928429423459244,0.006
208,_ or _ or _,6,1000,exact_constraint_verifier,6,1000,0.8333333333333334,1.0,1.0,1.0,1.0,1.0,1.0,0.006,1.0,0.011928429423459244,0.006
209,_ or _ or _,6,1000,BM25,100,1000,0.8333333333333334,1.0,1.0,1.0,1.0,1.0,1.0,0.006,1.0,0.011928429423459244,0.006
209,_ or _ or _,6,1000,Qwen/Qwen3-Reranker-4B,100,1000,0.8333333333333334,1.0,1.0,1.0,1.0,1.0,1.0,0.006,1.0,0.011928429423459244,0.006
209,_ or _ or _,6,1000,exact_constraint_verifier,6,1000,0.8333333333333334,1.0,1.0,1.0,1.0,1.0,1.0,0.006,1.0,0.011928429423459244,0.006
210,_ or _ or _,6,1000,BM25,100,1000,0.6666666666666666,0.6666666666666666,0.6666666666666666,0.6666666666666666,0.8687949224876582,0.7751482523375256,0.7751482523375256,0.006,1.0,0.011928429423459244,0.006
210,_ or _ or _,6,1000,Qwen/Qwen3-Reranker-4B,100,1000,0.8333333333333334,1.0,1.0,1.0,1.0,1.0,1.0,0.006,1.0,0.011928429423459244,0.006
210,_ or _ or _,6,1000,exact_constraint_verifier,6,1000,0.8333333333333334,1.0,1.0,1.0,1.0,1.0,1.0,0.006,1.0,0.011928429423459244,0.006
211,_ or _ or _,6,1000,BM25,100,1000,0.8333333333333334,1.0,1.0,1.0,1.0,1.0,1.0,0.006,1.0,0.011928429423459244,0.006
211,_ or _ or _,6,1000,Qwen/Qwen3-Reranker-4B,100,1000,0.8333333333333334,1.0,1.0,1.0,1.0,1.0,1.0,0.006,1.0,0.011928429423459244,0.006
211,_ or _ or _,6,1000,exact_constraint_verifier,6,1000,0.8333333333333334,1.0,1.0,1.0,1.0,1.0,1.0,0.006,1.0,0.011928429423459244,0.006
212,_ or _ or _,6,1000,BM25,100,1000,0.6666666666666666,0.6666666666666666,0.8333333333333334,0.8333333333333334,0.8687949224876582,0.7751482523375256,0.8259699581941052,0.006,1.0,0.011928429423459244,0.006
212,_ or _ or _,6,1000,Qwen/Qwen3-Reranker-4B,100,1000,0.8333333333333334,1.0,1.0,1.0,1.0,1.0,1.0,0.006,1.0,0.011928429423459244,0.006
212,_ or _ or _,6,1000,exact_constraint_verifier,6,1000,0.8333333333333334,1.0,1.0,1.0,1.0,1.0,1.0,0.006,1.0,0.011928429423459244,0.006
213,_ or _ or _,5,1000,BM25,100,1000,0.8,1.0,1.0,1.0,0.8687949224876582,0.9818483242455301,0.9818483242455301,0.005,1.0,0.009950248756218907,0.005
213,_ or _ or _,5,1000,Qwen/Qwen3-Reranker-4B,100,1000,1.0,1.0,1.0,1.0,1.0,1.0,1.0,0.005,1.0,0.009950248756218907,0.005
213,_ or _ or _,5,1000,exact_constraint_verifier,5,1000,1.0,1.0,1.0,1.0,1.0,1.0,1.0,0.005,1.0,0.009950248756218907,0.005
214,_ or _ or _,6,1000,BM25,100,1000,0.8333333333333334,1.0,1.0,1.0,1.0,1.0,1.0,0.006,1.0,0.011928429423459244,0.006
214,_ or _ or _,6,1000,Qwen/Qwen3-Reranker-4B,100,1000,0.8333333333333334,1.0,1.0,1.0,1.0,1.0,1.0,0.006,1.0,0.011928429423459244,0.006
214,_ or _ or _,6,1000,exact_constraint_verifier,6,1000,0.8333333333333334,1.0,1.0,1.0,1.0,1.0,1.0,0.006,1.0,0.011928429423459244,0.006
215,_ or _ or _,6,1000,BM25,100,1000,0.6666666666666666,0.6666666666666666,0.8333333333333334,0.8333333333333334,0.8687949224876582,0.7751482523375256,0.8395257216051211,0.006,1.0,0.011928429423459244,0.006
215,_ or _ or _,6,1000,Qwen/Qwen3-Reranker-4B,100,1000,0.8333333333333334,1.0,1.0,1.0,1.0,1.0,1.0,0.006,1.0,0.011928429423459244,0.006
215,_ or _ or _,6,1000,exact_constraint_verifier,6,1000,0.8333333333333334,1.0,1.0,1.0,1.0,1.0,1.0,0.006,1.0,0.011928429423459244,0.006
216,_ or _ or _,6,1000,BM25,100,1000,0.8333333333333334,1.0,1.0,1.0,1.0,1.0,1.0,0.006,1.0,0.011928429423459244,0.006
216,_ or _ or _,6,1000,Qwen/Qwen3-Reranker-4B,100,1000,0.8333333333333334,1.0,1.0,1.0,1.0,1.0,1.0,0.006,1.0,0.011928429423459244,0.006
216,_ or _ or _,6,1000,exact_constraint_verifier,6,1000,0.8333333333333334,1.0,1.0,1.0,1.0,1.0,1.0,0.006,1.0,0.011928429423459244,0.006
217,_ or _ or _,5,1000,BM25,100,1000,0.8,0.8,0.8,0.8,0.8687949224876582,0.8687949224876582,0.8687949224876582,0.005,1.0,0.009950248756218907,0.005
217,_ or _ or _,5,1000,Qwen/Qwen3-Reranker-4B,100,1000,1.0,1.0,1.0,1.0,1.0,1.0,1.0,0.005,1.0,0.009950248756218907,0.005
217,_ or _ or _,5,1000,exact_constraint_verifier,5,1000,1.0,1.0,1.0,1.0,1.0,1.0,1.0,0.005,1.0,0.009950248756218907,0.005
218,_ or _ or _,6,1000,BM25,100,1000,0.8333333333333334,1.0,1.0,1.0,1.0,1.0,1.0,0.006,1.0,0.011928429423459244,0.006
218,_ or _ or _,6,1000,Qwen/Qwen3-Reranker-4B,100,1000,0.8333333333333334,1.0,1.0,1.0,1.0,1.0,1.0,0.006,1.0,0.011928429423459244,0.006
218,_ or _ or _,6,1000,exact_constraint_verifier,6,1000,0.8333333333333334,1.0,1.0,1.0,1.0,1.0,1.0,0.006,1.0,0.011928429423459244,0.006
219,_ or _ or _,5,1000,BM25,100,1000,0.8,1.0,1.0,1.0,0.8687949224876582,0.9668342083190152,0.9668342083190152,0.005,1.0,0.009950248756218907,0.005
219,_ or _ or _,5,1000,Qwen/Qwen3-Reranker-4B,100,1000,1.0,1.0,1.0,1.0,1.0,1.0,1.0,0.005,1.0,0.009950248756218907,0.005
219,_ or _ or _,5,1000,exact_constraint_verifier,5,1000,1.0,1.0,1.0,1.0,1.0,1.0,1.0,0.005,1.0,0.009950248756218907,0.005
220,_ or _ or _,6,1000,BM25,100,1000,0.6666666666666666,0.6666666666666666,0.8333333333333334,0.8333333333333334,0.8687949224876582,0.7751482523375256,0.8411471374867974,0.006,1.0,0.011928429423459244,0.006
220,_ or _ or _,6,1000,Qwen/Qwen3-Reranker-4B,100,1000,0.5,0.6666666666666666,1.0,1.0,0.6992148198508501,0.708255854170619,0.8265883603575415,0.006,1.0,0.011928429423459244,0.006
220,_ or _ or _,6,1000,exact_constraint_verifier,6,1000,0.8333333333333334,1.0,1.0,1.0,1.0,1.0,1.0,0.006,1.0,0.011928429423459244,0.006
221,_ or _ or _,6,1000,BM25,100,1000,0.8333333333333334,1.0,1.0,1.0,1.0,1.0,1.0,0.006,1.0,0.011928429423459244,0.006
221,_ or _ or _,6,1000,Qwen/Qwen3-Reranker-4B,100,1000,0.6666666666666666,1.0,1.0,1.0,0.8539316501572937,0.9448192267559941,0.9448192267559941,0.006,1.0,0.011928429423459244,0.006
221,_ or _ or _,6,1000,exact_constraint_verifier,6,1000,0.8333333333333334,1.0,1.0,1.0,1.0,1.0,1.0,0.006,1.0,0.011928429423459244,0.006
222,_ or _ or _,6,1000,BM25,100,1000,0.8333333333333334,1.0,1.0,1.0,1.0,1.0,1.0,0.006,1.0,0.011928429423459244,0.006
222,_ or _ or _,6,1000,Qwen/Qwen3-Reranker-4B,100,1000,0.8333333333333334,1.0,1.0,1.0,1.0,1.0,1.0,0.006,1.0,0.011928429423459244,0.006
222,_ or _ or _,6,1000,exact_constraint_verifier,6,1000,0.8333333333333334,1.0,1.0,1.0,1.0,1.0,1.0,0.006,1.0,0.011928429423459244,0.006
223,_ or _ or _,6,1000,BM25,100,1000,0.8333333333333334,1.0,1.0,1.0,1.0,1.0,1.0,0.006,1.0,0.011928429423459244,0.006
223,_ or _ or _,6,1000,Qwen/Qwen3-Reranker-4B,100,1000,0.8333333333333334,1.0,1.0,1.0,1.0,1.0,1.0,0.006,1.0,0.011928429423459244,0.006
223,_ or _ or _,6,1000,exact_constraint_verifier,6,1000,0.8333333333333334,1.0,1.0,1.0,1.0,1.0,1.0,0.006,1.0,0.011928429423459244,0.006
224,_ or _ or _,5,1000,BM25,100,1000,1.0,1.0,1.0,1.0,1.0,1.0,1.0,0.005,1.0,0.009950248756218907,0.005
224,_ or _ or _,5,1000,Qwen/Qwen3-Reranker-4B,100,1000,0.8,1.0,1.0,1.0,0.8687949224876582,0.9818483242455301,0.9818483242455301,0.005,1.0,0.009950248756218907,0.005
224,_ or _ or _,5,1000,exact_constraint_verifier,5,1000,1.0,1.0,1.0,1.0,1.0,1.0,1.0,0.005,1.0,0.009950248756218907,0.005
225,_ or _ or _,6,1000,BM25,100,1000,0.6666666666666666,0.6666666666666666,0.8333333333333334,0.8333333333333334,0.8687949224876582,0.7751482523375256,0.8309144980292041,0.006,1.0,0.011928429423459244,0.006
225,_ or _ or _,6,1000,Qwen/Qwen3-Reranker-4B,100,1000,0.8333333333333334,1.0,1.0,1.0,1.0,1.0,1.0,0.006,1.0,0.011928429423459244,0.006
225,_ or _ or _,6,1000,exact_constraint_verifier,6,1000,0.8333333333333334,1.0,1.0,1.0,1.0,1.0,1.0,0.006,1.0,0.011928429423459244,0.006
226,_ or _ or _,5,1000,BM25,100,1000,1.0,1.0,1.0,1.0,1.0,1.0,1.0,0.005,1.0,0.009950248756218907,0.005
226,_ or _ or _,5,1000,Qwen/Qwen3-Reranker-4B,100,1000,1.0,1.0,1.0,1.0,1.0,1.0,1.0,0.005,1.0,0.009950248756218907,0.005
226,_ or _ or _,5,1000,exact_constraint_verifier,5,1000,1.0,1.0,1.0,1.0,1.0,1.0,1.0,0.005,1.0,0.009950248756218907,0.005
227,_ or _ or _,6,1000,BM25,100,1000,0.6666666666666666,0.6666666666666666,0.6666666666666666,0.6666666666666666,0.8687949224876582,0.7751482523375256,0.7751482523375256,0.006,1.0,0.011928429423459244,0.006
227,_ or _ or _,6,1000,Qwen/Qwen3-Reranker-4B,100,1000,0.8333333333333334,1.0,1.0,1.0,1.0,1.0,1.0,0.006,1.0,0.011928429423459244,0.006
227,_ or _ or _,6,1000,exact_constraint_verifier,6,1000,0.8333333333333334,1.0,1.0,1.0,1.0,1.0,1.0,0.006,1.0,0.011928429423459244,0.006
228,_ or _ or _,6,1000,BM25,100,1000,0.8333333333333334,1.0,1.0,1.0,1.0,1.0,1.0,0.006,1.0,0.011928429423459244,0.006
228,_ or _ or _,6,1000,Qwen/Qwen3-Reranker-4B,100,1000,0.8333333333333334,1.0,1.0,1.0,1.0,1.0,1.0,0.006,1.0,0.011928429423459244,0.006
228,_ or _ or _,6,1000,exact_constraint_verifier,6,1000,0.8333333333333334,1.0,1.0,1.0,1.0,1.0,1.0,0.006,1.0,0.011928429423459244,0.006
229,_ or _ or _,6,1000,BM25,100,1000,0.8333333333333334,1.0,1.0,1.0,1.0,1.0,1.0,0.006,1.0,0.011928429423459244,0.006
229,_ or _ or _,6,1000,Qwen/Qwen3-Reranker-4B,100,1000,0.8333333333333334,1.0,1.0,1.0,1.0,1.0,1.0,0.006,1.0,0.011928429423459244,0.006
229,_ or _ or _,6,1000,exact_constraint_verifier,6,1000,0.8333333333333334,1.0,1.0,1.0,1.0,1.0,1.0,0.006,1.0,0.011928429423459244,0.006
230,_ or _ or _,6,1000,BM25,100,1000,0.8333333333333334,1.0,1.0,1.0,1.0,1.0,1.0,0.006,1.0,0.011928429423459244,0.006
230,_ or _ or _,6,1000,Qwen/Qwen3-Reranker-4B,100,1000,0.8333333333333334,1.0,1.0,1.0,1.0,1.0,1.0,0.006,1.0,0.011928429423459244,0.006
230,_ or _ or _,6,1000,exact_constraint_verifier,6,1000,0.8333333333333334,1.0,1.0,1.0,1.0,1.0,1.0,0.006,1.0,0.011928429423459244,0.006
231,_ or _ or _,6,1000,BM25,100,1000,0.8333333333333334,1.0,1.0,1.0,1.0,1.0,1.0,0.006,1.0,0.011928429423459244,0.006
231,_ or _ or _,6,1000,Qwen/Qwen3-Reranker-4B,100,1000,0.8333333333333334,1.0,1.0,1.0,1.0,1.0,1.0,0.006,1.0,0.011928429423459244,0.006
231,_ or _ or _,6,1000,exact_constraint_verifier,6,1000,0.8333333333333334,1.0,1.0,1.0,1.0,1.0,1.0,0.006,1.0,0.011928429423459244,0.006
232,_ or _ or _,6,1000,BM25,100,1000,0.8333333333333334,1.0,1.0,1.0,1.0,1.0,1.0,0.006,1.0,0.011928429423459244,0.006
232,_ or _ or _,6,1000,Qwen/Qwen3-Reranker-4B,100,1000,0.8333333333333334,1.0,1.0,1.0,1.0,1.0,1.0,0.006,1.0,0.011928429423459244,0.006
232,_ or _ or _,6,1000,exact_constraint_verifier,6,1000,0.8333333333333334,1.0,1.0,1.0,1.0,1.0,1.0,0.006,1.0,0.011928429423459244,0.006
233,_ or _ or _,5,1000,BM25,100,1000,1.0,1.0,1.0,1.0,1.0,1.0,1.0,0.005,1.0,0.009950248756218907,0.005
233,_ or _ or _,5,1000,Qwen/Qwen3-Reranker-4B,100,1000,1.0,1.0,1.0,1.0,1.0,1.0,1.0,0.005,1.0,0.009950248756218907,0.005
233,_ or _ or _,5,1000,exact_constraint_verifier,5,1000,1.0,1.0,1.0,1.0,1.0,1.0,1.0,0.005,1.0,0.009950248756218907,0.005
234,_ or _ or _,6,1000,BM25,100,1000,0.8333333333333334,1.0,1.0,1.0,1.0,1.0,1.0,0.006,1.0,0.011928429423459244,0.006
234,_ or _ or _,6,1000,Qwen/Qwen3-Reranker-4B,100,1000,0.8333333333333334,1.0,1.0,1.0,1.0,1.0,1.0,0.006,1.0,0.011928429423459244,0.006
234,_ or _ or _,6,1000,exact_constraint_verifier,6,1000,0.8333333333333334,1.0,1.0,1.0,1.0,1.0,1.0,0.006,1.0,0.011928429423459244,0.006
235,_ or _ or _,5,1000,BM25,100,1000,1.0,1.0,1.0,1.0,1.0,1.0,1.0,0.005,1.0,0.009950248756218907,0.005
235,_ or _ or _,5,1000,Qwen/Qwen3-Reranker-4B,100,1000,1.0,1.0,1.0,1.0,1.0,1.0,1.0,0.005,1.0,0.009950248756218907,0.005
235,_ or _ or _,5,1000,exact_constraint_verifier,5,1000,1.0,1.0,1.0,1.0,1.0,1.0,1.0,0.005,1.0,0.009950248756218907,0.005
236,_ or _ or _,5,1000,BM25,100,1000,1.0,1.0,1.0,1.0,1.0,1.0,1.0,0.005,1.0,0.009950248756218907,0.005
236,_ or _ or _,5,1000,Qwen/Qwen3-Reranker-4B,100,1000,1.0,1.0,1.0,1.0,1.0,1.0,1.0,0.005,1.0,0.009950248756218907,0.005
236,_ or _ or _,5,1000,exact_constraint_verifier,5,1000,1.0,1.0,1.0,1.0,1.0,1.0,1.0,0.005,1.0,0.009950248756218907,0.005
237,_ or _ or _,5,1000,BM25,100,1000,0.8,0.8,0.8,0.8,0.8687949224876582,0.8687949224876582,0.8687949224876582,0.005,1.0,0.009950248756218907,0.005
237,_ or _ or _,5,1000,Qwen/Qwen3-Reranker-4B,100,1000,1.0,1.0,1.0,1.0,1.0,1.0,1.0,0.005,1.0,0.009950248756218907,0.005
237,_ or _ or _,5,1000,exact_constraint_verifier,5,1000,1.0,1.0,1.0,1.0,1.0,1.0,1.0,0.005,1.0,0.009950248756218907,0.005
238,_ or _ or _,6,1000,BM25,100,1000,0.6666666666666666,0.6666666666666666,0.8333333333333334,0.8333333333333334,0.8687949224876582,0.7751482523375256,0.823580698592337,0.005,0.8333333333333334,0.009940357852882702,0.004995004995004995
238,_ or _ or _,6,1000,Qwen/Qwen3-Reranker-4B,100,1000,0.8333333333333334,0.8333333333333334,0.8333333333333334,0.8333333333333334,1.0,0.8922108454754891,0.8922108454754891,0.005,0.8333333333333334,0.009940357852882702,0.004995004995004995
238,_ or _ or _,6,1000,exact_constraint_verifier,5,1000,0.8333333333333334,0.8333333333333334,0.8333333333333334,0.8333333333333334,1.0,0.8922108454754891,0.8922108454754891,0.005,0.8333333333333334,0.009940357852882702,0.004995004995004995
239,_ or _ or _,6,1000,BM25,100,1000,0.8333333333333334,1.0,1.0,1.0,1.0,1.0,1.0,0.006,1.0,0.011928429423459244,0.006
239,_ or _ or _,6,1000,Qwen/Qwen3-Reranker-4B,100,1000,0.8333333333333334,1.0,1.0,1.0,1.0,1.0,1.0,0.006,1.0,0.011928429423459244,0.006
239,_ or _ or _,6,1000,exact_constraint_verifier,6,1000,0.8333333333333334,1.0,1.0,1.0,1.0,1.0,1.0,0.006,1.0,0.011928429423459244,0.006
240,_ or _ or _,5,1000,BM25,100,1000,1.0,1.0,1.0,1.0,1.0,1.0,1.0,0.005,1.0,0.009950248756218907,0.005
240,_ or _ or _,5,1000,Qwen/Qwen3-Reranker-4B,100,1000,1.0,1.0,1.0,1.0,1.0,1.0,1.0,0.005,1.0,0.009950248756218907,0.005
240,_ or _ or _,5,1000,exact_constraint_verifier,5,1000,1.0,1.0,1.0,1.0,1.0,1.0,1.0,0.005,1.0,0.009950248756218907,0.005
241,_ or _ or _,6,1000,BM25,100,1000,0.8333333333333334,1.0,1.0,1.0,1.0,1.0,1.0,0.006,1.0,0.011928429423459244,0.006
241,_ or _ or _,6,1000,Qwen/Qwen3-Reranker-4B,100,1000,0.8333333333333334,1.0,1.0,1.0,1.0,1.0,1.0,0.006,1.0,0.011928429423459244,0.006
241,_ or _ or _,6,1000,exact_constraint_verifier,6,1000,0.8333333333333334,1.0,1.0,1.0,1.0,1.0,1.0,0.006,1.0,0.011928429423459244,0.006
242,_ or _ or _,6,1000,BM25,100,1000,0.8333333333333334,1.0,1.0,1.0,1.0,1.0,1.0,0.006,1.0,0.011928429423459244,0.006
242,_ or _ or _,6,1000,Qwen/Qwen3-Reranker-4B,100,1000,0.8333333333333334,1.0,1.0,1.0,1.0,1.0,1.0,0.006,1.0,0.011928429423459244,0.006
242,_ or _ or _,6,1000,exact_constraint_verifier,6,1000,0.8333333333333334,1.0,1.0,1.0,1.0,1.0,1.0,0.006,1.0,0.011928429423459244,0.006
243,_ or _ or _,6,1000,BM25,100,1000,0.8333333333333334,1.0,1.0,1.0,1.0,1.0,1.0,0.006,1.0,0.011928429423459244,0.006
243,_ or _ or _,6,1000,Qwen/Qwen3-Reranker-4B,100,1000,0.8333333333333334,1.0,1.0,1.0,1.0,1.0,1.0,0.006,1.0,0.011928429423459244,0.006
243,_ or _ or _,6,1000,exact_constraint_verifier,6,1000,0.8333333333333334,1.0,1.0,1.0,1.0,1.0,1.0,0.006,1.0,0.011928429423459244,0.006
244,_ or _ or _,6,1000,BM25,100,1000,0.8333333333333334,1.0,1.0,1.0,1.0,1.0,1.0,0.006,1.0,0.011928429423459244,0.006
244,_ or _ or _,6,1000,Qwen/Qwen3-Reranker-4B,100,1000,0.8333333333333334,1.0,1.0,1.0,1.0,1.0,1.0,0.006,1.0,0.011928429423459244,0.006
244,_ or _ or _,6,1000,exact_constraint_verifier,6,1000,0.8333333333333334,1.0,1.0,1.0,1.0,1.0,1.0,0.006,1.0,0.011928429423459244,0.006
245,_ or _ or _,6,1000,BM25,100,1000,0.6666666666666666,1.0,1.0,1.0,0.830419897363192,0.9495662644168644,0.9495662644168644,0.006,1.0,0.011928429423459244,0.006
245,_ or _ or _,6,1000,Qwen/Qwen3-Reranker-4B,100,1000,0.8333333333333334,1.0,1.0,1.0,1.0,1.0,1.0,0.006,1.0,0.011928429423459244,0.006
245,_ or _ or _,6,1000,exact_constraint_verifier,6,1000,0.8333333333333334,1.0,1.0,1.0,1.0,1.0,1.0,0.006,1.0,0.011928429423459244,0.006
246,_ or _ or _,6,1000,BM25,100,1000,0.8333333333333334,1.0,1.0,1.0,1.0,0.9930783166417602,0.9930783166417602,0.006,1.0,0.011928429423459244,0.006
246,_ or _ or _,6,1000,Qwen/Qwen3-Reranker-4B,100,1000,0.8333333333333334,1.0,1.0,1.0,1.0,1.0,1.0,0.006,1.0,0.011928429423459244,0.006
246,_ or _ or _,6,1000,exact_constraint_verifier,6,1000,0.8333333333333334,1.0,1.0,1.0,1.0,1.0,1.0,0.006,1.0,0.011928429423459244,0.006
247,_ or _ or _,5,1000,BM25,100,1000,1.0,1.0,1.0,1.0,1.0,1.0,1.0,0.005,1.0,0.009950248756218907,0.005
247,_ or _ or _,5,1000,Qwen/Qwen3-Reranker-4B,100,1000,1.0,1.0,1.0,1.0,1.0,1.0,1.0,0.005,1.0,0.009950248756218907,0.005
247,_ or _ or _,5,1000,exact_constraint_verifier,5,1000,1.0,1.0,1.0,1.0,1.0,1.0,1.0,0.005,1.0,0.009950248756218907,0.005
248,_ or _ or _,6,1000,BM25,100,1000,0.8333333333333334,1.0,1.0,1.0,1.0,0.9833032486989473,0.9833032486989473,0.006,1.0,0.011928429423459244,0.006
248,_ or _ or _,6,1000,Qwen/Qwen3-Reranker-4B,100,1000,0.8333333333333334,1.0,1.0,1.0,1.0,1.0,1.0,0.006,1.0,0.011928429423459244,0.006
248,_ or _ or _,6,1000,exact_constraint_verifier,6,1000,0.8333333333333334,1.0,1.0,1.0,1.0,1.0,1.0,0.006,1.0,0.011928429423459244,0.006
249,_ or _ or _,6,1000,BM25,100,1000,0.8333333333333334,1.0,1.0,1.0,1.0,1.0,1.0,0.006,1.0,0.011928429423459244,0.006
249,_ or _ or _,6,1000,Qwen/Qwen3-Reranker-4B,100,1000,0.8333333333333334,1.0,1.0,1.0,1.0,1.0,1.0,0.006,1.0,0.011928429423459244,0.006
249,_ or _ or _,6,1000,exact_constraint_verifier,6,1000,0.8333333333333334,1.0,1.0,1.0,1.0,1.0,1.0,0.006,1.0,0.011928429423459244,0.006
250,_ or _ or _,6,1000,BM25,100,1000,0.8333333333333334,1.0,1.0,1.0,1.0,1.0,1.0,0.006,1.0,0.011928429423459244,0.006
250,_ or _ or _,6,1000,Qwen/Qwen3-Reranker-4B,100,1000,0.8333333333333334,1.0,1.0,1.0,1.0,1.0,1.0,0.006,1.0,0.011928429423459244,0.006
250,_ or _ or _,6,1000,exact_constraint_verifier,6,1000,0.8333333333333334,1.0,1.0,1.0,1.0,1.0,1.0,0.006,1.0,0.011928429423459244,0.006
251,_ or _ or _,5,1000,BM25,100,1000,1.0,1.0,1.0,1.0,1.0,1.0,1.0,0.005,1.0,0.009950248756218907,0.005
251,_ or _ or _,5,1000,Qwen/Qwen3-Reranker-4B,100,1000,1.0,1.0,1.0,1.0,1.0,1.0,1.0,0.005,1.0,0.009950248756218907,0.005
251,_ or _ or _,5,1000,exact_constraint_verifier,5,1000,1.0,1.0,1.0,1.0,1.0,1.0,1.0,0.005,1.0,0.009950248756218907,0.005
252,_ or _ or _,6,1000,BM25,100,1000,0.8333333333333334,1.0,1.0,1.0,1.0,1.0,1.0,0.006,1.0,0.011928429423459244,0.006
252,_ or _ or _,6,1000,Qwen/Qwen3-Reranker-4B,100,1000,0.8333333333333334,1.0,1.0,1.0,1.0,1.0,1.0,0.006,1.0,0.011928429423459244,0.006
252,_ or _ or _,6,1000,exact_constraint_verifier,6,1000,0.8333333333333334,1.0,1.0,1.0,1.0,1.0,1.0,0.006,1.0,0.011928429423459244,0.006
253,_ or _ or _,6,1000,BM25,100,1000,0.8333333333333334,1.0,1.0,1.0,1.0,0.9930783166417602,0.9930783166417602,0.006,1.0,0.011928429423459244,0.006
253,_ or _ or _,6,1000,Qwen/Qwen3-Reranker-4B,100,1000,0.8333333333333334,1.0,1.0,1.0,1.0,1.0,1.0,0.006,1.0,0.011928429423459244,0.006
253,_ or _ or _,6,1000,exact_constraint_verifier,6,1000,0.8333333333333334,1.0,1.0,1.0,1.0,1.0,1.0,0.006,1.0,0.011928429423459244,0.006
254,_ or _ or _,5,1000,BM25,100,1000,0.8,1.0,1.0,1.0,0.8687949224876582,0.9818483242455301,0.9818483242455301,0.005,1.0,0.009950248756218907,0.005
254,_ or _ or _,5,1000,Qwen/Qwen3-Reranker-4B,100,1000,1.0,1.0,1.0,1.0,1.0,1.0,1.0,0.005,1.0,0.009950248756218907,0.005
254,_ or _ or _,5,1000,exact_constraint_verifier,5,1000,1.0,1.0,1.0,1.0,1.0,1.0,1.0,0.005,1.0,0.009950248756218907,0.005
255,_ or _ or _,6,1000,BM25,100,1000,0.8333333333333334,1.0,1.0,1.0,1.0,1.0,1.0,0.006,1.0,0.011928429423459244,0.006
255,_ or _ or _,6,1000,Qwen/Qwen3-Reranker-4B,100,1000,0.8333333333333334,1.0,1.0,1.0,1.0,1.0,1.0,0.006,1.0,0.011928429423459244,0.006
255,_ or _ or _,6,1000,exact_constraint_verifier,6,1000,0.8333333333333334,1.0,1.0,1.0,1.0,1.0,1.0,0.006,1.0,0.011928429423459244,0.006
256,_ or _ or _,5,1000,BM25,100,1000,1.0,1.0,1.0,1.0,1.0,1.0,1.0,0.005,1.0,0.009950248756218907,0.005
256,_ or _ or _,5,1000,Qwen/Qwen3-Reranker-4B,100,1000,1.0,1.0,1.0,1.0,1.0,1.0,1.0,0.005,1.0,0.009950248756218907,0.005
256,_ or _ or _,5,1000,exact_constraint_verifier,5,1000,1.0,1.0,1.0,1.0,1.0,1.0,1.0,0.005,1.0,0.009950248756218907,0.005
257,_ or _ or _,5,1000,BM25,100,1000,1.0,1.0,1.0,1.0,1.0,1.0,1.0,0.005,1.0,0.009950248756218907,0.005
257,_ or _ or _,5,1000,Qwen/Qwen3-Reranker-4B,100,1000,1.0,1.0,1.0,1.0,1.0,1.0,1.0,0.005,1.0,0.009950248756218907,0.005
257,_ or _ or _,5,1000,exact_constraint_verifier,5,1000,1.0,1.0,1.0,1.0,1.0,1.0,1.0,0.005,1.0,0.009950248756218907,0.005
258,_ or _ or _,6,1000,BM25,100,1000,0.8333333333333334,1.0,1.0,1.0,1.0,1.0,1.0,0.006,1.0,0.011928429423459244,0.006
258,_ or _ or _,6,1000,Qwen/Qwen3-Reranker-4B,100,1000,0.8333333333333334,1.0,1.0,1.0,1.0,1.0,1.0,0.006,1.0,0.011928429423459244,0.006
258,_ or _ or _,6,1000,exact_constraint_verifier,6,1000,0.8333333333333334,1.0,1.0,1.0,1.0,1.0,1.0,0.006,1.0,0.011928429423459244,0.006
259,_ or _ or _,6,1000,BM25,100,1000,0.8333333333333334,1.0,1.0,1.0,1.0,1.0,1.0,0.006,1.0,0.011928429423459244,0.006
259,_ or _ or _,6,1000,Qwen/Qwen3-Reranker-4B,100,1000,0.8333333333333334,1.0,1.0,1.0,1.0,1.0,1.0,0.006,1.0,0.011928429423459244,0.006
259,_ or _ or _,6,1000,exact_constraint_verifier,6,1000,0.8333333333333334,1.0,1.0,1.0,1.0,1.0,1.0,0.006,1.0,0.011928429423459244,0.006
260,_ or _ or _,6,1000,BM25,100,1000,0.6666666666666666,1.0,1.0,1.0,0.8687949224876582,0.9647121246112085,0.9647121246112085,0.006,1.0,0.011928429423459244,0.006
260,_ or _ or _,6,1000,Qwen/Qwen3-Reranker-4B,100,1000,0.8333333333333334,1.0,1.0,1.0,1.0,1.0,1.0,0.006,1.0,0.011928429423459244,0.006
260,_ or _ or _,6,1000,exact_constraint_verifier,6,1000,0.8333333333333334,1.0,1.0,1.0,1.0,1.0,1.0,0.006,1.0,0.011928429423459244,0.006
261,_ or _ or _,6,1000,BM25,100,1000,0.8333333333333334,1.0,1.0,1.0,1.0,1.0,1.0,0.006,1.0,0.011928429423459244,0.006
261,_ or _ or _,6,1000,Qwen/Qwen3-Reranker-4B,100,1000,0.8333333333333334,1.0,1.0,1.0,1.0,1.0,1.0,0.006,1.0,0.011928429423459244,0.006
261,_ or _ or _,6,1000,exact_constraint_verifier,6,1000,0.8333333333333334,1.0,1.0,1.0,1.0,1.0,1.0,0.006,1.0,0.011928429423459244,0.006
262,_ or _ or _,5,1000,BM25,100,1000,1.0,1.0,1.0,1.0,1.0,1.0,1.0,0.005,1.0,0.009950248756218907,0.005
262,_ or _ or _,5,1000,Qwen/Qwen3-Reranker-4B,100,1000,1.0,1.0,1.0,1.0,1.0,1.0,1.0,0.005,1.0,0.009950248756218907,0.005
262,_ or _ or _,5,1000,exact_constraint_verifier,5,1000,1.0,1.0,1.0,1.0,1.0,1.0,1.0,0.005,1.0,0.009950248756218907,0.005
263,_ or _ or _,6,1000,BM25,100,1000,0.8333333333333334,1.0,1.0,1.0,1.0,1.0,1.0,0.006,1.0,0.011928429423459244,0.006
263,_ or _ or _,6,1000,Qwen/Qwen3-Reranker-4B,100,1000,0.8333333333333334,1.0,1.0,1.0,1.0,1.0,1.0,0.006,1.0,0.011928429423459244,0.006
263,_ or _ or _,6,1000,exact_constraint_verifier,6,1000,0.8333333333333334,1.0,1.0,1.0,1.0,1.0,1.0,0.006,1.0,0.011928429423459244,0.006
264,_ or _ or _,6,1000,BM25,100,1000,0.6666666666666666,0.6666666666666666,0.8333333333333334,0.8333333333333334,0.8687949224876582,0.7751482523375256,0.8287645039434851,0.006,1.0,0.011928429423459244,0.006
264,_ or _ or _,6,1000,Qwen/Qwen3-Reranker-4B,100,1000,0.8333333333333334,1.0,1.0,1.0,1.0,1.0,1.0,0.006,1.0,0.011928429423459244,0.006
264,_ or _ or _,6,1000,exact_constraint_verifier,6,1000,0.8333333333333334,1.0,1.0,1.0,1.0,1.0,1.0,0.006,1.0,0.011928429423459244,0.006
265,_ or _ or _,6,1000,BM25,100,1000,0.8333333333333334,1.0,1.0,1.0,1.0,0.9930783166417602,0.9930783166417602,0.006,1.0,0.011928429423459244,0.006
265,_ or _ or _,6,1000,Qwen/Qwen3-Reranker-4B,100,1000,0.8333333333333334,1.0,1.0,1.0,1.0,1.0,1.0,0.006,1.0,0.011928429423459244,0.006
265,_ or _ or _,6,1000,exact_constraint_verifier,6,1000,0.8333333333333334,1.0,1.0,1.0,1.0,1.0,1.0,0.006,1.0,0.011928429423459244,0.006
266,_ or _ or _,5,1000,BM25,100,1000,0.6,0.6,1.0,1.0,0.7227265726449519,0.7227265726449519,0.8418276750563218,0.005,1.0,0.009950248756218907,0.005
266,_ or _ or _,5,1000,Qwen/Qwen3-Reranker-4B,100,1000,0.8,1.0,1.0,1.0,0.8687949224876582,0.9818483242455301,0.9818483242455301,0.005,1.0,0.009950248756218907,0.005
266,_ or _ or _,5,1000,exact_constraint_verifier,5,1000,1.0,1.0,1.0,1.0,1.0,1.0,1.0,0.005,1.0,0.009950248756218907,0.005
267,_ or _ or _,5,1000,BM25,100,1000,1.0,1.0,1.0,1.0,1.0,1.0,1.0,0.005,1.0,0.009950248756218907,0.005
267,_ or _ or _,5,1000,Qwen/Qwen3-Reranker-4B,100,1000,1.0,1.0,1.0,1.0,1.0,1.0,1.0,0.005,1.0,0.009950248756218907,0.005
267,_ or _ or _,5,1000,exact_constraint_verifier,5,1000,1.0,1.0,1.0,1.0,1.0,1.0,1.0,0.005,1.0,0.009950248756218907,0.005
268,_ or _ or _,4,1000,BM25,100,1000,1.0,1.0,1.0,1.0,1.0,1.0,1.0,0.004,1.0,0.00796812749003984,0.004
268,_ or _ or _,4,1000,Qwen/Qwen3-Reranker-4B,100,1000,1.0,1.0,1.0,1.0,1.0,1.0,1.0,0.004,1.0,0.00796812749003984,0.004
268,_ or _ or _,4,1000,exact_constraint_verifier,4,1000,1.0,1.0,1.0,1.0,1.0,1.0,1.0,0.004,1.0,0.00796812749003984,0.004
269,_ or _ or _,6,1000,BM25,100,1000,0.5,1.0,1.0,1.0,0.6843515475204855,0.8846104232300454,0.8846104232300454,0.006,1.0,0.011928429423459244,0.006
269,_ or _ or _,6,1000,Qwen/Qwen3-Reranker-4B,100,1000,0.8333333333333334,1.0,1.0,1.0,1.0,1.0,1.0,0.006,1.0,0.011928429423459244,0.006
269,_ or _ or _,6,1000,exact_constraint_verifier,6,1000,0.8333333333333334,1.0,1.0,1.0,1.0,1.0,1.0,0.006,1.0,0.011928429423459244,0.006
270,_ or _ or _,6,1000,BM25,100,1000,0.8333333333333334,1.0,1.0,1.0,1.0,0.9833032486989473,0.9833032486989473,0.006,1.0,0.011928429423459244,0.006
270,_ or _ or _,6,1000,Qwen/Qwen3-Reranker-4B,100,1000,0.8333333333333334,1.0,1.0,1.0,1.0,1.0,1.0,0.006,1.0,0.011928429423459244,0.006
270,_ or _ or _,6,1000,exact_constraint_verifier,6,1000,0.8333333333333334,1.0,1.0,1.0,1.0,1.0,1.0,0.006,1.0,0.011928429423459244,0.006
271,_ or _ or _,6,1000,BM25,100,1000,0.8333333333333334,1.0,1.0,1.0,1.0,1.0,1.0,0.006,1.0,0.011928429423459244,0.006
271,_ or _ or _,6,1000,Qwen/Qwen3-Reranker-4B,100,1000,0.8333333333333334,1.0,1.0,1.0,1.0,1.0,1.0,0.006,1.0,0.011928429423459244,0.006
271,_ or _ or _,6,1000,exact_constraint_verifier,6,1000,0.8333333333333334,1.0,1.0,1.0,1.0,1.0,1.0,0.006,1.0,0.011928429423459244,0.006
272,_ or _ or _,6,1000,BM25,100,1000,0.8333333333333334,1.0,1.0,1.0,1.0,1.0,1.0,0.006,1.0,0.011928429423459244,0.006
272,_ or _ or _,6,1000,Qwen/Qwen3-Reranker-4B,100,1000,0.8333333333333334,0.8333333333333334,1.0,1.0,1.0,0.8922108454754891,0.9436507188384735,0.006,1.0,0.011928429423459244,0.006
272,_ or _ or _,6,1000,exact_constraint_verifier,6,1000,0.8333333333333334,1.0,1.0,1.0,1.0,1.0,1.0,0.006,1.0,0.011928429423459244,0.006
273,_ or _ or _,6,1000,BM25,100,1000,0.6666666666666666,1.0,1.0,1.0,0.8687949224876582,0.9783978399515039,0.9783978399515039,0.006,1.0,0.011928429423459244,0.006
273,_ or _ or _,6,1000,Qwen/Qwen3-Reranker-4B,100,1000,0.8333333333333334,1.0,1.0,1.0,1.0,1.0,1.0,0.006,1.0,0.011928429423459244,0.006
273,_ or _ or _,6,1000,exact_constraint_verifier,6,1000,0.8333333333333334,1.0,1.0,1.0,1.0,1.0,1.0,0.006,1.0,0.011928429423459244,0.006
274,_ or _ or _,6,1000,BM25,100,1000,0.8333333333333334,1.0,1.0,1.0,1.0,1.0,1.0,0.006,1.0,0.011928429423459244,0.006
274,_ or _ or _,6,1000,Qwen/Qwen3-Reranker-4B,100,1000,0.8333333333333334,1.0,1.0,1.0,1.0,1.0,1.0,0.006,1.0,0.011928429423459244,0.006
274,_ or _ or _,6,1000,exact_constraint_verifier,6,1000,0.8333333333333334,1.0,1.0,1.0,1.0,1.0,1.0,0.006,1.0,0.011928429423459244,0.006
275,_ or _ or _,6,1000,BM25,100,1000,0.8333333333333334,1.0,1.0,1.0,1.0,1.0,1.0,0.006,1.0,0.011928429423459244,0.006
275,_ or _ or _,6,1000,Qwen/Qwen3-Reranker-4B,100,1000,0.8333333333333334,1.0,1.0,1.0,1.0,1.0,1.0,0.006,1.0,0.011928429423459244,0.006
275,_ or _ or _,6,1000,exact_constraint_verifier,6,1000,0.8333333333333334,1.0,1.0,1.0,1.0,1.0,1.0,0.006,1.0,0.011928429423459244,0.006
276,_ or _ or _,6,1000,BM25,100,1000,0.8333333333333334,1.0,1.0,1.0,1.0,1.0,1.0,0.006,1.0,0.011928429423459244,0.006
276,_ or _ or _,6,1000,Qwen/Qwen3-Reranker-4B,100,1000,0.8333333333333334,1.0,1.0,1.0,1.0,1.0,1.0,0.006,1.0,0.011928429423459244,0.006
276,_ or _ or _,6,1000,exact_constraint_verifier,6,1000,0.8333333333333334,1.0,1.0,1.0,1.0,1.0,1.0,0.006,1.0,0.011928429423459244,0.006
277,_ or _ or _,6,1000,BM25,100,1000,0.8333333333333334,1.0,1.0,1.0,1.0,0.9876712785649565,0.9876712785649565,0.006,1.0,0.011928429423459244,0.006
277,_ or _ or _,6,1000,Qwen/Qwen3-Reranker-4B,100,1000,0.8333333333333334,1.0,1.0,1.0,1.0,1.0,1.0,0.006,1.0,0.011928429423459244,0.006
277,_ or _ or _,6,1000,exact_constraint_verifier,6,1000,0.8333333333333334,1.0,1.0,1.0,1.0,1.0,1.0,0.006,1.0,0.011928429423459244,0.006
278,_ or _ or _,5,1000,BM25,100,1000,1.0,1.0,1.0,1.0,1.0,1.0,1.0,0.005,1.0,0.009950248756218907,0.005
278,_ or _ or _,5,1000,Qwen/Qwen3-Reranker-4B,100,1000,1.0,1.0,1.0,1.0,1.0,1.0,1.0,0.005,1.0,0.009950248756218907,0.005
278,_ or _ or _,5,1000,exact_constraint_verifier,5,1000,1.0,1.0,1.0,1.0,1.0,1.0,1.0,0.005,1.0,0.009950248756218907,0.005
279,_ or _ or _,6,1000,BM25,100,1000,0.8333333333333334,1.0,1.0,1.0,1.0,1.0,1.0,0.006,1.0,0.011928429423459244,0.006
279,_ or _ or _,6,1000,Qwen/Qwen3-Reranker-4B,100,1000,0.8333333333333334,1.0,1.0,1.0,1.0,1.0,1.0,0.006,1.0,0.011928429423459244,0.006
279,_ or _ or _,6,1000,exact_constraint_verifier,6,1000,0.8333333333333334,1.0,1.0,1.0,1.0,1.0,1.0,0.006,1.0,0.011928429423459244,0.006
280,_ or _ or _,6,1000,BM25,100,1000,0.6666666666666666,0.6666666666666666,0.6666666666666666,0.6666666666666666,0.8687949224876582,0.7751482523375256,0.7751482523375256,0.006,1.0,0.011928429423459244,0.006
280,_ or _ or _,6,1000,Qwen/Qwen3-Reranker-4B,100,1000,0.8333333333333334,1.0,1.0,1.0,1.0,1.0,1.0,0.006,1.0,0.011928429423459244,0.006
280,_ or _ or _,6,1000,exact_constraint_verifier,6,1000,0.8333333333333334,1.0,1.0,1.0,1.0,1.0,1.0,0.006,1.0,0.011928429423459244,0.006
281,_ or _ or _,6,1000,BM25,100,1000,0.6666666666666666,0.8333333333333334,0.8333333333333334,0.8333333333333334,0.8687949224876582,0.8760157235037966,0.8760157235037966,0.006,1.0,0.011928429423459244,0.006
281,_ or _ or _,6,1000,Qwen/Qwen3-Reranker-4B,100,1000,0.8333333333333334,1.0,1.0,1.0,1.0,1.0,1.0,0.006,1.0,0.011928429423459244,0.006
281,_ or _ or _,6,1000,exact_constraint_verifier,6,1000,0.8333333333333334,1.0,1.0,1.0,1.0,1.0,1.0,0.006,1.0,0.011928429423459244,0.006
282,_ or _ or _,5,1000,BM25,100,1000,1.0,1.0,1.0,1.0,1.0,1.0,1.0,0.005,1.0,0.009950248756218907,0.005
282,_ or _ or _,5,1000,Qwen/Qwen3-Reranker-4B,100,1000,1.0,1.0,1.0,1.0,1.0,1.0,1.0,0.005,1.0,0.009950248756218907,0.005
282,_ or _ or _,5,1000,exact_constraint_verifier,5,1000,1.0,1.0,1.0,1.0,1.0,1.0,1.0,0.005,1.0,0.009950248756218907,0.005
283,_ or _ or _,6,1000,BM25,100,1000,0.8333333333333334,1.0,1.0,1.0,1.0,1.0,1.0,0.006,1.0,0.011928429423459244,0.006
283,_ or _ or _,6,1000,Qwen/Qwen3-Reranker-4B,100,1000,0.8333333333333334,1.0,1.0,1.0,1.0,1.0,1.0,0.006,1.0,0.011928429423459244,0.006
283,_ or _ or _,6,1000,exact_constraint_verifier,6,1000,0.8333333333333334,1.0,1.0,1.0,1.0,1.0,1.0,0.006,1.0,0.011928429423459244,0.006
284,_ or _ or _,6,1000,BM25,100,1000,0.5,0.8333333333333334,0.8333333333333334,0.8333333333333334,0.6843515475204855,0.8001497450893947,0.8001497450893947,0.006,1.0,0.011928429423459244,0.006
284,_ or _ or _,6,1000,Qwen/Qwen3-Reranker-4B,100,1000,0.8333333333333334,1.0,1.0,1.0,1.0,1.0,1.0,0.006,1.0,0.011928429423459244,0.006
284,_ or _ or _,6,1000,exact_constraint_verifier,6,1000,0.8333333333333334,1.0,1.0,1.0,1.0,1.0,1.0,0.006,1.0,0.011928429423459244,0.006
285,_ or _ or _,5,1000,BM25,100,1000,1.0,1.0,1.0,1.0,1.0,1.0,1.0,0.005,1.0,0.009950248756218907,0.005
285,_ or _ or _,5,1000,Qwen/Qwen3-Reranker-4B,100,1000,1.0,1.0,1.0,1.0,1.0,1.0,1.0,0.005,1.0,0.009950248756218907,0.005
285,_ or _ or _,5,1000,exact_constraint_verifier,5,1000,1.0,1.0,1.0,1.0,1.0,1.0,1.0,0.005,1.0,0.009950248756218907,0.005
286,_ or _ or _,6,1000,BM25,100,1000,0.6666666666666666,1.0,1.0,1.0,0.8539316501572937,0.9705437052559006,0.9705437052559006,0.006,1.0,0.011928429423459244,0.006
286,_ or _ or _,6,1000,Qwen/Qwen3-Reranker-4B,100,1000,0.8333333333333334,1.0,1.0,1.0,1.0,1.0,1.0,0.006,1.0,0.011928429423459244,0.006
286,_ or _ or _,6,1000,exact_constraint_verifier,6,1000,0.8333333333333334,1.0,1.0,1.0,1.0,1.0,1.0,0.006,1.0,0.011928429423459244,0.006
287,_ or _ or _,6,1000,BM25,100,1000,0.6666666666666666,1.0,1.0,1.0,0.6608397947263839,0.7982650576674577,0.7982650576674577,0.006,1.0,0.011928429423459244,0.006
287,_ or _ or _,6,1000,Qwen/Qwen3-Reranker-4B,100,1000,0.8333333333333334,1.0,1.0,1.0,1.0,1.0,1.0,0.006,1.0,0.011928429423459244,0.006
287,_ or _ or _,6,1000,exact_constraint_verifier,6,1000,0.8333333333333334,1.0,1.0,1.0,1.0,1.0,1.0,0.006,1.0,0.011928429423459244,0.006
288,_ or _ or _,5,1000,BM25,100,1000,0.8,0.8,0.8,0.8,0.8687949224876582,0.8687949224876582,0.8687949224876582,0.005,1.0,0.009950248756218907,0.005
288,_ or _ or _,5,1000,Qwen/Qwen3-Reranker-4B,100,1000,1.0,1.0,1.0,1.0,1.0,1.0,1.0,0.005,1.0,0.009950248756218907,0.005
288,_ or _ or _,5,1000,exact_constraint_verifier,5,1000,1.0,1.0,1.0,1.0,1.0,1.0,1.0,0.005,1.0,0.009950248756218907,0.005
289,_ or _ or _,6,1000,BM25,100,1000,0.6666666666666666,0.6666666666666666,0.6666666666666666,0.6666666666666666,0.830419897363192,0.7409096387260824,0.7409096387260824,0.006,1.0,0.011928429423459244,0.006
289,_ or _ or _,6,1000,Qwen/Qwen3-Reranker-4B,100,1000,0.8333333333333334,1.0,1.0,1.0,1.0,1.0,1.0,0.006,1.0,0.011928429423459244,0.006
289,_ or _ or _,6,1000,exact_constraint_verifier,6,1000,0.8333333333333334,1.0,1.0,1.0,1.0,1.0,1.0,0.006,1.0,0.011928429423459244,0.006
290,_ or _ or _,6,1000,BM25,100,1000,0.6666666666666666,1.0,1.0,1.0,0.8687949224876582,0.925169599569985,0.925169599569985,0.006,1.0,0.011928429423459244,0.006
290,_ or _ or _,6,1000,Qwen/Qwen3-Reranker-4B,100,1000,0.8333333333333334,1.0,1.0,1.0,1.0,0.971689228682085,0.971689228682085,0.006,1.0,0.011928429423459244,0.006
290,_ or _ or _,6,1000,exact_constraint_verifier,6,1000,0.8333333333333334,1.0,1.0,1.0,1.0,1.0,1.0,0.006,1.0,0.011928429423459244,0.006
291,_ or _ or _,6,1000,BM25,100,1000,0.8333333333333334,1.0,1.0,1.0,1.0,1.0,1.0,0.006,1.0,0.011928429423459244,0.006
291,_ or _ or _,6,1000,Qwen/Qwen3-Reranker-4B,100,1000,0.8333333333333334,1.0,1.0,1.0,1.0,1.0,1.0,0.006,1.0,0.011928429423459244,0.006
291,_ or _ or _,6,1000,exact_constraint_verifier,6,1000,0.8333333333333334,1.0,1.0,1.0,1.0,1.0,1.0,0.006,1.0,0.011928429423459244,0.006
292,_ or _ or _,6,1000,BM25,100,1000,0.8333333333333334,1.0,1.0,1.0,1.0,1.0,1.0,0.006,1.0,0.011928429423459244,0.006
292,_ or _ or _,6,1000,Qwen/Qwen3-Reranker-4B,100,1000,0.8333333333333334,1.0,1.0,1.0,1.0,1.0,1.0,0.006,1.0,0.011928429423459244,0.006
292,_ or _ or _,6,1000,exact_constraint_verifier,6,1000,0.8333333333333334,1.0,1.0,1.0,1.0,1.0,1.0,0.006,1.0,0.011928429423459244,0.006
293,_ or _ or _,6,1000,BM25,100,1000,0.8333333333333334,1.0,1.0,1.0,1.0,1.0,1.0,0.006,1.0,0.011928429423459244,0.006
293,_ or _ or _,6,1000,Qwen/Qwen3-Reranker-4B,100,1000,0.8333333333333334,1.0,1.0,1.0,1.0,0.9833032486989473,0.9833032486989473,0.006,1.0,0.011928429423459244,0.006
293,_ or _ or _,6,1000,exact_constraint_verifier,6,1000,0.8333333333333334,1.0,1.0,1.0,1.0,1.0,1.0,0.006,1.0,0.011928429423459244,0.006
294,_ or _ or _,6,1000,BM25,100,1000,0.8333333333333334,1.0,1.0,1.0,1.0,0.9930783166417602,0.9930783166417602,0.006,1.0,0.011928429423459244,0.006
294,_ or _ or _,6,1000,Qwen/Qwen3-Reranker-4B,100,1000,0.8333333333333334,1.0,1.0,1.0,1.0,1.0,1.0,0.006,1.0,0.011928429423459244,0.006
294,_ or _ or _,6,1000,exact_constraint_verifier,6,1000,0.8333333333333334,1.0,1.0,1.0,1.0,1.0,1.0,0.006,1.0,0.011928429423459244,0.006
295,_ or _ or _,6,1000,BM25,100,1000,0.8333333333333334,1.0,1.0,1.0,1.0,1.0,1.0,0.006,1.0,0.011928429423459244,0.006
295,_ or _ or _,6,1000,Qwen/Qwen3-Reranker-4B,100,1000,0.8333333333333334,1.0,1.0,1.0,1.0,1.0,1.0,0.006,1.0,0.011928429423459244,0.006
295,_ or _ or _,6,1000,exact_constraint_verifier,6,1000,0.8333333333333334,1.0,1.0,1.0,1.0,1.0,1.0,0.006,1.0,0.011928429423459244,0.006
296,_ or _ or _,6,1000,BM25,100,1000,0.6666666666666666,1.0,1.0,1.0,0.7860137352654724,0.897617883552293,0.897617883552293,0.006,1.0,0.011928429423459244,0.006
296,_ or _ or _,6,1000,Qwen/Qwen3-Reranker-4B,100,1000,0.8333333333333334,1.0,1.0,1.0,1.0,1.0,1.0,0.006,1.0,0.011928429423459244,0.006
296,_ or _ or _,6,1000,exact_constraint_verifier,6,1000,0.8333333333333334,1.0,1.0,1.0,1.0,1.0,1.0,0.006,1.0,0.011928429423459244,0.006
297,_ or _ or _,6,1000,BM25,100,1000,0.8333333333333334,1.0,1.0,1.0,1.0,1.0,1.0,0.006,1.0,0.011928429423459244,0.006
297,_ or _ or _,6,1000,Qwen/Qwen3-Reranker-4B,100,1000,0.8333333333333334,1.0,1.0,1.0,1.0,1.0,1.0,0.006,1.0,0.011928429423459244,0.006
297,_ or _ or _,6,1000,exact_constraint_verifier,6,1000,0.8333333333333334,1.0,1.0,1.0,1.0,1.0,1.0,0.006,1.0,0.011928429423459244,0.006
298,_ or _ or _,6,1000,BM25,100,1000,0.8333333333333334,1.0,1.0,1.0,1.0,1.0,1.0,0.006,1.0,0.011928429423459244,0.006
298,_ or _ or _,6,1000,Qwen/Qwen3-Reranker-4B,100,1000,0.8333333333333334,1.0,1.0,1.0,1.0,1.0,1.0,0.006,1.0,0.011928429423459244,0.006
298,_ or _ or _,6,1000,exact_constraint_verifier,6,1000,0.8333333333333334,1.0,1.0,1.0,1.0,1.0,1.0,0.006,1.0,0.011928429423459244,0.006
299,_ or _ or _,6,1000,BM25,100,1000,0.5,1.0,1.0,1.0,0.639945385422766,0.870715242300424,0.870715242300424,0.006,1.0,0.011928429423459244,0.006
299,_ or _ or _,6,1000,Qwen/Qwen3-Reranker-4B,100,1000,0.8333333333333334,1.0,1.0,1.0,1.0,1.0,1.0,0.006,1.0,0.011928429423459244,0.006
299,_ or _ or _,6,1000,exact_constraint_verifier,6,1000,0.8333333333333334,1.0,1.0,1.0,1.0,1.0,1.0,0.006,1.0,0.011928429423459244,0.006
300,_ that are also _,138,1000,BM25,100,1000,0.036231884057971016,0.13768115942028986,0.6086956521739131,0.84,1.0,0.9659370277440174,0.8678887906701983,0.138,1.0,0.2425307557117751,0.138
300,_ that are also _,138,1000,Qwen/Qwen3-Reranker-4B,100,1000,0.036231884057971016,0.14492753623188406,0.7246376811594203,1.0,1.0,1.0,1.0,0.138,1.0,0.2425307557117751,0.138
300,_ that are also _,138,1000,exact_constraint_verifier,100,1000,0.036231884057971016,0.14492753623188406,0.7246376811594203,1.0,1.0,1.0,1.0,0.138,1.0,0.2425307557117751,0.138
301,_ that are also _,133,1000,BM25,100,1000,0.03759398496240601,0.15037593984962405,0.7518796992481203,1.0,1.0,1.0,1.0,0.133,1.0,0.23477493380406003,0.133
301,_ that are also _,133,1000,Qwen/Qwen3-Reranker-4B,100,1000,0.03759398496240601,0.15037593984962405,0.7518796992481203,1.0,1.0,1.0,1.0,0.133,1.0,0.23477493380406003,0.133
301,_ that are also _,133,1000,exact_constraint_verifier,100,1000,0.03759398496240601,0.15037593984962405,0.7518796992481203,1.0,1.0,1.0,1.0,0.133,1.0,0.23477493380406003,0.133
302,_ that are also _,142,1000,BM25,100,1000,0.035211267605633804,0.14084507042253522,0.704225352112676,1.0,1.0,1.0,1.0,0.142,1.0,0.2486865148861646,0.142
302,_ that are also _,142,1000,Qwen/Qwen3-Reranker-4B,100,1000,0.035211267605633804,0.14084507042253522,0.704225352112676,1.0,1.0,1.0,1.0,0.142,1.0,0.2486865148861646,0.142
302,_ that are also _,142,1000,exact_constraint_verifier,100,1000,0.035211267605633804,0.14084507042253522,0.704225352112676,1.0,1.0,1.0,1.0,0.142,1.0,0.2486865148861646,0.142
303,_ that are also _,141,1000,BM25,100,1000,0.03546099290780142,0.14184397163120568,0.7092198581560284,1.0,1.0,1.0,1.0,0.141,1.0,0.2471516213847502,0.141
303,_ that are also _,141,1000,Qwen/Qwen3-Reranker-4B,100,1000,0.03546099290780142,0.14184397163120568,0.6950354609929078,0.98,1.0,1.0,0.9852884651738051,0.141,1.0,0.2471516213847502,0.141
303,_ that are also _,141,1000,exact_constraint_verifier,100,1000,0.03546099290780142,0.14184397163120568,0.7092198581560284,1.0,1.0,1.0,1.0,0.141,1.0,0.2471516213847502,0.141
304,_ that are also _,135,1000,BM25,100,1000,0.037037037037037035,0.14814814814814814,0.7407407407407407,1.0,1.0,1.0,1.0,0.135,1.0,0.2378854625550661,0.135
304,_ that are also _,135,1000,Qwen/Qwen3-Reranker-4B,100,1000,0.037037037037037035,0.14814814814814814,0.7407407407407407,1.0,1.0,1.0,1.0,0.135,1.0,0.2378854625550661,0.135
304,_ that are also _,135,1000,exact_constraint_verifier,100,1000,0.037037037037037035,0.14814814814814814,0.7407407407407407,1.0,1.0,1.0,1.0,0.135,1.0,0.2378854625550661,0.135
305,_ that are also _,115,1000,BM25,100,1000,0.043478260869565216,0.17391304347826086,0.8695652173913043,1.0,1.0,1.0,1.0,0.115,1.0,0.2062780269058296,0.115
305,_ that are also _,115,1000,Qwen/Qwen3-Reranker-4B,100,1000,0.043478260869565216,0.17391304347826086,0.8521739130434782,0.98,1.0,1.0,0.9852133018585443,0.115,1.0,0.2062780269058296,0.115
305,_ that are also _,115,1000,exact_constraint_verifier,100,1000,0.043478260869565216,0.17391304347826086,0.8695652173913043,1.0,1.0,1.0,1.0,0.115,1.0,0.2062780269058296,0.115
306,_ that are also _,154,1000,BM25,100,1000,0.032467532467532464,0.12337662337662338,0.6038961038961039,0.93,1.0,0.9671350294324229,0.9417940701434085,0.154,1.0,0.2668977469670711,0.154
306,_ that are also _,154,1000,Qwen/Qwen3-Reranker-4B,100,1000,0.032467532467532464,0.12987012987012986,0.6493506493506493,1.0,1.0,1.0,1.0,0.154,1.0,0.2668977469670711,0.154
306,_ that are also _,154,1000,exact_constraint_verifier,100,1000,0.032467532467532464,0.12987012987012986,0.6493506493506493,1.0,1.0,1.0,1.0,0.154,1.0,0.2668977469670711,0.154
307,_ that are also _,136,1000,BM25,100,1000,0.03676470588235294,0.14705882352941177,0.7352941176470589,1.0,1.0,1.0,1.0,0.136,1.0,0.23943661971830985,0.136
307,_ that are also _,136,1000,Qwen/Qwen3-Reranker-4B,100,1000,0.03676470588235294,0.14705882352941177,0.7352941176470589,1.0,1.0,1.0,1.0,0.136,1.0,0.23943661971830985,0.136
307,_ that are also _,136,1000,exact_constraint_verifier,100,1000,0.03676470588235294,0.14705882352941177,0.7352941176470589,1.0,1.0,1.0,1.0,0.136,1.0,0.23943661971830985,0.136
308,_ that are also _,142,1000,BM25,100,1000,0.035211267605633804,0.14084507042253522,0.704225352112676,1.0,1.0,1.0,1.0,0.142,1.0,0.2486865148861646,0.142
308,_ that are also _,142,1000,Qwen/Qwen3-Reranker-4B,100,1000,0.035211267605633804,0.14084507042253522,0.704225352112676,1.0,1.0,1.0,1.0,0.142,1.0,0.2486865148861646,0.142
308,_ that are also _,142,1000,exact_constraint_verifier,100,1000,0.035211267605633804,0.14084507042253522,0.704225352112676,1.0,1.0,1.0,1.0,0.142,1.0,0.2486865148861646,0.142
309,_ that are also _,129,1000,BM25,100,1000,0.03875968992248062,0.15503875968992248,0.7751937984496124,1.0,1.0,1.0,1.0,0.129,1.0,0.22852081488042517,0.129
309,_ that are also _,129,1000,Qwen/Qwen3-Reranker-4B,100,1000,0.03875968992248062,0.15503875968992248,0.7751937984496124,1.0,1.0,1.0,1.0,0.129,1.0,0.22852081488042517,0.129
309,_ that are also _,129,1000,exact_constraint_verifier,100,1000,0.03875968992248062,0.15503875968992248,0.7751937984496124,1.0,1.0,1.0,1.0,0.129,1.0,0.22852081488042517,0.129
310,_ that are also _,142,1000,BM25,100,1000,0.035211267605633804,0.14084507042253522,0.704225352112676,1.0,1.0,1.0,1.0,0.142,1.0,0.2486865148861646,0.142
310,_ that are also _,142,1000,Qwen/Qwen3-Reranker-4B,100,1000,0.035211267605633804,0.14084507042253522,0.704225352112676,1.0,1.0,1.0,1.0,0.142,1.0,0.2486865148861646,0.142
310,_ that are also _,142,1000,exact_constraint_verifier,100,1000,0.035211267605633804,0.14084507042253522,0.704225352112676,1.0,1.0,1.0,1.0,0.142,1.0,0.2486865148861646,0.142
311,_ that are also _,146,1000,BM25,100,1000,0.03424657534246575,0.136986301369863,0.684931506849315,1.0,1.0,1.0,1.0,0.146,1.0,0.2547993019197208,0.146
311,_ that are also _,146,1000,Qwen/Qwen3-Reranker-4B,100,1000,0.03424657534246575,0.136986301369863,0.684931506849315,1.0,1.0,1.0,1.0,0.146,1.0,0.2547993019197208,0.146
311,_ that are also _,146,1000,exact_constraint_verifier,100,1000,0.03424657534246575,0.136986301369863,0.684931506849315,1.0,1.0,1.0,1.0,0.146,1.0,0.2547993019197208,0.146
312,_ that are also _,113,1000,BM25,100,1000,0.04424778761061947,0.17699115044247787,0.8761061946902655,0.99,1.0,1.0,0.9928116259749385,0.113,1.0,0.20305480682839175,0.113
312,_ that are also _,113,1000,Qwen/Qwen3-Reranker-4B,100,1000,0.04424778761061947,0.17699115044247787,0.8849557522123894,1.0,1.0,1.0,1.0,0.113,1.0,0.20305480682839175,0.113
312,_ that are also _,113,1000,exact_constraint_verifier,100,1000,0.04424778761061947,0.17699115044247787,0.8849557522123894,1.0,1.0,1.0,1.0,0.113,1.0,0.20305480682839175,0.113
313,_ that are also _,139,1000,BM25,100,1000,0.03597122302158273,0.14388489208633093,0.7194244604316546,1.0,1.0,1.0,1.0,0.139,1.0,0.2440737489025461,0.139
313,_ that are also _,139,1000,Qwen/Qwen3-Reranker-4B,100,1000,0.03597122302158273,0.14388489208633093,0.7194244604316546,1.0,1.0,1.0,1.0,0.139,1.0,0.2440737489025461,0.139
313,_ that are also _,139,1000,exact_constraint_verifier,100,1000,0.03597122302158273,0.14388489208633093,0.7194244604316546,1.0,1.0,1.0,1.0,0.139,1.0,0.2440737489025461,0.139
314,_ that are also _,125,1000,BM25,100,1000,0.04,0.16,0.8,1.0,1.0,1.0,1.0,0.125,1.0,0.2222222222222222,0.125
314,_ that are also _,125,1000,Qwen/Qwen3-Reranker-4B,100,1000,0.04,0.16,0.8,1.0,1.0,1.0,1.0,0.125,1.0,0.2222222222222222,0.125
314,_ that are also _,125,1000,exact_constraint_verifier,100,1000,0.04,0.16,0.8,1.0,1.0,1.0,1.0,0.125,1.0,0.2222222222222222,0.125
315,_ that are also _,142,1000,BM25,100,1000,0.035211267605633804,0.14084507042253522,0.704225352112676,1.0,1.0,1.0,1.0,0.142,1.0,0.2486865148861646,0.142
315,_ that are also _,142,1000,Qwen/Qwen3-Reranker-4B,100,1000,0.035211267605633804,0.14084507042253522,0.704225352112676,1.0,1.0,1.0,1.0,0.142,1.0,0.2486865148861646,0.142
315,_ that are also _,142,1000,exact_constraint_verifier,100,1000,0.035211267605633804,0.14084507042253522,0.704225352112676,1.0,1.0,1.0,1.0,0.142,1.0,0.2486865148861646,0.142
316,_ that are also _,128,1000,BM25,100,1000,0.0390625,0.15625,0.78125,1.0,1.0,1.0,1.0,0.128,1.0,0.22695035460992907,0.128
316,_ that are also _,128,1000,Qwen/Qwen3-Reranker-4B,100,1000,0.0390625,0.15625,0.78125,1.0,1.0,1.0,1.0,0.128,1.0,0.22695035460992907,0.128
316,_ that are also _,128,1000,exact_constraint_verifier,100,1000,0.0390625,0.15625,0.78125,1.0,1.0,1.0,1.0,0.128,1.0,0.22695035460992907,0.128
317,_ that are also _,150,1000,BM25,100,1000,0.03333333333333333,0.13333333333333333,0.6666666666666666,1.0,1.0,1.0,1.0,0.15,1.0,0.2608695652173913,0.15
317,_ that are also _,150,1000,Qwen/Qwen3-Reranker-4B,100,1000,0.03333333333333333,0.13333333333333333,0.6666666666666666,1.0,1.0,1.0,1.0,0.15,1.0,0.2608695652173913,0.15
317,_ that are also _,150,1000,exact_constraint_verifier,100,1000,0.03333333333333333,0.13333333333333333,0.6666666666666666,1.0,1.0,1.0,1.0,0.15,1.0,0.2608695652173913,0.15
318,_ that are also _,161,1000,BM25,100,1000,0.031055900621118012,0.12422360248447205,0.6211180124223602,1.0,1.0,1.0,1.0,0.161,1.0,0.27734711455641686,0.161
318,_ that are also _,161,1000,Qwen/Qwen3-Reranker-4B,100,1000,0.031055900621118012,0.12422360248447205,0.6211180124223602,1.0,1.0,1.0,1.0,0.161,1.0,0.27734711455641686,0.161
318,_ that are also _,161,1000,exact_constraint_verifier,100,1000,0.031055900621118012,0.12422360248447205,0.6211180124223602,1.0,1.0,1.0,1.0,0.161,1.0,0.27734711455641686,0.161
319,_ that are also _,140,1000,BM25,100,1000,0.03571428571428571,0.14285714285714285,0.7142857142857143,1.0,1.0,1.0,1.0,0.14,1.0,0.24561403508771928,0.14
319,_ that are also _,140,1000,Qwen/Qwen3-Reranker-4B,100,1000,0.03571428571428571,0.14285714285714285,0.7142857142857143,1.0,1.0,1.0,1.0,0.14,1.0,0.24561403508771928,0.14
319,_ that are also _,140,1000,exact_constraint_verifier,100,1000,0.03571428571428571,0.14285714285714285,0.7142857142857143,1.0,1.0,1.0,1.0,0.14,1.0,0.24561403508771928,0.14
320,_ that are also _,152,1000,BM25,100,1000,0.03289473684210526,0.13157894736842105,0.6578947368421053,1.0,1.0,1.0,1.0,0.152,1.0,0.2638888888888889,0.152
320,_ that are also _,152,1000,Qwen/Qwen3-Reranker-4B,100,1000,0.03289473684210526,0.13157894736842105,0.6578947368421053,1.0,1.0,1.0,1.0,0.152,1.0,0.2638888888888889,0.152
320,_ that are also _,152,1000,exact_constraint_verifier,100,1000,0.03289473684210526,0.13157894736842105,0.6578947368421053,1.0,1.0,1.0,1.0,0.152,1.0,0.2638888888888889,0.152
321,_ that are also _,138,1000,BM25,100,1000,0.028985507246376812,0.10869565217391304,0.41304347826086957,0.57,0.830419897363192,0.7820392660599275,0.6094942307797477,0.138,1.0,0.2425307557117751,0.138
321,_ that are also _,138,1000,Qwen/Qwen3-Reranker-4B,100,1000,0.036231884057971016,0.14492753623188406,0.6956521739130435,0.96,1.0,1.0,0.9700651657530222,0.138,1.0,0.2425307557117751,0.138
321,_ that are also _,138,1000,exact_constraint_verifier,100,1000,0.036231884057971016,0.14492753623188406,0.7246376811594203,1.0,1.0,1.0,1.0,0.138,1.0,0.2425307557117751,0.138
322,_ that are also _,135,1000,BM25,100,1000,0.037037037037037035,0.14814814814814814,0.7407407407407407,1.0,1.0,1.0,1.0,0.135,1.0,0.2378854625550661,0.135
322,_ that are also _,135,1000,Qwen/Qwen3-Reranker-4B,100,1000,0.037037037037037035,0.14814814814814814,0.7407407407407407,1.0,1.0,1.0,1.0,0.135,1.0,0.2378854625550661,0.135
322,_ that are also _,135,1000,exact_constraint_verifier,100,1000,0.037037037037037035,0.14814814814814814,0.7407407407407407,1.0,1.0,1.0,1.0,0.135,1.0,0.2378854625550661,0.135
323,_ that are also _,151,1000,BM25,100,1000,0.033112582781456956,0.13245033112582782,0.6622516556291391,1.0,1.0,1.0,1.0,0.151,1.0,0.262380538662033,0.151
323,_ that are also _,151,1000,Qwen/Qwen3-Reranker-4B,100,1000,0.033112582781456956,0.13245033112582782,0.6622516556291391,1.0,1.0,1.0,1.0,0.151,1.0,0.262380538662033,0.151
323,_ that are also _,151,1000,exact_constraint_verifier,100,1000,0.033112582781456956,0.13245033112582782,0.6622516556291391,1.0,1.0,1.0,1.0,0.151,1.0,0.262380538662033,0.151
324,_ that are also _,151,1000,BM25,100,1000,0.033112582781456956,0.13245033112582782,0.6622516556291391,1.0,1.0,1.0,1.0,0.151,1.0,0.262380538662033,0.151
324,_ that are also _,151,1000,Qwen/Qwen3-Reranker-4B,100,1000,0.033112582781456956,0.13245033112582782,0.6622516556291391,1.0,1.0,1.0,1.0,0.151,1.0,0.262380538662033,0.151
324,_ that are also _,151,1000,exact_constraint_verifier,100,1000,0.033112582781456956,0.13245033112582782,0.6622516556291391,1.0,1.0,1.0,1.0,0.151,1.0,0.262380538662033,0.151
325,_ that are also _,151,1000,BM25,100,1000,0.033112582781456956,0.13245033112582782,0.6622516556291391,1.0,1.0,1.0,1.0,0.151,1.0,0.262380538662033,0.151
325,_ that are also _,151,1000,Qwen/Qwen3-Reranker-4B,100,1000,0.033112582781456956,0.13245033112582782,0.6622516556291391,1.0,1.0,1.0,1.0,0.151,1.0,0.262380538662033,0.151
325,_ that are also _,151,1000,exact_constraint_verifier,100,1000,0.033112582781456956,0.13245033112582782,0.6622516556291391,1.0,1.0,1.0,1.0,0.151,1.0,0.262380538662033,0.151
326,_ that are also _,159,1000,BM25,100,1000,0.031446540880503145,0.11949685534591195,0.5471698113207547,0.87,1.0,0.9659370277440174,0.8899945755060009,0.159,1.0,0.274374460742019,0.159
326,_ that are also _,159,1000,Qwen/Qwen3-Reranker-4B,100,1000,0.031446540880503145,0.12578616352201258,0.6289308176100629,1.0,1.0,1.0,1.0,0.159,1.0,0.274374460742019,0.159
326,_ that are also _,159,1000,exact_constraint_verifier,100,1000,0.031446540880503145,0.12578616352201258,0.6289308176100629,1.0,1.0,1.0,1.0,0.159,1.0,0.274374460742019,0.159
327,_ that are also _,151,1000,BM25,100,1000,0.033112582781456956,0.13245033112582782,0.6622516556291391,1.0,1.0,1.0,1.0,0.151,1.0,0.262380538662033,0.151
327,_ that are also _,151,1000,Qwen/Qwen3-Reranker-4B,100,1000,0.033112582781456956,0.13245033112582782,0.6423841059602649,0.97,1.0,1.0,0.9770390357775579,0.151,1.0,0.262380538662033,0.151
327,_ that are also _,151,1000,exact_constraint_verifier,100,1000,0.033112582781456956,0.13245033112582782,0.6622516556291391,1.0,1.0,1.0,1.0,0.151,1.0,0.262380538662033,0.151
328,_ that are also _,151,1000,BM25,100,1000,0.033112582781456956,0.13245033112582782,0.6622516556291391,1.0,1.0,1.0,1.0,0.151,1.0,0.262380538662033,0.151
328,_ that are also _,151,1000,Qwen/Qwen3-Reranker-4B,100,1000,0.033112582781456956,0.13245033112582782,0.6622516556291391,1.0,1.0,1.0,1.0,0.151,1.0,0.262380538662033,0.151
328,_ that are also _,151,1000,exact_constraint_verifier,100,1000,0.033112582781456956,0.13245033112582782,0.6622516556291391,1.0,1.0,1.0,1.0,0.151,1.0,0.262380538662033,0.151
329,_ that are also _,152,1000,BM25,100,1000,0.03289473684210526,0.13157894736842105,0.6578947368421053,1.0,1.0,1.0,1.0,0.152,1.0,0.2638888888888889,0.152
329,_ that are also _,152,1000,Qwen/Qwen3-Reranker-4B,100,1000,0.03289473684210526,0.13157894736842105,0.6578947368421053,1.0,1.0,1.0,1.0,0.152,1.0,0.2638888888888889,0.152
329,_ that are also _,152,1000,exact_constraint_verifier,100,1000,0.03289473684210526,0.13157894736842105,0.6578947368421053,1.0,1.0,1.0,1.0,0.152,1.0,0.2638888888888889,0.152
330,_ that are also _,152,1000,BM25,100,1000,0.03289473684210526,0.13157894736842105,0.6578947368421053,1.0,1.0,1.0,1.0,0.152,1.0,0.2638888888888889,0.152
330,_ that are also _,152,1000,Qwen/Qwen3-Reranker-4B,100,1000,0.03289473684210526,0.13157894736842105,0.6578947368421053,1.0,1.0,1.0,1.0,0.152,1.0,0.2638888888888889,0.152
330,_ that are also _,152,1000,exact_constraint_verifier,100,1000,0.03289473684210526,0.13157894736842105,0.6578947368421053,1.0,1.0,1.0,1.0,0.152,1.0,0.2638888888888889,0.152
331,_ that are also _,152,1000,BM25,100,1000,0.03289473684210526,0.125,0.5986842105263158,0.91,1.0,0.9652498273011313,0.9253948623786639,0.152,1.0,0.2638888888888889,0.152
331,_ that are also _,152,1000,Qwen/Qwen3-Reranker-4B,100,1000,0.03289473684210526,0.13157894736842105,0.6578947368421053,1.0,1.0,1.0,1.0,0.152,1.0,0.2638888888888889,0.152
331,_ that are also _,152,1000,exact_constraint_verifier,100,1000,0.03289473684210526,0.13157894736842105,0.6578947368421053,1.0,1.0,1.0,1.0,0.152,1.0,0.2638888888888889,0.152
332,_ that are also _,156,1000,BM25,100,1000,0.03205128205128205,0.1282051282051282,0.6410256410256411,1.0,1.0,1.0,1.0,0.156,1.0,0.2698961937716263,0.156
332,_ that are also _,156,1000,Qwen/Qwen3-Reranker-4B,100,1000,0.03205128205128205,0.1282051282051282,0.6346153846153846,0.99,1.0,1.0,0.992763764552231,0.156,1.0,0.2698961937716263,0.156
332,_ that are also _,156,1000,exact_constraint_verifier,100,1000,0.03205128205128205,0.1282051282051282,0.6410256410256411,1.0,1.0,1.0,1.0,0.156,1.0,0.2698961937716263,0.156
333,_ that are also _,171,1000,BM25,100,1000,0.029239766081871343,0.11695906432748537,0.5847953216374269,1.0,1.0,1.0,1.0,0.171,1.0,0.2920580700256191,0.171
333,_ that are also _,171,1000,Qwen/Qwen3-Reranker-4B,100,1000,0.029239766081871343,0.11695906432748537,0.5847953216374269,1.0,1.0,1.0,1.0,0.171,1.0,0.2920580700256191,0.171
333,_ that are also _,171,1000,exact_constraint_verifier,100,1000,0.029239766081871343,0.11695906432748537,0.5847953216374269,1.0,1.0,1.0,1.0,0.171,1.0,0.2920580700256191,0.171
334,_ that are also _,155,1000,BM25,100,1000,0.03225806451612903,0.12903225806451613,0.6451612903225806,1.0,1.0,1.0,1.0,0.155,1.0,0.2683982683982684,0.155
334,_ that are also _,155,1000,Qwen/Qwen3-Reranker-4B,100,1000,0.03225806451612903,0.12903225806451613,0.6451612903225806,1.0,1.0,1.0,1.0,0.155,1.0,0.2683982683982684,0.155
334,_ that are also _,155,1000,exact_constraint_verifier,100,1000,0.03225806451612903,0.12903225806451613,0.6451612903225806,1.0,1.0,1.0,1.0,0.155,1.0,0.2683982683982684,0.155
335,_ that are also _,156,1000,BM25,100,1000,0.03205128205128205,0.1282051282051282,0.6410256410256411,1.0,1.0,1.0,1.0,0.156,1.0,0.2698961937716263,0.156
335,_ that are also _,156,1000,Qwen/Qwen3-Reranker-4B,100,1000,0.03205128205128205,0.1282051282051282,0.6410256410256411,1.0,1.0,1.0,1.0,0.156,1.0,0.2698961937716263,0.156
335,_ that are also _,156,1000,exact_constraint_verifier,100,1000,0.03205128205128205,0.1282051282051282,0.6410256410256411,1.0,1.0,1.0,1.0,0.156,1.0,0.2698961937716263,0.156
336,_ that are also _,166,1000,BM25,100,1000,0.030120481927710843,0.12048192771084337,0.6024096385542169,1.0,1.0,1.0,1.0,0.166,1.0,0.2847341337907376,0.166
336,_ that are also _,166,1000,Qwen/Qwen3-Reranker-4B,100,1000,0.030120481927710843,0.12048192771084337,0.6024096385542169,1.0,1.0,1.0,1.0,0.166,1.0,0.2847341337907376,0.166
336,_ that are also _,166,1000,exact_constraint_verifier,100,1000,0.030120481927710843,0.12048192771084337,0.6024096385542169,1.0,1.0,1.0,1.0,0.166,1.0,0.2847341337907376,0.166
337,_ that are also _,155,1000,BM25,100,1000,0.03225806451612903,0.12903225806451613,0.6451612903225806,1.0,1.0,1.0,1.0,0.155,1.0,0.2683982683982684,0.155
337,_ that are also _,155,1000,Qwen/Qwen3-Reranker-4B,100,1000,0.03225806451612903,0.12903225806451613,0.6451612903225806,1.0,1.0,1.0,1.0,0.155,1.0,0.2683982683982684,0.155
337,_ that are also _,155,1000,exact_constraint_verifier,100,1000,0.03225806451612903,0.12903225806451613,0.6451612903225806,1.0,1.0,1.0,1.0,0.155,1.0,0.2683982683982684,0.155
338,_ that are also _,154,1000,BM25,100,1000,0.032467532467532464,0.12987012987012986,0.6493506493506493,1.0,1.0,1.0,1.0,0.154,1.0,0.2668977469670711,0.154
338,_ that are also _,154,1000,Qwen/Qwen3-Reranker-4B,100,1000,0.032467532467532464,0.12987012987012986,0.6493506493506493,1.0,1.0,1.0,1.0,0.154,1.0,0.2668977469670711,0.154
338,_ that are also _,154,1000,exact_constraint_verifier,100,1000,0.032467532467532464,0.12987012987012986,0.6493506493506493,1.0,1.0,1.0,1.0,0.154,1.0,0.2668977469670711,0.154
339,_ that are also _,159,1000,BM25,100,1000,0.031446540880503145,0.12578616352201258,0.6289308176100629,1.0,1.0,1.0,1.0,0.159,1.0,0.274374460742019,0.159
339,_ that are also _,159,1000,Qwen/Qwen3-Reranker-4B,100,1000,0.031446540880503145,0.12578616352201258,0.6289308176100629,1.0,1.0,1.0,1.0,0.159,1.0,0.274374460742019,0.159
339,_ that are also _,159,1000,exact_constraint_verifier,100,1000,0.031446540880503145,0.12578616352201258,0.6289308176100629,1.0,1.0,1.0,1.0,0.159,1.0,0.274374460742019,0.159
340,_ that are also _,1,1000,BM25,100,1000,1.0,1.0,1.0,1.0,1.0,1.0,1.0,0.001,1.0,0.0019980019980019984,0.001
340,_ that are also _,1,1000,Qwen/Qwen3-Reranker-4B,100,1000,1.0,1.0,1.0,1.0,1.0,1.0,1.0,0.001,1.0,0.0019980019980019984,0.001
340,_ that are also _,1,1000,exact_constraint_verifier,1,1000,1.0,1.0,1.0,1.0,1.0,1.0,1.0,0.001,1.0,0.0019980019980019984,0.001
341,_ that are also _,98,1000,BM25,100,1000,0.05102040816326531,0.20408163265306123,1.0,1.0,1.0,1.0,1.0,0.098,1.0,0.1785063752276867,0.098
341,_ that are also _,98,1000,Qwen/Qwen3-Reranker-4B,100,1000,0.05102040816326531,0.20408163265306123,1.0,1.0,1.0,1.0,1.0,0.098,1.0,0.1785063752276867,0.098
341,_ that are also _,98,1000,exact_constraint_verifier,98,1000,0.05102040816326531,0.20408163265306123,1.0,1.0,1.0,1.0,1.0,0.098,1.0,0.1785063752276867,0.098
342,_ that are also _,99,1000,BM25,100,1000,0.050505050505050504,0.20202020202020202,1.0,1.0,1.0,1.0,1.0,0.099,1.0,0.18016378525932666,0.099
342,_ that are also _,99,1000,Qwen/Qwen3-Reranker-4B,100,1000,0.050505050505050504,0.20202020202020202,1.0,1.0,1.0,1.0,0.9999685538631535,0.099,1.0,0.18016378525932666,0.099
342,_ that are also _,99,1000,exact_constraint_verifier,99,1000,0.050505050505050504,0.20202020202020202,1.0,1.0,1.0,1.0,1.0,0.099,1.0,0.18016378525932666,0.099
343,_ that are also _,1,1000,BM25,100,1000,1.0,1.0,1.0,1.0,1.0,1.0,1.0,0.001,1.0,0.0019980019980019984,0.001
343,_ that are also _,1,1000,Qwen/Qwen3-Reranker-4B,100,1000,1.0,1.0,1.0,1.0,1.0,1.0,1.0,0.001,1.0,0.0019980019980019984,0.001
343,_ that are also _,1,1000,exact_constraint_verifier,1,1000,1.0,1.0,1.0,1.0,1.0,1.0,1.0,0.001,1.0,0.0019980019980019984,0.001
344,_ that are also _,1,1000,BM25,100,1000,1.0,1.0,1.0,1.0,1.0,1.0,1.0,0.001,1.0,0.0019980019980019984,0.001
344,_ that are also _,1,1000,Qwen/Qwen3-Reranker-4B,100,1000,1.0,1.0,1.0,1.0,1.0,1.0,1.0,0.001,1.0,0.0019980019980019984,0.001
344,_ that are also _,1,1000,exact_constraint_verifier,1,1000,1.0,1.0,1.0,1.0,1.0,1.0,1.0,0.001,1.0,0.0019980019980019984,0.001
345,_ that are also _,1,1000,BM25,100,1000,1.0,1.0,1.0,1.0,1.0,1.0,1.0,0.001,1.0,0.0019980019980019984,0.001
345,_ that are also _,1,1000,Qwen/Qwen3-Reranker-4B,100,1000,1.0,1.0,1.0,1.0,1.0,1.0,1.0,0.001,1.0,0.0019980019980019984,0.001
345,_ that are also _,1,1000,exact_constraint_verifier,1,1000,1.0,1.0,1.0,1.0,1.0,1.0,1.0,0.001,1.0,0.0019980019980019984,0.001
346,_ that are also _,1,1000,BM25,100,1000,1.0,1.0,1.0,1.0,1.0,1.0,1.0,0.001,1.0,0.0019980019980019984,0.001
346,_ that are also _,1,1000,Qwen/Qwen3-Reranker-4B,100,1000,1.0,1.0,1.0,1.0,1.0,1.0,1.0,0.001,1.0,0.0019980019980019984,0.001
346,_ that are also _,1,1000,exact_constraint_verifier,1,1000,1.0,1.0,1.0,1.0,1.0,1.0,1.0,0.001,1.0,0.0019980019980019984,0.001
347,_ that are also _,1,1000,BM25,100,1000,1.0,1.0,1.0,1.0,1.0,1.0,1.0,0.001,1.0,0.0019980019980019984,0.001
347,_ that are also _,1,1000,Qwen/Qwen3-Reranker-4B,100,1000,1.0,1.0,1.0,1.0,1.0,1.0,1.0,0.001,1.0,0.0019980019980019984,0.001
347,_ that are also _,1,1000,exact_constraint_verifier,1,1000,1.0,1.0,1.0,1.0,1.0,1.0,1.0,0.001,1.0,0.0019980019980019984,0.001
348,_ that are also _,1,1000,BM25,100,1000,1.0,1.0,1.0,1.0,1.0,1.0,1.0,0.001,1.0,0.0019980019980019984,0.001
348,_ that are also _,1,1000,Qwen/Qwen3-Reranker-4B,100,1000,1.0,1.0,1.0,1.0,1.0,1.0,1.0,0.001,1.0,0.0019980019980019984,0.001
348,_ that are also _,1,1000,exact_constraint_verifier,1,1000,1.0,1.0,1.0,1.0,1.0,1.0,1.0,0.001,1.0,0.0019980019980019984,0.001
349,_ that are also _,1,1000,BM25,100,1000,1.0,1.0,1.0,1.0,1.0,1.0,1.0,0.001,1.0,0.0019980019980019984,0.001
349,_ that are also _,1,1000,Qwen/Qwen3-Reranker-4B,100,1000,1.0,1.0,1.0,1.0,1.0,1.0,1.0,0.001,1.0,0.0019980019980019984,0.001
349,_ that are also _,1,1000,exact_constraint_verifier,1,1000,1.0,1.0,1.0,1.0,1.0,1.0,1.0,0.001,1.0,0.0019980019980019984,0.001
350,_ that are also _,99,1000,BM25,100,1000,0.050505050505050504,0.20202020202020202,1.0,1.0,1.0,1.0,1.0,0.099,1.0,0.18016378525932666,0.099
350,_ that are also _,99,1000,Qwen/Qwen3-Reranker-4B,100,1000,0.050505050505050504,0.20202020202020202,0.98989898989899,0.98989898989899,1.0,1.0,0.9927121789240905,0.099,1.0,0.18016378525932666,0.099
350,_ that are also _,99,1000,exact_constraint_verifier,99,1000,0.050505050505050504,0.20202020202020202,1.0,1.0,1.0,1.0,1.0,0.099,1.0,0.18016378525932666,0.099
351,_ that are also _,1,1000,BM25,100,1000,1.0,1.0,1.0,1.0,1.0,1.0,1.0,0.001,1.0,0.0019980019980019984,0.001
351,_ that are also _,1,1000,Qwen/Qwen3-Reranker-4B,100,1000,1.0,1.0,1.0,1.0,1.0,1.0,1.0,0.001,1.0,0.0019980019980019984,0.001
351,_ that are also _,1,1000,exact_constraint_verifier,1,1000,1.0,1.0,1.0,1.0,1.0,1.0,1.0,0.001,1.0,0.0019980019980019984,0.001
352,_ that are also _,97,1000,BM25,100,1000,0.05154639175257732,0.20618556701030927,1.0,1.0,1.0,1.0,1.0,0.097,1.0,0.17684594348222427,0.097
352,_ that are also _,97,1000,Qwen/Qwen3-Reranker-4B,100,1000,0.05154639175257732,0.20618556701030927,0.9587628865979382,0.9587628865979382,1.0,1.0,0.9702270573316498,0.097,1.0,0.17684594348222427,0.097
352,_ that are also _,97,1000,exact_constraint_verifier,97,1000,0.05154639175257732,0.20618556701030927,1.0,1.0,1.0,1.0,1.0,0.097,1.0,0.17684594348222427,0.097
353,_ that are also _,1,1000,BM25,100,1000,1.0,1.0,1.0,1.0,1.0,1.0,1.0,0.001,1.0,0.0019980019980019984,0.001
353,_ that are also _,1,1000,Qwen/Qwen3-Reranker-4B,100,1000,1.0,1.0,1.0,1.0,1.0,1.0,1.0,0.001,1.0,0.0019980019980019984,0.001
353,_ that are also _,1,1000,exact_constraint_verifier,1,1000,1.0,1.0,1.0,1.0,1.0,1.0,1.0,0.001,1.0,0.0019980019980019984,0.001
354,_ that are also _,1,1000,BM25,100,1000,1.0,1.0,1.0,1.0,1.0,1.0,1.0,0.001,1.0,0.0019980019980019984,0.001
354,_ that are also _,1,1000,Qwen/Qwen3-Reranker-4B,100,1000,1.0,1.0,1.0,1.0,1.0,1.0,1.0,0.001,1.0,0.0019980019980019984,0.001
354,_ that are also _,1,1000,exact_constraint_verifier,1,1000,1.0,1.0,1.0,1.0,1.0,1.0,1.0,0.001,1.0,0.0019980019980019984,0.001
355,_ that are also _,1,1000,BM25,100,1000,1.0,1.0,1.0,1.0,1.0,1.0,1.0,0.001,1.0,0.0019980019980019984,0.001
355,_ that are also _,1,1000,Qwen/Qwen3-Reranker-4B,100,1000,1.0,1.0,1.0,1.0,1.0,1.0,1.0,0.001,1.0,0.0019980019980019984,0.001
355,_ that are also _,1,1000,exact_constraint_verifier,1,1000,1.0,1.0,1.0,1.0,1.0,1.0,1.0,0.001,1.0,0.0019980019980019984,0.001
356,_ that are also _,100,1000,BM25,100,1000,0.05,0.2,1.0,1.0,1.0,1.0,1.0,0.1,1.0,0.18181818181818182,0.1
356,_ that are also _,100,1000,Qwen/Qwen3-Reranker-4B,100,1000,0.05,0.2,0.99,0.99,1.0,1.0,0.9927959037357919,0.1,1.0,0.18181818181818182,0.1
356,_ that are also _,100,1000,exact_constraint_verifier,100,1000,0.05,0.2,1.0,1.0,1.0,1.0,1.0,0.1,1.0,0.18181818181818182,0.1
357,_ that are also _,1,1000,BM25,100,1000,1.0,1.0,1.0,1.0,1.0,1.0,1.0,0.001,1.0,0.0019980019980019984,0.001
357,_ that are also _,1,1000,Qwen/Qwen3-Reranker-4B,100,1000,1.0,1.0,1.0,1.0,1.0,1.0,1.0,0.001,1.0,0.0019980019980019984,0.001
357,_ that are also _,1,1000,exact_constraint_verifier,1,1000,1.0,1.0,1.0,1.0,1.0,1.0,1.0,0.001,1.0,0.0019980019980019984,0.001
358,_ that are also _,94,1000,BM25,100,1000,0.05319148936170213,0.2127659574468085,1.0,1.0,1.0,1.0,1.0,0.094,1.0,0.17184643510054842,0.094
358,_ that are also _,94,1000,Qwen/Qwen3-Reranker-4B,100,1000,0.05319148936170213,0.2127659574468085,1.0,1.0,1.0,1.0,0.9999128090981205,0.094,1.0,0.17184643510054842,0.094
358,_ that are also _,94,1000,exact_constraint_verifier,94,1000,0.05319148936170213,0.2127659574468085,1.0,1.0,1.0,1.0,1.0,0.094,1.0,0.17184643510054842,0.094
359,_ that are also _,97,1000,BM25,100,1000,0.05154639175257732,0.20618556701030927,1.0,1.0,1.0,1.0,1.0,0.097,1.0,0.17684594348222427,0.097
359,_ that are also _,97,1000,Qwen/Qwen3-Reranker-4B,100,1000,0.05154639175257732,0.20618556701030927,0.9896907216494846,0.9896907216494846,1.0,1.0,0.9923475565397565,0.097,1.0,0.17684594348222427,0.097
359,_ that are also _,97,1000,exact_constraint_verifier,97,1000,0.05154639175257732,0.20618556701030927,1.0,1.0,1.0,1.0,1.0,0.097,1.0,0.17684594348222427,0.097
360,_ that are also _,99,1000,BM25,100,1000,0.04040404040404041,0.1717171717171717,0.6767676767676768,0.6767676767676768,0.8539316501572937,0.8580425133593689,0.7154998583890192,0.099,1.0,0.18016378525932666,0.099
360,_ that are also _,99,1000,Qwen/Qwen3-Reranker-4B,100,1000,0.050505050505050504,0.20202020202020202,0.98989898989899,0.98989898989899,1.0,1.0,0.9927596921467747,0.099,1.0,0.18016378525932666,0.099
360,_ that are also _,99,1000,exact_constraint_verifier,99,1000,0.050505050505050504,0.20202020202020202,1.0,1.0,1.0,1.0,1.0,0.099,1.0,0.18016378525932666,0.099
361,_ that are also _,1,1000,BM25,100,1000,1.0,1.0,1.0,1.0,1.0,1.0,1.0,0.001,1.0,0.0019980019980019984,0.001
361,_ that are also _,1,1000,Qwen/Qwen3-Reranker-4B,100,1000,1.0,1.0,1.0,1.0,1.0,1.0,1.0,0.001,1.0,0.0019980019980019984,0.001
361,_ that are also _,1,1000,exact_constraint_verifier,1,1000,1.0,1.0,1.0,1.0,1.0,1.0,1.0,0.001,1.0,0.0019980019980019984,0.001
362,_ that are also _,100,1000,BM25,100,1000,0.05,0.2,1.0,1.0,1.0,1.0,1.0,0.1,1.0,0.18181818181818182,0.1
362,_ that are also _,100,1000,Qwen/Qwen3-Reranker-4B,100,1000,0.05,0.2,1.0,1.0,1.0,1.0,1.0,0.1,1.0,0.18181818181818182,0.1
362,_ that are also _,100,1000,exact_constraint_verifier,100,1000,0.05,0.2,1.0,1.0,1.0,1.0,1.0,0.1,1.0,0.18181818181818182,0.1
363,_ that are also _,1,1000,BM25,100,1000,1.0,1.0,1.0,1.0,1.0,1.0,1.0,0.001,1.0,0.0019980019980019984,0.001
363,_ that are also _,1,1000,Qwen/Qwen3-Reranker-4B,100,1000,1.0,1.0,1.0,1.0,1.0,1.0,1.0,0.001,1.0,0.0019980019980019984,0.001
363,_ that are also _,1,1000,exact_constraint_verifier,1,1000,1.0,1.0,1.0,1.0,1.0,1.0,1.0,0.001,1.0,0.0019980019980019984,0.001
364,_ that are also _,99,1000,BM25,100,1000,0.050505050505050504,0.20202020202020202,1.0,1.0,1.0,1.0,1.0,0.099,1.0,0.18016378525932666,0.099
364,_ that are also _,99,1000,Qwen/Qwen3-Reranker-4B,100,1000,0.050505050505050504,0.20202020202020202,0.898989898989899,0.898989898989899,1.0,1.0,0.9248698744213774,0.099,1.0,0.18016378525932666,0.099
364,_ that are also _,99,1000,exact_constraint_verifier,99,1000,0.050505050505050504,0.20202020202020202,1.0,1.0,1.0,1.0,1.0,0.099,1.0,0.18016378525932666,0.099
365,_ that are also _,1,1000,BM25,100,1000,1.0,1.0,1.0,1.0,1.0,1.0,1.0,0.001,1.0,0.0019980019980019984,0.001
365,_ that are also _,1,1000,Qwen/Qwen3-Reranker-4B,100,1000,1.0,1.0,1.0,1.0,1.0,1.0,1.0,0.001,1.0,0.0019980019980019984,0.001
365,_ that are also _,1,1000,exact_constraint_verifier,1,1000,1.0,1.0,1.0,1.0,1.0,1.0,1.0,0.001,1.0,0.0019980019980019984,0.001
366,_ that are also _,1,1000,BM25,100,1000,1.0,1.0,1.0,1.0,1.0,1.0,1.0,0.001,1.0,0.0019980019980019984,0.001
366,_ that are also _,1,1000,Qwen/Qwen3-Reranker-4B,100,1000,1.0,1.0,1.0,1.0,1.0,1.0,1.0,0.001,1.0,0.0019980019980019984,0.001
366,_ that are also _,1,1000,exact_constraint_verifier,1,1000,1.0,1.0,1.0,1.0,1.0,1.0,1.0,0.001,1.0,0.0019980019980019984,0.001
367,_ that are also _,100,1000,BM25,100,1000,0.05,0.2,1.0,1.0,1.0,1.0,1.0,0.1,1.0,0.18181818181818182,0.1
367,_ that are also _,100,1000,Qwen/Qwen3-Reranker-4B,100,1000,0.05,0.2,0.99,0.99,1.0,1.0,0.9928271243134078,0.1,1.0,0.18181818181818182,0.1
367,_ that are also _,100,1000,exact_constraint_verifier,100,1000,0.05,0.2,1.0,1.0,1.0,1.0,1.0,0.1,1.0,0.18181818181818182,0.1
368,_ that are also _,95,1000,BM25,100,1000,0.05263157894736842,0.21052631578947367,0.9894736842105263,0.9894736842105263,1.0,1.0,0.9923221022924751,0.095,1.0,0.17351598173515984,0.095
368,_ that are also _,95,1000,Qwen/Qwen3-Reranker-4B,100,1000,0.05263157894736842,0.21052631578947367,0.9789473684210527,0.9789473684210527,1.0,1.0,0.9849177763832871,0.095,1.0,0.17351598173515984,0.095
368,_ that are also _,95,1000,exact_constraint_verifier,95,1000,0.05263157894736842,0.21052631578947367,1.0,1.0,1.0,1.0,1.0,0.095,1.0,0.17351598173515984,0.095
369,_ that are also _,1,1000,BM25,100,1000,1.0,1.0,1.0,1.0,1.0,1.0,1.0,0.001,1.0,0.0019980019980019984,0.001
369,_ that are also _,1,1000,Qwen/Qwen3-Reranker-4B,100,1000,1.0,1.0,1.0,1.0,1.0,1.0,1.0,0.001,1.0,0.0019980019980019984,0.001
369,_ that are also _,1,1000,exact_constraint_verifier,1,1000,1.0,1.0,1.0,1.0,1.0,1.0,1.0,0.001,1.0,0.0019980019980019984,0.001
370,_ that are also _,1,1000,BM25,100,1000,1.0,1.0,1.0,1.0,1.0,1.0,1.0,0.001,1.0,0.0019980019980019984,0.001
370,_ that are also _,1,1000,Qwen/Qwen3-Reranker-4B,100,1000,1.0,1.0,1.0,1.0,1.0,1.0,1.0,0.001,1.0,0.0019980019980019984,0.001
370,_ that are also _,1,1000,exact_constraint_verifier,1,1000,1.0,1.0,1.0,1.0,1.0,1.0,1.0,0.001,1.0,0.0019980019980019984,0.001
371,_ that are also _,1,1000,BM25,100,1000,1.0,1.0,1.0,1.0,1.0,1.0,1.0,0.001,1.0,0.0019980019980019984,0.001
371,_ that are also _,1,1000,Qwen/Qwen3-Reranker-4B,100,1000,1.0,1.0,1.0,1.0,1.0,1.0,1.0,0.001,1.0,0.0019980019980019984,0.001
371,_ that are also _,1,1000,exact_constraint_verifier,1,1000,1.0,1.0,1.0,1.0,1.0,1.0,1.0,0.001,1.0,0.0019980019980019984,0.001
372,_ that are also _,127,1000,BM25,100,1000,0.03937007874015748,0.15748031496062992,0.7874015748031497,1.0,1.0,1.0,1.0,0.127,1.0,0.225377107364685,0.127
372,_ that are also _,127,1000,Qwen/Qwen3-Reranker-4B,100,1000,0.03937007874015748,0.15748031496062992,0.7874015748031497,1.0,1.0,1.0,1.0,0.127,1.0,0.225377107364685,0.127
372,_ that are also _,127,1000,exact_constraint_verifier,100,1000,0.03937007874015748,0.15748031496062992,0.7874015748031497,1.0,1.0,1.0,1.0,0.127,1.0,0.225377107364685,0.127
373,_ that are also _,129,1000,BM25,100,1000,0.03875968992248062,0.15503875968992248,0.7751937984496124,1.0,1.0,1.0,1.0,0.129,1.0,0.22852081488042517,0.129
373,_ that are also _,129,1000,Qwen/Qwen3-Reranker-4B,100,1000,0.03875968992248062,0.15503875968992248,0.7751937984496124,1.0,1.0,1.0,1.0,0.129,1.0,0.22852081488042517,0.129
373,_ that are also _,129,1000,exact_constraint_verifier,100,1000,0.03875968992248062,0.15503875968992248,0.7751937984496124,1.0,1.0,1.0,1.0,0.129,1.0,0.22852081488042517,0.129
374,_ that are also _,139,1000,BM25,100,1000,0.03597122302158273,0.14388489208633093,0.7194244604316546,1.0,1.0,1.0,1.0,0.139,1.0,0.2440737489025461,0.139
374,_ that are also _,139,1000,Qwen/Qwen3-Reranker-4B,100,1000,0.03597122302158273,0.14388489208633093,0.7194244604316546,1.0,1.0,1.0,1.0,0.139,1.0,0.2440737489025461,0.139
374,_ that are also _,139,1000,exact_constraint_verifier,100,1000,0.03597122302158273,0.14388489208633093,0.7194244604316546,1.0,1.0,1.0,1.0,0.139,1.0,0.2440737489025461,0.139
375,_ that are also _,143,1000,BM25,100,1000,0.03496503496503497,0.13986013986013987,0.6993006993006993,1.0,1.0,1.0,1.0,0.143,1.0,0.2502187226596675,0.143
375,_ that are also _,143,1000,Qwen/Qwen3-Reranker-4B,100,1000,0.03496503496503497,0.13986013986013987,0.6993006993006993,1.0,1.0,1.0,1.0,0.143,1.0,0.2502187226596675,0.143
375,_ that are also _,143,1000,exact_constraint_verifier,100,1000,0.03496503496503497,0.13986013986013987,0.6993006993006993,1.0,1.0,1.0,1.0,0.143,1.0,0.2502187226596675,0.143
376,_ that are also _,132,1000,BM25,100,1000,0.03787878787878788,0.15151515151515152,0.7575757575757576,1.0,1.0,1.0,1.0,0.132,1.0,0.2332155477031802,0.132
376,_ that are also _,132,1000,Qwen/Qwen3-Reranker-4B,100,1000,0.03787878787878788,0.15151515151515152,0.7575757575757576,1.0,1.0,1.0,1.0,0.132,1.0,0.2332155477031802,0.132
376,_ that are also _,132,1000,exact_constraint_verifier,100,1000,0.03787878787878788,0.15151515151515152,0.7575757575757576,1.0,1.0,1.0,1.0,0.132,1.0,0.2332155477031802,0.132
377,_ that are also _,167,1000,BM25,100,1000,0.029940119760479042,0.11976047904191617,0.5988023952095808,1.0,1.0,1.0,1.0,0.167,1.0,0.28620394173093405,0.167
377,_ that are also _,167,1000,Qwen/Qwen3-Reranker-4B,100,1000,0.029940119760479042,0.11976047904191617,0.5988023952095808,1.0,1.0,1.0,1.0,0.167,1.0,0.28620394173093405,0.167
377,_ that are also _,167,1000,exact_constraint_verifier,100,1000,0.029940119760479042,0.11976047904191617,0.5988023952095808,1.0,1.0,1.0,1.0,0.167,1.0,0.28620394173093405,0.167
378,_ that are also _,140,1000,BM25,100,1000,0.03571428571428571,0.14285714285714285,0.7142857142857143,1.0,1.0,1.0,1.0,0.14,1.0,0.24561403508771928,0.14
378,_ that are also _,140,1000,Qwen/Qwen3-Reranker-4B,100,1000,0.03571428571428571,0.14285714285714285,0.7142857142857143,1.0,1.0,1.0,1.0,0.14,1.0,0.24561403508771928,0.14
378,_ that are also _,140,1000,exact_constraint_verifier,100,1000,0.03571428571428571,0.14285714285714285,0.7142857142857143,1.0,1.0,1.0,1.0,0.14,1.0,0.24561403508771928,0.14
379,_ that are also _,125,1000,BM25,100,1000,0.04,0.16,0.8,1.0,1.0,1.0,1.0,0.125,1.0,0.2222222222222222,0.125
379,_ that are also _,125,1000,Qwen/Qwen3-Reranker-4B,100,1000,0.04,0.16,0.8,1.0,1.0,1.0,1.0,0.125,1.0,0.2222222222222222,0.125
379,_ that are also _,125,1000,exact_constraint_verifier,100,1000,0.04,0.16,0.8,1.0,1.0,1.0,1.0,0.125,1.0,0.2222222222222222,0.125
380,_ that are also _,137,1000,BM25,100,1000,0.0364963503649635,0.145985401459854,0.7299270072992701,1.0,1.0,1.0,1.0,0.137,1.0,0.24098504837291118,0.137
380,_ that are also _,137,1000,Qwen/Qwen3-Reranker-4B,100,1000,0.0364963503649635,0.145985401459854,0.7299270072992701,1.0,1.0,1.0,1.0,0.137,1.0,0.24098504837291118,0.137
380,_ that are also _,137,1000,exact_constraint_verifier,100,1000,0.0364963503649635,0.145985401459854,0.7299270072992701,1.0,1.0,1.0,1.0,0.137,1.0,0.24098504837291118,0.137
381,_ that are also _,145,1000,BM25,100,1000,0.034482758620689655,0.13793103448275862,0.6896551724137931,1.0,1.0,1.0,1.0,0.145,1.0,0.25327510917030566,0.145
381,_ that are also _,145,1000,Qwen/Qwen3-Reranker-4B,100,1000,0.034482758620689655,0.13793103448275862,0.6896551724137931,1.0,1.0,1.0,1.0,0.145,1.0,0.25327510917030566,0.145
381,_ that are also _,145,1000,exact_constraint_verifier,100,1000,0.034482758620689655,0.13793103448275862,0.6896551724137931,1.0,1.0,1.0,1.0,0.145,1.0,0.25327510917030566,0.145
382,_ that are also _,133,1000,BM25,100,1000,0.03759398496240601,0.15037593984962405,0.7518796992481203,1.0,1.0,1.0,1.0,0.133,1.0,0.23477493380406003,0.133
382,_ that are also _,133,1000,Qwen/Qwen3-Reranker-4B,100,1000,0.03759398496240601,0.15037593984962405,0.7518796992481203,1.0,1.0,1.0,1.0,0.133,1.0,0.23477493380406003,0.133
382,_ that are also _,133,1000,exact_constraint_verifier,100,1000,0.03759398496240601,0.15037593984962405,0.7518796992481203,1.0,1.0,1.0,1.0,0.133,1.0,0.23477493380406003,0.133
383,_ that are also _,151,1000,BM25,100,1000,0.033112582781456956,0.13245033112582782,0.6622516556291391,1.0,1.0,1.0,1.0,0.151,1.0,0.262380538662033,0.151
383,_ that are also _,151,1000,Qwen/Qwen3-Reranker-4B,100,1000,0.033112582781456956,0.13245033112582782,0.6622516556291391,1.0,1.0,1.0,1.0,0.151,1.0,0.262380538662033,0.151
383,_ that are also _,151,1000,exact_constraint_verifier,100,1000,0.033112582781456956,0.13245033112582782,0.6622516556291391,1.0,1.0,1.0,1.0,0.151,1.0,0.262380538662033,0.151
384,_ that are also _,164,1000,BM25,100,1000,0.03048780487804878,0.12195121951219512,0.6097560975609756,1.0,1.0,1.0,1.0,0.164,1.0,0.28178694158075607,0.164
384,_ that are also _,164,1000,Qwen/Qwen3-Reranker-4B,100,1000,0.03048780487804878,0.12195121951219512,0.6097560975609756,1.0,1.0,1.0,1.0,0.164,1.0,0.28178694158075607,0.164
384,_ that are also _,164,1000,exact_constraint_verifier,100,1000,0.03048780487804878,0.12195121951219512,0.6097560975609756,1.0,1.0,1.0,1.0,0.164,1.0,0.28178694158075607,0.164
385,_ that are also _,145,1000,BM25,100,1000,0.034482758620689655,0.13793103448275862,0.6896551724137931,1.0,1.0,1.0,1.0,0.145,1.0,0.25327510917030566,0.145
385,_ that are also _,145,1000,Qwen/Qwen3-Reranker-4B,100,1000,0.034482758620689655,0.13793103448275862,0.6896551724137931,1.0,1.0,1.0,1.0,0.145,1.0,0.25327510917030566,0.145
385,_ that are also _,145,1000,exact_constraint_verifier,100,1000,0.034482758620689655,0.13793103448275862,0.6896551724137931,1.0,1.0,1.0,1.0,0.145,1.0,0.25327510917030566,0.145
386,_ that are also _,160,1000,BM25,100,1000,0.03125,0.125,0.625,1.0,1.0,1.0,1.0,0.16,1.0,0.2758620689655173,0.16
386,_ that are also _,160,1000,Qwen/Qwen3-Reranker-4B,100,1000,0.03125,0.125,0.625,1.0,1.0,1.0,1.0,0.16,1.0,0.2758620689655173,0.16
386,_ that are also _,160,1000,exact_constraint_verifier,100,1000,0.03125,0.125,0.625,1.0,1.0,1.0,1.0,0.16,1.0,0.2758620689655173,0.16
387,_ that are also _,139,1000,BM25,100,1000,0.03597122302158273,0.14388489208633093,0.7194244604316546,1.0,1.0,1.0,1.0,0.139,1.0,0.2440737489025461,0.139
387,_ that are also _,139,1000,Qwen/Qwen3-Reranker-4B,100,1000,0.03597122302158273,0.14388489208633093,0.7194244604316546,1.0,1.0,1.0,1.0,0.139,1.0,0.2440737489025461,0.139
387,_ that are also _,139,1000,exact_constraint_verifier,100,1000,0.03597122302158273,0.14388489208633093,0.7194244604316546,1.0,1.0,1.0,1.0,0.139,1.0,0.2440737489025461,0.139
388,_ that are also _,137,1000,BM25,100,1000,0.0364963503649635,0.145985401459854,0.7299270072992701,1.0,1.0,1.0,1.0,0.137,1.0,0.24098504837291118,0.137
388,_ that are also _,137,1000,Qwen/Qwen3-Reranker-4B,100,1000,0.0364963503649635,0.145985401459854,0.7299270072992701,1.0,1.0,1.0,1.0,0.137,1.0,0.24098504837291118,0.137
388,_ that are also _,137,1000,exact_constraint_verifier,100,1000,0.0364963503649635,0.145985401459854,0.7299270072992701,1.0,1.0,1.0,1.0,0.137,1.0,0.24098504837291118,0.137
389,_ that are also _,128,1000,BM25,100,1000,0.0390625,0.15625,0.78125,1.0,1.0,1.0,1.0,0.128,1.0,0.22695035460992907,0.128
389,_ that are also _,128,1000,Qwen/Qwen3-Reranker-4B,100,1000,0.0390625,0.15625,0.78125,1.0,1.0,1.0,1.0,0.128,1.0,0.22695035460992907,0.128
389,_ that are also _,128,1000,exact_constraint_verifier,100,1000,0.0390625,0.15625,0.78125,1.0,1.0,1.0,1.0,0.128,1.0,0.22695035460992907,0.128
390,_ that are also _,142,1000,BM25,100,1000,0.035211267605633804,0.14084507042253522,0.704225352112676,1.0,1.0,1.0,1.0,0.142,1.0,0.2486865148861646,0.142
390,_ that are also _,142,1000,Qwen/Qwen3-Reranker-4B,100,1000,0.035211267605633804,0.14084507042253522,0.704225352112676,1.0,1.0,1.0,1.0,0.142,1.0,0.2486865148861646,0.142
390,_ that are also _,142,1000,exact_constraint_verifier,100,1000,0.035211267605633804,0.14084507042253522,0.704225352112676,1.0,1.0,1.0,1.0,0.142,1.0,0.2486865148861646,0.142
391,_ that are also _,154,1000,BM25,100,1000,0.032467532467532464,0.12987012987012986,0.6493506493506493,1.0,1.0,1.0,1.0,0.154,1.0,0.2668977469670711,0.154
391,_ that are also _,154,1000,Qwen/Qwen3-Reranker-4B,100,1000,0.032467532467532464,0.12987012987012986,0.6493506493506493,1.0,1.0,1.0,1.0,0.154,1.0,0.2668977469670711,0.154
391,_ that are also _,154,1000,exact_constraint_verifier,100,1000,0.032467532467532464,0.12987012987012986,0.6493506493506493,1.0,1.0,1.0,1.0,0.154,1.0,0.2668977469670711,0.154
392,_ that are also _,126,1000,BM25,100,1000,0.03968253968253968,0.15873015873015872,0.7936507936507936,1.0,1.0,1.0,1.0,0.126,1.0,0.2238010657193606,0.126
392,_ that are also _,126,1000,Qwen/Qwen3-Reranker-4B,100,1000,0.03968253968253968,0.15873015873015872,0.7936507936507936,1.0,1.0,1.0,1.0,0.126,1.0,0.2238010657193606,0.126
392,_ that are also _,126,1000,exact_constraint_verifier,100,1000,0.03968253968253968,0.15873015873015872,0.7936507936507936,1.0,1.0,1.0,1.0,0.126,1.0,0.2238010657193606,0.126
393,_ that are also _,154,1000,BM25,100,1000,0.032467532467532464,0.12987012987012986,0.6493506493506493,1.0,1.0,1.0,1.0,0.154,1.0,0.2668977469670711,0.154
393,_ that are also _,154,1000,Qwen/Qwen3-Reranker-4B,100,1000,0.032467532467532464,0.12987012987012986,0.6493506493506493,1.0,1.0,1.0,1.0,0.154,1.0,0.2668977469670711,0.154
393,_ that are also _,154,1000,exact_constraint_verifier,100,1000,0.032467532467532464,0.12987012987012986,0.6493506493506493,1.0,1.0,1.0,1.0,0.154,1.0,0.2668977469670711,0.154
394,_ that are also _,145,1000,BM25,100,1000,0.034482758620689655,0.13793103448275862,0.6896551724137931,1.0,1.0,1.0,1.0,0.145,1.0,0.25327510917030566,0.145
394,_ that are also _,145,1000,Qwen/Qwen3-Reranker-4B,100,1000,0.034482758620689655,0.13793103448275862,0.6896551724137931,1.0,1.0,1.0,1.0,0.145,1.0,0.25327510917030566,0.145
394,_ that are also _,145,1000,exact_constraint_verifier,100,1000,0.034482758620689655,0.13793103448275862,0.6896551724137931,1.0,1.0,1.0,1.0,0.145,1.0,0.25327510917030566,0.145
395,_ that are also _,114,1000,BM25,100,1000,0.03508771929824561,0.14035087719298245,0.631578947368421,0.72,0.8539316501572937,0.8335141036330257,0.7447851748345226,0.114,1.0,0.2046678635547576,0.114
395,_ that are also _,114,1000,Qwen/Qwen3-Reranker-4B,100,1000,0.043859649122807015,0.17543859649122806,0.8771929824561403,1.0,1.0,1.0,1.0,0.114,1.0,0.2046678635547576,0.114
395,_ that are also _,114,1000,exact_constraint_verifier,100,1000,0.043859649122807015,0.17543859649122806,0.8771929824561403,1.0,1.0,1.0,1.0,0.114,1.0,0.2046678635547576,0.114
396,_ that are also _,126,1000,BM25,100,1000,0.03968253968253968,0.15873015873015872,0.7936507936507936,1.0,1.0,1.0,1.0,0.126,1.0,0.2238010657193606,0.126
396,_ that are also _,126,1000,Qwen/Qwen3-Reranker-4B,100,1000,0.03968253968253968,0.15873015873015872,0.7936507936507936,1.0,1.0,1.0,1.0,0.126,1.0,0.2238010657193606,0.126
396,_ that are also _,126,1000,exact_constraint_verifier,100,1000,0.03968253968253968,0.15873015873015872,0.7936507936507936,1.0,1.0,1.0,1.0,0.126,1.0,0.2238010657193606,0.126
397,_ that are also _,148,1000,BM25,100,1000,0.033783783783783786,0.13513513513513514,0.6756756756756757,1.0,1.0,1.0,1.0,0.148,1.0,0.2578397212543554,0.148
397,_ that are also _,148,1000,Qwen/Qwen3-Reranker-4B,100,1000,0.033783783783783786,0.13513513513513514,0.6756756756756757,1.0,1.0,1.0,1.0,0.148,1.0,0.2578397212543554,0.148
397,_ that are also _,148,1000,exact_constraint_verifier,100,1000,0.033783783783783786,0.13513513513513514,0.6756756756756757,1.0,1.0,1.0,1.0,0.148,1.0,0.2578397212543554,0.148
398,_ that are also _,139,1000,BM25,100,1000,0.02877697841726619,0.11510791366906475,0.4172661870503597,0.58,0.8687949224876582,0.8375820438154643,0.6342834602688993,0.139,1.0,0.2440737489025461,0.139
398,_ that are also _,139,1000,Qwen/Qwen3-Reranker-4B,100,1000,0.007194244604316547,0.05755395683453238,0.38848920863309355,0.54,0.13120507751234178,0.3317339274619551,0.4954548874199038,0.139,1.0,0.2440737489025461,0.139
398,_ that are also _,139,1000,exact_constraint_verifier,100,1000,0.03597122302158273,0.14388489208633093,0.7194244604316546,1.0,1.0,1.0,1.0,0.139,1.0,0.2440737489025461,0.139
399,_ that are also _,142,1000,BM25,100,1000,0.035211267605633804,0.14084507042253522,0.704225352112676,1.0,1.0,1.0,1.0,0.142,1.0,0.2486865148861646,0.142
399,_ that are also _,142,1000,Qwen/Qwen3-Reranker-4B,100,1000,0.035211267605633804,0.14084507042253522,0.704225352112676,1.0,1.0,1.0,1.0,0.142,1.0,0.2486865148861646,0.142
399,_ that are also _,142,1000,exact_constraint_verifier,100,1000,0.035211267605633804,0.14084507042253522,0.704225352112676,1.0,1.0,1.0,1.0,0.142,1.0,0.2486865148861646,0.142
400,_ that are also both _ and _,8,1000,BM25,100,1000,0.625,1.0,1.0,1.0,1.0,1.0,1.0,0.008,1.0,0.015873015873015872,0.008
400,_ that are also both _ and _,8,1000,Qwen/Qwen3-Reranker-4B,100,1000,0.5,1.0,1.0,1.0,0.8687949224876582,0.9782917460822231,0.9782917460822231,0.008,1.0,0.015873015873015872,0.008
400,_ that are also both _ and _,8,1000,exact_constraint_verifier,8,1000,0.625,1.0,1.0,1.0,1.0,1.0,1.0,0.008,1.0,0.015873015873015872,0.008
401,_ that are also both _ and _,11,1000,BM25,100,1000,0.45454545454545453,1.0,1.0,1.0,1.0,1.0,1.0,0.011,1.0,0.021760633036597428,0.011
401,_ that are also both _ and _,11,1000,Qwen/Qwen3-Reranker-4B,100,1000,0.36363636363636365,0.8181818181818182,1.0,1.0,0.8687949224876582,0.8504626201334534,0.9340905859155436,0.011,1.0,0.021760633036597428,0.011
401,_ that are also both _ and _,11,1000,exact_constraint_verifier,11,1000,0.45454545454545453,1.0,1.0,1.0,1.0,1.0,1.0,0.011,1.0,0.021760633036597428,0.011
402,_ that are also both _ and _,7,1000,BM25,100,1000,0.7142857142857143,1.0,1.0,1.0,1.0,1.0,1.0,0.007,1.0,0.013902681231380339,0.007
402,_ that are also both _ and _,7,1000,Qwen/Qwen3-Reranker-4B,100,1000,0.42857142857142855,0.7142857142857143,1.0,1.0,0.5147714448836774,0.5742731362094416,0.6742831052710201,0.007,1.0,0.013902681231380339,0.007
402,_ that are also both _ and _,7,1000,exact_constraint_verifier,7,1000,0.7142857142857143,1.0,1.0,1.0,1.0,1.0,1.0,0.007,1.0,0.013902681231380339,0.007
403,_ that are also both _ and _,5,1000,BM25,100,1000,0.8,1.0,1.0,1.0,0.8687949224876582,0.9896062251871524,0.9896062251871524,0.005,1.0,0.009950248756218907,0.005
403,_ that are also both _ and _,5,1000,Qwen/Qwen3-Reranker-4B,100,1000,0.6,1.0,1.0,1.0,0.7227265726449519,0.9194303144745277,0.9194303144745277,0.005,1.0,0.009950248756218907,0.005
403,_ that are also both _ and _,5,1000,exact_constraint_verifier,5,1000,1.0,1.0,1.0,1.0,1.0,1.0,1.0,0.005,1.0,0.009950248756218907,0.005
404,_ that are also both _ and _,8,1000,BM25,100,1000,0.625,1.0,1.0,1.0,1.0,1.0,1.0,0.008,1.0,0.015873015873015872,0.008
404,_ that are also both _ and _,8,1000,Qwen/Qwen3-Reranker-4B,100,1000,0.375,0.75,1.0,1.0,0.6548086577531307,0.7229486653107826,0.8108036350599311,0.008,1.0,0.015873015873015872,0.008
404,_ that are also both _ and _,8,1000,exact_constraint_verifier,8,1000,0.625,1.0,1.0,1.0,1.0,1.0,1.0,0.008,1.0,0.015873015873015872,0.008
405,_ that are also both _ and _,2,1000,BM25,100,1000,1.0,1.0,1.0,1.0,0.9197207891481876,0.9197207891481876,0.9197207891481876,0.002,1.0,0.003992015968063872,0.002
405,_ that are also both _ and _,2,1000,Qwen/Qwen3-Reranker-4B,100,1000,1.0,1.0,1.0,1.0,1.0,1.0,1.0,0.002,1.0,0.003992015968063872,0.002
405,_ that are also both _ and _,2,1000,exact_constraint_verifier,2,1000,1.0,1.0,1.0,1.0,1.0,1.0,1.0,0.002,1.0,0.003992015968063872,0.002
406,_ that are also both _ and _,10,1000,BM25,100,1000,0.5,1.0,1.0,1.0,1.0,1.0,1.0,0.01,1.0,0.019801980198019802,0.01
406,_ that are also both _ and _,10,1000,Qwen/Qwen3-Reranker-4B,100,1000,0.4,1.0,1.0,1.0,0.8539316501572937,0.9541960277213899,0.9541960277213899,0.01,1.0,0.019801980198019802,0.01
406,_ that are also both _ and _,10,1000,exact_constraint_verifier,10,1000,0.5,1.0,1.0,1.0,1.0,1.0,1.0,0.01,1.0,0.019801980198019802,0.01
407,_ that are also both _ and _,11,1000,BM25,100,1000,0.45454545454545453,1.0,1.0,1.0,1.0,1.0,1.0,0.011,1.0,0.021760633036597428,0.011
407,_ that are also both _ and _,11,1000,Qwen/Qwen3-Reranker-4B,100,1000,0.45454545454545453,0.9090909090909091,1.0,1.0,1.0,0.9400591623787183,0.9852855363964013,0.011,1.0,0.021760633036597428,0.011
407,_ that are also both _ and _,11,1000,exact_constraint_verifier,11,1000,0.45454545454545453,1.0,1.0,1.0,1.0,1.0,1.0,0.011,1.0,0.021760633036597428,0.011
408,_ that are also both _ and _,7,1000,BM25,100,1000,0.7142857142857143,1.0,1.0,1.0,1.0,1.0,1.0,0.007,1.0,0.013902681231380339,0.007
408,_ that are also both _ and _,7,1000,Qwen/Qwen3-Reranker-4B,100,1000,0.7142857142857143,1.0,1.0,1.0,1.0,0.9888009031441519,0.9888009031441519,0.007,1.0,0.013902681231380339,0.007
408,_ that are also both _ and _,7,1000,exact_constraint_verifier,7,1000,0.7142857142857143,1.0,1.0,1.0,1.0,1.0,1.0,0.007,1.0,0.013902681231380339,0.007
409,_ that are also both _ and _,11,1000,BM25,100,1000,0.45454545454545453,1.0,1.0,1.0,1.0,1.0,1.0,0.011,1.0,0.021760633036597428,0.011
409,_ that are also both _ and _,11,1000,Qwen/Qwen3-Reranker-4B,100,1000,0.45454545454545453,0.9090909090909091,1.0,1.0,1.0,0.9231056634295652,0.9696051383958461,0.011,1.0,0.021760633036597428,0.011
409,_ that are also both _ and _,11,1000,exact_constraint_verifier,11,1000,0.45454545454545453,1.0,1.0,1.0,1.0,1.0,1.0,0.011,1.0,0.021760633036597428,0.011
410,_ that are also both _ and _,9,1000,BM25,100,1000,0.5555555555555556,1.0,1.0,1.0,1.0,1.0,1.0,0.009,1.0,0.017839444995044598,0.009
410,_ that are also both _ and _,9,1000,Qwen/Qwen3-Reranker-4B,100,1000,0.5555555555555556,0.8888888888888888,1.0,1.0,1.0,0.9292442392789195,0.9715598013647605,0.009,1.0,0.017839444995044598,0.009
410,_ that are also both _ and _,9,1000,exact_constraint_verifier,9,1000,0.5555555555555556,1.0,1.0,1.0,1.0,1.0,1.0,0.009,1.0,0.017839444995044598,0.009
411,_ that are also both _ and _,9,1000,BM25,100,1000,0.5555555555555556,1.0,1.0,1.0,1.0,1.0,1.0,0.009,1.0,0.017839444995044598,0.009
411,_ that are also both _ and _,9,1000,Qwen/Qwen3-Reranker-4B,100,1000,0.3333333333333333,1.0,1.0,1.0,0.6992148198508501,0.9073800284354188,0.9073800284354188,0.009,1.0,0.017839444995044598,0.009
411,_ that are also both _ and _,9,1000,exact_constraint_verifier,9,1000,0.5555555555555556,1.0,1.0,1.0,1.0,1.0,1.0,0.009,1.0,0.017839444995044598,0.009
412,_ that are also both _ and _,9,1000,BM25,100,1000,0.5555555555555556,1.0,1.0,1.0,1.0,1.0,1.0,0.009,1.0,0.017839444995044598,0.009
412,_ that are also both _ and _,9,1000,Qwen/Qwen3-Reranker-4B,100,1000,0.4444444444444444,0.7777777777777778,1.0,1.0,0.6608397947263839,0.6534002284481422,0.7451365015479747,0.009,1.0,0.017839444995044598,0.009
412,_ that are also both _ and _,9,1000,exact_constraint_verifier,9,1000,0.5555555555555556,1.0,1.0,1.0,1.0,1.0,1.0,0.009,1.0,0.017839444995044598,0.009
413,_ that are also both _ and _,6,1000,BM25,100,1000,0.8333333333333334,1.0,1.0,1.0,1.0,1.0,1.0,0.006,1.0,0.011928429423459244,0.006
413,_ that are also both _ and _,6,1000,Qwen/Qwen3-Reranker-4B,100,1000,0.6666666666666666,1.0,1.0,1.0,0.8539316501572937,0.9422329339379856,0.9422329339379856,0.006,1.0,0.011928429423459244,0.006
413,_ that are also both _ and _,6,1000,exact_constraint_verifier,6,1000,0.8333333333333334,1.0,1.0,1.0,1.0,1.0,1.0,0.006,1.0,0.011928429423459244,0.006
414,_ that are also both _ and _,11,1000,BM25,100,1000,0.45454545454545453,1.0,1.0,1.0,1.0,0.9869165061634584,0.9869165061634584,0.011,1.0,0.021760633036597428,0.011
414,_ that are also both _ and _,11,1000,Qwen/Qwen3-Reranker-4B,100,1000,0.18181818181818182,0.5454545454545454,0.9090909090909091,0.9090909090909091,0.38356636737133565,0.454888275712197,0.6114829593124181,0.011,1.0,0.021760633036597428,0.011
414,_ that are also both _ and _,11,1000,exact_constraint_verifier,11,1000,0.45454545454545453,1.0,1.0,1.0,1.0,1.0,1.0,0.011,1.0,0.021760633036597428,0.011
415,_ that are also both _ and _,6,1000,BM25,100,1000,0.8333333333333334,1.0,1.0,1.0,1.0,1.0,1.0,0.006,1.0,0.011928429423459244,0.006
415,_ that are also both _ and _,6,1000,Qwen/Qwen3-Reranker-4B,100,1000,0.8333333333333334,1.0,1.0,1.0,1.0,1.0,1.0,0.006,1.0,0.011928429423459244,0.006
415,_ that are also both _ and _,6,1000,exact_constraint_verifier,6,1000,0.8333333333333334,1.0,1.0,1.0,1.0,1.0,1.0,0.006,1.0,0.011928429423459244,0.006
416,_ that are also both _ and _,10,1000,BM25,100,1000,0.5,1.0,1.0,1.0,1.0,1.0,1.0,0.01,1.0,0.019801980198019802,0.01
416,_ that are also both _ and _,10,1000,Qwen/Qwen3-Reranker-4B,100,1000,0.5,0.9,0.9,0.9,1.0,0.9305687780632227,0.9305687780632227,0.01,1.0,0.019801980198019802,0.01
416,_ that are also both _ and _,10,1000,exact_constraint_verifier,10,1000,0.5,1.0,1.0,1.0,1.0,1.0,1.0,0.01,1.0,0.019801980198019802,0.01
417,_ that are also both _ and _,10,1000,BM25,100,1000,0.5,1.0,1.0,1.0,1.0,1.0,1.0,0.01,1.0,0.019801980198019802,0.01
417,_ that are also both _ and _,10,1000,Qwen/Qwen3-Reranker-4B,100,1000,0.2,0.3,1.0,1.0,0.5087403079104241,0.40350157154648025,0.7008421754827692,0.01,1.0,0.019801980198019802,0.01
417,_ that are also both _ and _,10,1000,exact_constraint_verifier,10,1000,0.5,1.0,1.0,1.0,1.0,1.0,1.0,0.01,1.0,0.019801980198019802,0.01
418,_ that are also both _ and _,7,1000,BM25,100,1000,0.7142857142857143,1.0,1.0,1.0,1.0,1.0,1.0,0.007,1.0,0.013902681231380339,0.007
418,_ that are also both _ and _,7,1000,Qwen/Qwen3-Reranker-4B,100,1000,0.7142857142857143,1.0,1.0,1.0,1.0,0.9878316351280038,0.9878316351280038,0.007,1.0,0.013902681231380339,0.007
418,_ that are also both _ and _,7,1000,exact_constraint_verifier,7,1000,0.7142857142857143,1.0,1.0,1.0,1.0,1.0,1.0,0.007,1.0,0.013902681231380339,0.007
419,_ that are also both _ and _,11,1000,BM25,100,1000,0.45454545454545453,1.0,1.0,1.0,1.0,1.0,1.0,0.011,1.0,0.021760633036597428,0.011
419,_ that are also both _ and _,11,1000,Qwen/Qwen3-Reranker-4B,100,1000,0.45454545454545453,1.0,1.0,1.0,1.0,0.9928890850609795,0.9928890850609795,0.011,1.0,0.021760633036597428,0.011
419,_ that are also both _ and _,11,1000,exact_constraint_verifier,11,1000,0.45454545454545453,1.0,1.0,1.0,1.0,1.0,1.0,0.011,1.0,0.021760633036597428,0.011
420,_ that are also both _ and _,10,1000,BM25,100,1000,0.5,1.0,1.0,1.0,1.0,1.0,1.0,0.01,1.0,0.019801980198019802,0.01
420,_ that are also both _ and _,10,1000,Qwen/Qwen3-Reranker-4B,100,1000,0.2,0.4,1.0,1.0,0.5087403079104241,0.44427890330938574,0.701550406027792,0.01,1.0,0.019801980198019802,0.01
420,_ that are also both _ and _,10,1000,exact_constraint_verifier,10,1000,0.5,1.0,1.0,1.0,1.0,1.0,1.0,0.01,1.0,0.019801980198019802,0.01
421,_ that are also both _ and _,6,1000,BM25,100,1000,0.8333333333333334,1.0,1.0,1.0,1.0,1.0,1.0,0.006,1.0,0.011928429423459244,0.006
421,_ that are also both _ and _,6,1000,Qwen/Qwen3-Reranker-4B,100,1000,0.6666666666666666,0.8333333333333334,1.0,1.0,0.830419897363192,0.8417771098923534,0.8959587473625675,0.006,1.0,0.011928429423459244,0.006
421,_ that are also both _ and _,6,1000,exact_constraint_verifier,6,1000,0.8333333333333334,1.0,1.0,1.0,1.0,1.0,1.0,0.006,1.0,0.011928429423459244,0.006
422,_ that are also both _ and _,8,1000,BM25,100,1000,0.625,1.0,1.0,1.0,1.0,1.0,1.0,0.008,1.0,0.015873015873015872,0.008
422,_ that are also both _ and _,8,1000,Qwen/Qwen3-Reranker-4B,100,1000,0.5,0.75,1.0,1.0,0.8687949224876582,0.8178341711089538,0.9290232563943807,0.008,1.0,0.015873015873015872,0.008
422,_ that are also both _ and _,8,1000,exact_constraint_verifier,8,1000,0.625,1.0,1.0,1.0,1.0,1.0,1.0,0.008,1.0,0.015873015873015872,0.008
423,_ that are also both _ and _,9,1000,BM25,100,1000,0.5555555555555556,1.0,1.0,1.0,1.0,1.0,1.0,0.009,1.0,0.017839444995044598,0.009
423,_ that are also both _ and _,9,1000,Qwen/Qwen3-Reranker-4B,100,1000,0.4444444444444444,1.0,1.0,1.0,0.8539316501572937,0.9421088357995692,0.9421088357995692,0.009,1.0,0.017839444995044598,0.009
423,_ that are also both _ and _,9,1000,exact_constraint_verifier,9,1000,0.5555555555555556,1.0,1.0,1.0,1.0,1.0,1.0,0.009,1.0,0.017839444995044598,0.009
424,_ that are also both _ and _,5,1000,BM25,100,1000,1.0,1.0,1.0,1.0,1.0,1.0,1.0,0.005,1.0,0.009950248756218907,0.005
424,_ that are also both _ and _,5,1000,Qwen/Qwen3-Reranker-4B,100,1000,0.8,1.0,1.0,1.0,0.8687949224876582,0.9578751927058925,0.9578751927058925,0.005,1.0,0.009950248756218907,0.005
424,_ that are also both _ and _,5,1000,exact_constraint_verifier,5,1000,1.0,1.0,1.0,1.0,1.0,1.0,1.0,0.005,1.0,0.009950248756218907,0.005
425,_ that are also both _ and _,8,1000,BM25,100,1000,0.625,1.0,1.0,1.0,1.0,1.0,1.0,0.008,1.0,0.015873015873015872,0.008
425,_ that are also both _ and _,8,1000,Qwen/Qwen3-Reranker-4B,100,1000,0.125,0.5,1.0,1.0,0.13120507751234178,0.28857455930115716,0.4719123816937933,0.008,1.0,0.015873015873015872,0.008
425,_ that are also both _ and _,8,1000,exact_constraint_verifier,8,1000,0.625,1.0,1.0,1.0,1.0,1.0,1.0,0.008,1.0,0.015873015873015872,0.008
426,_ that are also both _ and _,5,1000,BM25,100,1000,1.0,1.0,1.0,1.0,1.0,1.0,1.0,0.005,1.0,0.009950248756218907,0.005
426,_ that are also both _ and _,5,1000,Qwen/Qwen3-Reranker-4B,100,1000,0.8,1.0,1.0,1.0,0.8687949224876582,0.9896062251871524,0.9896062251871524,0.005,1.0,0.009950248756218907,0.005
426,_ that are also both _ and _,5,1000,exact_constraint_verifier,5,1000,1.0,1.0,1.0,1.0,1.0,1.0,1.0,0.005,1.0,0.009950248756218907,0.005
427,_ that are also both _ and _,7,1000,BM25,100,1000,0.7142857142857143,1.0,1.0,1.0,1.0,1.0,1.0,0.007,1.0,0.013902681231380339,0.007
427,_ that are also both _ and _,7,1000,Qwen/Qwen3-Reranker-4B,100,1000,0.5714285714285714,0.8571428571428571,1.0,1.0,0.8687949224876582,0.8506031632502135,0.8964158854025954,0.007,1.0,0.013902681231380339,0.007
427,_ that are also both _ and _,7,1000,exact_constraint_verifier,7,1000,0.7142857142857143,1.0,1.0,1.0,1.0,1.0,1.0,0.007,1.0,0.013902681231380339,0.007
428,_ that are also both _ and _,9,1000,BM25,100,1000,0.5555555555555556,1.0,1.0,1.0,1.0,0.9675642851846167,0.9675642851846167,0.009,1.0,0.017839444995044598,0.009
428,_ that are also both _ and _,9,1000,Qwen/Qwen3-Reranker-4B,100,1000,0.5555555555555556,0.7777777777777778,1.0,1.0,1.0,0.8227001987077234,0.918249447096272,0.009,1.0,0.017839444995044598,0.009
428,_ that are also both _ and _,9,1000,exact_constraint_verifier,9,1000,0.5555555555555556,1.0,1.0,1.0,1.0,1.0,1.0,0.009,1.0,0.017839444995044598,0.009
429,_ that are also both _ and _,4,1000,BM25,100,1000,1.0,1.0,1.0,1.0,1.0,1.0,1.0,0.004,1.0,0.00796812749003984,0.004
429,_ that are also both _ and _,4,1000,Qwen/Qwen3-Reranker-4B,100,1000,0.5,1.0,1.0,1.0,0.5855700749881525,0.800620212727172,0.800620212727172,0.004,1.0,0.00796812749003984,0.004
429,_ that are also both _ and _,4,1000,exact_constraint_verifier,4,1000,1.0,1.0,1.0,1.0,1.0,1.0,1.0,0.004,1.0,0.00796812749003984,0.004
430,_ that are also both _ and _,9,1000,BM25,100,1000,0.5555555555555556,1.0,1.0,1.0,1.0,1.0,1.0,0.009,1.0,0.017839444995044598,0.009
430,_ that are also both _ and _,9,1000,Qwen/Qwen3-Reranker-4B,100,1000,0.3333333333333333,0.7777777777777778,1.0,1.0,0.4912596920895758,0.6000491463359927,0.6886163530338175,0.009,1.0,0.017839444995044598,0.009
430,_ that are also both _ and _,9,1000,exact_constraint_verifier,9,1000,0.5555555555555556,1.0,1.0,1.0,1.0,1.0,1.0,0.009,1.0,0.017839444995044598,0.009
431,_ that are also both _ and _,4,1000,BM25,100,1000,1.0,1.0,1.0,1.0,1.0,1.0,1.0,0.004,1.0,0.00796812749003984,0.004
431,_ that are also both _ and _,4,1000,Qwen/Qwen3-Reranker-4B,100,1000,0.75,1.0,1.0,1.0,0.8318724637288826,0.9493885684853096,0.9493885684853096,0.004,1.0,0.00796812749003984,0.004
431,_ that are also both _ and _,4,1000,exact_constraint_verifier,4,1000,1.0,1.0,1.0,1.0,1.0,1.0,1.0,0.004,1.0,0.00796812749003984,0.004
432,_ that are also both _ and _,4,1000,BM25,100,1000,1.0,1.0,1.0,1.0,1.0,1.0,1.0,0.004,1.0,0.00796812749003984,0.004
432,_ that are also both _ and _,4,1000,Qwen/Qwen3-Reranker-4B,100,1000,0.75,1.0,1.0,1.0,0.8318724637288826,0.9493885684853096,0.9493885684853096,0.004,1.0,0.00796812749003984,0.004
432,_ that are also both _ and _,4,1000,exact_constraint_verifier,4,1000,1.0,1.0,1.0,1.0,1.0,1.0,1.0,0.004,1.0,0.00796812749003984,0.004
433,_ that are also both _ and _,9,1000,BM25,100,1000,0.5555555555555556,1.0,1.0,1.0,1.0,1.0,1.0,0.009,1.0,0.017839444995044598,0.009
433,_ that are also both _ and _,9,1000,Qwen/Qwen3-Reranker-4B,100,1000,0.4444444444444444,0.8888888888888888,1.0,1.0,0.8539316501572937,0.8785647532686324,0.9230354557206932,0.009,1.0,0.017839444995044598,0.009
433,_ that are also both _ and _,9,1000,exact_constraint_verifier,9,1000,0.5555555555555556,1.0,1.0,1.0,1.0,1.0,1.0,0.009,1.0,0.017839444995044598,0.009
434,_ that are also both _ and _,11,1000,BM25,100,1000,0.45454545454545453,1.0,1.0,1.0,1.0,1.0,1.0,0.011,1.0,0.021760633036597428,0.011
434,_ that are also both _ and _,11,1000,Qwen/Qwen3-Reranker-4B,100,1000,0.45454545454545453,0.8181818181818182,0.9090909090909091,0.9090909090909091,1.0,0.8523481638084274,0.8898893791626388,0.011,1.0,0.021760633036597428,0.011
434,_ that are also both _ and _,11,1000,exact_constraint_verifier,11,1000,0.45454545454545453,1.0,1.0,1.0,1.0,1.0,1.0,0.011,1.0,0.021760633036597428,0.011
435,_ that are also both _ and _,6,1000,BM25,100,1000,0.8333333333333334,1.0,1.0,1.0,1.0,1.0,1.0,0.006,1.0,0.011928429423459244,0.006
435,_ that are also both _ and _,6,1000,Qwen/Qwen3-Reranker-4B,100,1000,0.5,1.0,1.0,1.0,0.6843515475204855,0.8753069266086579,0.8753069266086579,0.006,1.0,0.011928429423459244,0.006
435,_ that are also both _ and _,6,1000,exact_constraint_verifier,6,1000,0.8333333333333334,1.0,1.0,1.0,1.0,1.0,1.0,0.006,1.0,0.011928429423459244,0.006
436,_ that are also both _ and _,10,1000,BM25,100,1000,0.5,1.0,1.0,1.0,1.0,1.0,1.0,0.01,1.0,0.019801980198019802,0.01
436,_ that are also both _ and _,10,1000,Qwen/Qwen3-Reranker-4B,100,1000,0.2,0.2,0.8,0.8,0.3156484524795145,0.20483424751859086,0.43421498050845797,0.01,1.0,0.019801980198019802,0.01
436,_ that are also both _ and _,10,1000,exact_constraint_verifier,10,1000,0.5,1.0,1.0,1.0,1.0,1.0,1.0,0.01,1.0,0.019801980198019802,0.01
437,_ that are also both _ and _,9,1000,BM25,100,1000,0.5555555555555556,1.0,1.0,1.0,1.0,1.0,1.0,0.009,1.0,0.017839444995044598,0.009
437,_ that are also both _ and _,9,1000,Qwen/Qwen3-Reranker-4B,100,1000,0.3333333333333333,0.8888888888888888,1.0,1.0,0.7227265726449519,0.8221965420698848,0.8598163046085411,0.009,1.0,0.017839444995044598,0.009
437,_ that are also both _ and _,9,1000,exact_constraint_verifier,9,1000,0.5555555555555556,1.0,1.0,1.0,1.0,1.0,1.0,0.009,1.0,0.017839444995044598,0.009
438,_ that are also both _ and _,8,1000,BM25,100,1000,0.625,1.0,1.0,1.0,1.0,1.0,1.0,0.008,1.0,0.015873015873015872,0.008
438,_ that are also both _ and _,8,1000,Qwen/Qwen3-Reranker-4B,100,1000,0.625,0.875,1.0,1.0,1.0,0.903222291229094,0.9490156949747126,0.008,1.0,0.015873015873015872,0.008
438,_ that are also both _ and _,8,1000,exact_constraint_verifier,8,1000,0.625,1.0,1.0,1.0,1.0,1.0,1.0,0.008,1.0,0.015873015873015872,0.008
439,_ that are also both _ and _,11,1000,BM25,100,1000,0.45454545454545453,1.0,1.0,1.0,1.0,1.0,1.0,0.011,1.0,0.021760633036597428,0.011
439,_ that are also both _ and _,11,1000,Qwen/Qwen3-Reranker-4B,100,1000,0.45454545454545453,1.0,1.0,1.0,1.0,1.0,1.0,0.011,1.0,0.021760633036597428,0.011
439,_ that are also both _ and _,11,1000,exact_constraint_verifier,11,1000,0.45454545454545453,1.0,1.0,1.0,1.0,1.0,1.0,0.011,1.0,0.021760633036597428,0.011
440,_ that are also both _ and _,12,1000,BM25,100,1000,0.4166666666666667,1.0,1.0,1.0,1.0,1.0,1.0,0.012,1.0,0.023715415019762848,0.012
440,_ that are also both _ and _,12,1000,Qwen/Qwen3-Reranker-4B,100,1000,0.4166666666666667,1.0,1.0,1.0,1.0,0.9928267372969813,0.9928267372969813,0.012,1.0,0.023715415019762848,0.012
440,_ that are also both _ and _,12,1000,exact_constraint_verifier,12,1000,0.4166666666666667,1.0,1.0,1.0,1.0,1.0,1.0,0.012,1.0,0.023715415019762848,0.012
441,_ that are also both _ and _,12,1000,BM25,100,1000,0.4166666666666667,1.0,1.0,1.0,1.0,1.0,1.0,0.012,1.0,0.023715415019762848,0.012
441,_ that are also both _ and _,12,1000,Qwen/Qwen3-Reranker-4B,100,1000,0.3333333333333333,0.8333333333333334,0.9166666666666666,0.9166666666666666,0.8539316501572937,0.8140296436508538,0.8568561522140982,0.012,1.0,0.023715415019762848,0.012
441,_ that are also both _ and _,12,1000,exact_constraint_verifier,12,1000,0.4166666666666667,1.0,1.0,1.0,1.0,1.0,1.0,0.012,1.0,0.023715415019762848,0.012
442,_ that are also both _ and _,5,1000,BM25,100,1000,1.0,1.0,1.0,1.0,1.0,1.0,1.0,0.005,1.0,0.009950248756218907,0.005
442,_ that are also both _ and _,5,1000,Qwen/Qwen3-Reranker-4B,100,1000,0.6,1.0,1.0,1.0,0.639945385422766,0.8475674643581864,0.8475674643581864,0.005,1.0,0.009950248756218907,0.005
442,_ that are also both _ and _,5,1000,exact_constraint_verifier,5,1000,1.0,1.0,1.0,1.0,1.0,1.0,1.0,0.005,1.0,0.009950248756218907,0.005
443,_ that are also both _ and _,7,1000,BM25,100,1000,0.7142857142857143,1.0,1.0,1.0,1.0,1.0,1.0,0.007,1.0,0.013902681231380339,0.007
443,_ that are also both _ and _,7,1000,Qwen/Qwen3-Reranker-4B,100,1000,0.42857142857142855,1.0,1.0,1.0,0.7227265726449519,0.92457551758403,0.92457551758403,0.007,1.0,0.013902681231380339,0.007
443,_ that are also both _ and _,7,1000,exact_constraint_verifier,7,1000,0.7142857142857143,1.0,1.0,1.0,1.0,1.0,1.0,0.007,1.0,0.013902681231380339,0.007
444,_ that are also both _ and _,9,1000,BM25,100,1000,0.5555555555555556,1.0,1.0,1.0,1.0,1.0,1.0,0.009,1.0,0.017839444995044598,0.009
444,_ that are also both _ and _,9,1000,Qwen/Qwen3-Reranker-4B,100,1000,0.5555555555555556,1.0,1.0,1.0,1.0,0.9971876401972103,0.9971876401972103,0.009,1.0,0.017839444995044598,0.009
444,_ that are also both _ and _,9,1000,exact_constraint_verifier,9,1000,0.5555555555555556,1.0,1.0,1.0,1.0,1.0,1.0,0.009,1.0,0.017839444995044598,0.009
445,_ that are also both _ and _,13,1000,BM25,100,1000,0.38461538461538464,1.0,1.0,1.0,1.0,1.0,1.0,0.013,1.0,0.02566633761105627,0.013
445,_ that are also both _ and _,13,1000,Qwen/Qwen3-Reranker-4B,100,1000,0.3076923076923077,0.9230769230769231,1.0,1.0,0.8687949224876582,0.8954936244751444,0.9335478181212107,0.013,1.0,0.02566633761105627,0.013
445,_ that are also both _ and _,13,1000,exact_constraint_verifier,13,1000,0.38461538461538464,1.0,1.0,1.0,1.0,1.0,1.0,0.013,1.0,0.02566633761105627,0.013
446,_ that are also both _ and _,11,1000,BM25,100,1000,0.36363636363636365,1.0,1.0,1.0,0.8687949224876582,0.9678600228025558,0.9678600228025558,0.011,1.0,0.021760633036597428,0.011
446,_ that are also both _ and _,11,1000,Qwen/Qwen3-Reranker-4B,100,1000,0.36363636363636365,0.9090909090909091,1.0,1.0,0.830419897363192,0.8697003392672288,0.9059021738701288,0.011,1.0,0.021760633036597428,0.011
446,_ that are also both _ and _,11,1000,exact_constraint_verifier,11,1000,0.45454545454545453,1.0,1.0,1.0,1.0,1.0,1.0,0.011,1.0,0.021760633036597428,0.011
447,_ that are also both _ and _,7,1000,BM25,100,1000,0.7142857142857143,1.0,1.0,1.0,1.0,1.0,1.0,0.007,1.0,0.013902681231380339,0.007
447,_ that are also both _ and _,7,1000,Qwen/Qwen3-Reranker-4B,100,1000,0.5714285714285714,0.8571428571428571,1.0,1.0,0.8687949224876582,0.8450401735762787,0.8966899381002221,0.007,1.0,0.013902681231380339,0.007
447,_ that are also both _ and _,7,1000,exact_constraint_verifier,7,1000,0.7142857142857143,1.0,1.0,1.0,1.0,1.0,1.0,0.007,1.0,0.013902681231380339,0.007
448,_ that are also both _ and _,9,1000,BM25,100,1000,0.5555555555555556,1.0,1.0,1.0,1.0,0.982218237675875,0.982218237675875,0.009,1.0,0.017839444995044598,0.009
448,_ that are also both _ and _,9,1000,Qwen/Qwen3-Reranker-4B,100,1000,0.5555555555555556,1.0,1.0,1.0,1.0,0.9808217164781792,0.9808217164781792,0.009,1.0,0.017839444995044598,0.009
448,_ that are also both _ and _,9,1000,exact_constraint_verifier,9,1000,0.5555555555555556,1.0,1.0,1.0,1.0,1.0,1.0,0.009,1.0,0.017839444995044598,0.009
449,_ that are also both _ and _,11,1000,BM25,100,1000,0.45454545454545453,1.0,1.0,1.0,1.0,1.0,1.0,0.011,1.0,0.021760633036597428,0.011
449,_ that are also both _ and _,11,1000,Qwen/Qwen3-Reranker-4B,100,1000,0.45454545454545453,0.9090909090909091,1.0,1.0,1.0,0.942158047992705,0.9857681710125065,0.011,1.0,0.021760633036597428,0.011
449,_ that are also both _ and _,11,1000,exact_constraint_verifier,11,1000,0.45454545454545453,1.0,1.0,1.0,1.0,1.0,1.0,0.011,1.0,0.021760633036597428,0.011
450,_ that are also both _ and _,10,1000,BM25,100,1000,0.5,1.0,1.0,1.0,1.0,1.0,1.0,0.01,1.0,0.019801980198019802,0.01
450,_ that are also both _ and _,10,1000,Qwen/Qwen3-Reranker-4B,100,1000,0.5,1.0,1.0,1.0,1.0,1.0,1.0,0.01,1.0,0.019801980198019802,0.01
450,_ that are also both _ and _,10,1000,exact_constraint_verifier,10,1000,0.5,1.0,1.0,1.0,1.0,1.0,1.0,0.01,1.0,0.019801980198019802,0.01
451,_ that are also both _ and _,10,1000,BM25,100,1000,0.5,1.0,1.0,1.0,1.0,1.0,1.0,0.01,1.0,0.019801980198019802,0.01
451,_ that are also both _ and _,10,1000,Qwen/Qwen3-Reranker-4B,100,1000,0.5,1.0,1.0,1.0,1.0,1.0,1.0,0.01,1.0,0.019801980198019802,0.01
451,_ that are also both _ and _,10,1000,exact_constraint_verifier,10,1000,0.5,1.0,1.0,1.0,1.0,1.0,1.0,0.01,1.0,0.019801980198019802,0.01
452,_ that are also both _ and _,6,1000,BM25,100,1000,0.8333333333333334,1.0,1.0,1.0,1.0,1.0,1.0,0.006,1.0,0.011928429423459244,0.006
452,_ that are also both _ and _,6,1000,Qwen/Qwen3-Reranker-4B,100,1000,0.8333333333333334,1.0,1.0,1.0,1.0,0.9930783166417602,0.9930783166417602,0.006,1.0,0.011928429423459244,0.006
452,_ that are also both _ and _,6,1000,exact_constraint_verifier,6,1000,0.8333333333333334,1.0,1.0,1.0,1.0,1.0,1.0,0.006,1.0,0.011928429423459244,0.006
453,_ that are also both _ and _,7,1000,BM25,100,1000,0.7142857142857143,1.0,1.0,1.0,1.0,1.0,1.0,0.007,1.0,0.013902681231380339,0.007
453,_ that are also both _ and _,7,1000,Qwen/Qwen3-Reranker-4B,100,1000,0.7142857142857143,1.0,1.0,1.0,1.0,1.0,1.0,0.007,1.0,0.013902681231380339,0.007
453,_ that are also both _ and _,7,1000,exact_constraint_verifier,7,1000,0.7142857142857143,1.0,1.0,1.0,1.0,1.0,1.0,0.007,1.0,0.013902681231380339,0.007
454,_ that are also both _ and _,10,1000,BM25,100,1000,0.3,1.0,1.0,1.0,0.6548086577531307,0.8740212203825669,0.8740212203825669,0.01,1.0,0.019801980198019802,0.01
454,_ that are also both _ and _,10,1000,Qwen/Qwen3-Reranker-4B,100,1000,0.4,0.7,0.9,0.9,0.8687949224876582,0.7752387368046298,0.8548407529892683,0.01,1.0,0.019801980198019802,0.01
454,_ that are also both _ and _,10,1000,exact_constraint_verifier,10,1000,0.5,1.0,1.0,1.0,1.0,1.0,1.0,0.01,1.0,0.019801980198019802,0.01
455,_ that are also both _ and _,6,1000,BM25,100,1000,0.8333333333333334,1.0,1.0,1.0,1.0,1.0,1.0,0.006,1.0,0.011928429423459244,0.006
455,_ that are also both _ and _,6,1000,Qwen/Qwen3-Reranker-4B,100,1000,0.6666666666666666,0.8333333333333334,1.0,1.0,0.7860137352654724,0.7738578104671746,0.8255142452952332,0.006,1.0,0.011928429423459244,0.006
455,_ that are also both _ and _,6,1000,exact_constraint_verifier,6,1000,0.8333333333333334,1.0,1.0,1.0,1.0,1.0,1.0,0.006,1.0,0.011928429423459244,0.006
456,_ that are also both _ and _,12,1000,BM25,100,1000,0.4166666666666667,1.0,1.0,1.0,1.0,1.0,1.0,0.012,1.0,0.023715415019762848,0.012
456,_ that are also both _ and _,12,1000,Qwen/Qwen3-Reranker-4B,100,1000,0.25,0.75,0.9166666666666666,0.9166666666666666,0.6548086577531307,0.7102978954599838,0.7742084311925133,0.012,1.0,0.023715415019762848,0.012
456,_ that are also both _ and _,12,1000,exact_constraint_verifier,12,1000,0.4166666666666667,1.0,1.0,1.0,1.0,1.0,1.0,0.012,1.0,0.023715415019762848,0.012
457,_ that are also both _ and _,6,1000,BM25,100,1000,0.8333333333333334,1.0,1.0,1.0,1.0,1.0,1.0,0.006,1.0,0.011928429423459244,0.006
457,_ that are also both _ and _,6,1000,Qwen/Qwen3-Reranker-4B,100,1000,0.8333333333333334,1.0,1.0,1.0,1.0,0.9930783166417602,0.9930783166417602,0.006,1.0,0.011928429423459244,0.006
457,_ that are also both _ and _,6,1000,exact_constraint_verifier,6,1000,0.8333333333333334,1.0,1.0,1.0,1.0,1.0,1.0,0.006,1.0,0.011928429423459244,0.006
458,_ that are also both _ and _,9,1000,BM25,100,1000,0.5555555555555556,0.8888888888888888,1.0,1.0,1.0,0.9164600207232891,0.9648434025541834,0.009,1.0,0.017839444995044598,0.009
458,_ that are also both _ and _,9,1000,Qwen/Qwen3-Reranker-4B,100,1000,0.3333333333333333,0.8888888888888888,1.0,1.0,0.6843515475204855,0.8310314019154192,0.8677034588638013,0.009,1.0,0.017839444995044598,0.009
458,_ that are also both _ and _,9,1000,exact_constraint_verifier,9,1000,0.5555555555555556,1.0,1.0,1.0,1.0,1.0,1.0,0.009,1.0,0.017839444995044598,0.009
459,_ that are also both _ and _,17,1000,BM25,100,1000,0.29411764705882354,1.0,1.0,1.0,1.0,1.0,1.0,0.017,1.0,0.033431661750245825,0.017
459,_ that are also both _ and _,17,1000,Qwen/Qwen3-Reranker-4B,100,1000,0.17647058823529413,0.5882352941176471,0.9411764705882353,0.9411764705882353,0.6992148198508501,0.6452021627526409,0.8178421702484858,0.017,1.0,0.033431661750245825,0.017
459,_ that are also both _ and _,17,1000,exact_constraint_verifier,17,1000,0.29411764705882354,1.0,1.0,1.0,1.0,1.0,1.0,0.017,1.0,0.033431661750245825,0.017
460,_ that are also both _ and _,9,1000,BM25,100,1000,0.5555555555555556,1.0,1.0,1.0,1.0,1.0,1.0,0.009,1.0,0.017839444995044598,0.009
460,_ that are also both _ and _,9,1000,Qwen/Qwen3-Reranker-4B,100,1000,0.3333333333333333,0.8888888888888888,0.8888888888888888,0.8888888888888888,0.6992148198508501,0.8102550035874393,0.8102550035874393,0.009,1.0,0.017839444995044598,0.009
460,_ that are also both _ and _,9,1000,exact_constraint_verifier,9,1000,0.5555555555555556,1.0,1.0,1.0,1.0,1.0,1.0,0.009,1.0,0.017839444995044598,0.009
461,_ that are also both _ and _,7,1000,BM25,100,1000,0.7142857142857143,1.0,1.0,1.0,1.0,1.0,1.0,0.007,1.0,0.013902681231380339,0.007
461,_ that are also both _ and _,7,1000,Qwen/Qwen3-Reranker-4B,100,1000,0.5714285714285714,0.8571428571428571,1.0,1.0,0.830419897363192,0.8246766843535579,0.8736331470285418,0.007,1.0,0.013902681231380339,0.007
461,_ that are also both _ and _,7,1000,exact_constraint_verifier,7,1000,0.7142857142857143,1.0,1.0,1.0,1.0,1.0,1.0,0.007,1.0,0.013902681231380339,0.007
462,_ that are also both _ and _,10,1000,BM25,100,1000,0.4,1.0,1.0,1.0,0.8539316501572937,0.9615458894090093,0.9615458894090093,0.01,1.0,0.019801980198019802,0.01
462,_ that are also both _ and _,10,1000,Qwen/Qwen3-Reranker-4B,100,1000,0.3,0.7,1.0,1.0,0.6548086577531307,0.6614417943909099,0.7819325197371906,0.01,1.0,0.019801980198019802,0.01
462,_ that are also both _ and _,10,1000,exact_constraint_verifier,10,1000,0.5,1.0,1.0,1.0,1.0,1.0,1.0,0.01,1.0,0.019801980198019802,0.01
463,_ that are also both _ and _,6,1000,BM25,100,1000,0.8333333333333334,1.0,1.0,1.0,1.0,1.0,1.0,0.006,1.0,0.011928429423459244,0.006
463,_ that are also both _ and _,6,1000,Qwen/Qwen3-Reranker-4B,100,1000,0.8333333333333334,1.0,1.0,1.0,1.0,1.0,1.0,0.006,1.0,0.011928429423459244,0.006
463,_ that are also both _ and _,6,1000,exact_constraint_verifier,6,1000,0.8333333333333334,1.0,1.0,1.0,1.0,1.0,1.0,0.006,1.0,0.011928429423459244,0.006
464,_ that are also both _ and _,9,1000,BM25,100,1000,0.5555555555555556,1.0,1.0,1.0,1.0,1.0,1.0,0.009,1.0,0.017839444995044598,0.009
464,_ that are also both _ and _,9,1000,Qwen/Qwen3-Reranker-4B,100,1000,0.3333333333333333,0.8888888888888888,1.0,1.0,0.7227265726449519,0.8570363175981827,0.8968280736177083,0.009,1.0,0.017839444995044598,0.009
464,_ that are also both _ and _,9,1000,exact_constraint_verifier,9,1000,0.5555555555555556,1.0,1.0,1.0,1.0,1.0,1.0,0.009,1.0,0.017839444995044598,0.009
465,_ that are also both _ and _,12,1000,BM25,100,1000,0.4166666666666667,1.0,1.0,1.0,1.0,1.0,1.0,0.012,1.0,0.023715415019762848,0.012
465,_ that are also both _ and _,12,1000,Qwen/Qwen3-Reranker-4B,100,1000,0.4166666666666667,0.75,0.9166666666666666,0.9166666666666666,1.0,0.8146559750112669,0.8928552381444215,0.012,1.0,0.023715415019762848,0.012
465,_ that are also both _ and _,12,1000,exact_constraint_verifier,12,1000,0.4166666666666667,1.0,1.0,1.0,1.0,1.0,1.0,0.012,1.0,0.023715415019762848,0.012
466,_ that are also both _ and _,10,1000,BM25,100,1000,0.5,1.0,1.0,1.0,1.0,0.9562065727305475,0.9562065727305475,0.01,1.0,0.019801980198019802,0.01
466,_ that are also both _ and _,10,1000,Qwen/Qwen3-Reranker-4B,100,1000,0.2,0.8,1.0,1.0,0.4703652827859579,0.6843425526538396,0.7762586762509043,0.01,1.0,0.019801980198019802,0.01
466,_ that are also both _ and _,10,1000,exact_constraint_verifier,10,1000,0.5,1.0,1.0,1.0,1.0,1.0,1.0,0.01,1.0,0.019801980198019802,0.01
467,_ that are also both _ and _,8,1000,BM25,100,1000,0.625,1.0,1.0,1.0,1.0,1.0,1.0,0.008,1.0,0.015873015873015872,0.008
467,_ that are also both _ and _,8,1000,Qwen/Qwen3-Reranker-4B,100,1000,0.375,0.625,1.0,1.0,0.4912596920895758,0.5326205137475638,0.6978738374311179,0.008,1.0,0.015873015873015872,0.008
467,_ that are also both _ and _,8,1000,exact_constraint_verifier,8,1000,0.625,1.0,1.0,1.0,1.0,1.0,1.0,0.008,1.0,0.015873015873015872,0.008
468,_ that are also both _ and _,6,1000,BM25,100,1000,0.8333333333333334,1.0,1.0,1.0,1.0,1.0,1.0,0.006,1.0,0.011928429423459244,0.006
468,_ that are also both _ and _,6,1000,Qwen/Qwen3-Reranker-4B,100,1000,0.6666666666666666,0.6666666666666666,1.0,1.0,0.830419897363192,0.7409096387260824,0.8669559811023694,0.006,1.0,0.011928429423459244,0.006
468,_ that are also both _ and _,6,1000,exact_constraint_verifier,6,1000,0.8333333333333334,1.0,1.0,1.0,1.0,1.0,1.0,0.006,1.0,0.011928429423459244,0.006
469,_ that are also both _ and _,9,1000,BM25,100,1000,0.5555555555555556,1.0,1.0,1.0,1.0,1.0,1.0,0.009,1.0,0.017839444995044598,0.009
469,_ that are also both _ and _,9,1000,Qwen/Qwen3-Reranker-4B,100,1000,0.5555555555555556,0.7777777777777778,1.0,1.0,1.0,0.8369350079105162,0.9225413817549407,0.009,1.0,0.017839444995044598,0.009
469,_ that are also both _ and _,9,1000,exact_constraint_verifier,9,1000,0.5555555555555556,1.0,1.0,1.0,1.0,1.0,1.0,0.009,1.0,0.017839444995044598,0.009
470,_ that are also both _ and _,7,1000,BM25,100,1000,0.7142857142857143,1.0,1.0,1.0,1.0,1.0,1.0,0.007,1.0,0.013902681231380339,0.007
470,_ that are also both _ and _,7,1000,Qwen/Qwen3-Reranker-4B,100,1000,0.5714285714285714,0.7142857142857143,0.8571428571428571,0.8571428571428571,0.8687949224876582,0.8020378746650064,0.861229271142688,0.007,1.0,0.013902681231380339,0.007
470,_ that are also both _ and _,7,1000,exact_constraint_verifier,7,1000,0.7142857142857143,1.0,1.0,1.0,1.0,1.0,1.0,0.007,1.0,0.013902681231380339,0.007
471,_ that are also both _ and _,4,1000,BM25,100,1000,1.0,1.0,1.0,1.0,1.0,1.0,1.0,0.004,1.0,0.00796812749003984,0.004
471,_ that are also both _ and _,4,1000,Qwen/Qwen3-Reranker-4B,100,1000,0.75,1.0,1.0,1.0,0.75369761125927,0.8927537907700456,0.8927537907700456,0.004,1.0,0.00796812749003984,0.004
471,_ that are also both _ and _,4,1000,exact_constraint_verifier,4,1000,1.0,1.0,1.0,1.0,1.0,1.0,1.0,0.004,1.0,0.00796812749003984,0.004
472,_ that are also both _ and _,6,1000,BM25,100,1000,0.8333333333333334,1.0,1.0,1.0,1.0,1.0,1.0,0.006,1.0,0.011928429423459244,0.006
472,_ that are also both _ and _,6,1000,Qwen/Qwen3-Reranker-4B,100,1000,0.8333333333333334,1.0,1.0,1.0,1.0,1.0,1.0,0.006,1.0,0.011928429423459244,0.006
472,_ that are also both _ and _,6,1000,exact_constraint_verifier,6,1000,0.8333333333333334,1.0,1.0,1.0,1.0,1.0,1.0,0.006,1.0,0.011928429423459244,0.006
473,_ that are also both _ and _,7,1000,BM25,100,1000,0.7142857142857143,1.0,1.0,1.0,1.0,1.0,1.0,0.007,1.0,0.013902681231380339,0.007
473,_ that are also both _ and _,7,1000,Qwen/Qwen3-Reranker-4B,100,1000,0.42857142857142855,0.8571428571428571,1.0,1.0,0.6548086577531307,0.7754255611765901,0.8346169576542716,0.007,1.0,0.013902681231380339,0.007
473,_ that are also both _ and _,7,1000,exact_constraint_verifier,7,1000,0.7142857142857143,1.0,1.0,1.0,1.0,1.0,1.0,0.007,1.0,0.013902681231380339,0.007
474,_ that are also both _ and _,7,1000,BM25,100,1000,0.7142857142857143,1.0,1.0,1.0,1.0,1.0,1.0,0.007,1.0,0.013902681231380339,0.007
474,_ that are also both _ and _,7,1000,Qwen/Qwen3-Reranker-4B,100,1000,0.42857142857142855,0.7142857142857143,0.8571428571428571,0.8571428571428571,0.6992148198508501,0.7473457295131811,0.7955659276918451,0.007,1.0,0.013902681231380339,0.007
474,_ that are also both _ and _,7,1000,exact_constraint_verifier,7,1000,0.7142857142857143,1.0,1.0,1.0,1.0,1.0,1.0,0.007,1.0,0.013902681231380339,0.007
475,_ that are also both _ and _,6,1000,BM25,100,1000,0.8333333333333334,1.0,1.0,1.0,1.0,1.0,1.0,0.006,1.0,0.011928429423459244,0.006
475,_ that are also both _ and _,6,1000,Qwen/Qwen3-Reranker-4B,100,1000,0.8333333333333334,1.0,1.0,1.0,1.0,1.0,1.0,0.006,1.0,0.011928429423459244,0.006
475,_ that are also both _ and _,6,1000,exact_constraint_verifier,6,1000,0.8333333333333334,1.0,1.0,1.0,1.0,1.0,1.0,0.006,1.0,0.011928429423459244,0.006
476,_ that are also both _ and _,1,1000,BM25,100,1000,1.0,1.0,1.0,1.0,1.0,1.0,1.0,0.001,1.0,0.0019980019980019984,0.001
476,_ that are also both _ and _,1,1000,Qwen/Qwen3-Reranker-4B,100,1000,1.0,1.0,1.0,1.0,1.0,1.0,1.0,0.001,1.0,0.0019980019980019984,0.001
476,_ that are also both _ and _,1,1000,exact_constraint_verifier,1,1000,1.0,1.0,1.0,1.0,1.0,1.0,1.0,0.001,1.0,0.0019980019980019984,0.001
477,_ that are also both _ and _,5,1000,BM25,100,1000,1.0,1.0,1.0,1.0,1.0,1.0,1.0,0.005,1.0,0.009950248756218907,0.005
477,_ that are also both _ and _,5,1000,Qwen/Qwen3-Reranker-4B,100,1000,0.4,0.8,1.0,1.0,0.5531464700081437,0.7402660260577352,0.8035710961683505,0.005,1.0,0.009950248756218907,0.005
477,_ that are also both _ and _,5,1000,exact_constraint_verifier,5,1000,1.0,1.0,1.0,1.0,1.0,1.0,1.0,0.005,1.0,0.009950248756218907,0.005
478,_ that are also both _ and _,9,1000,BM25,100,1000,0.5555555555555556,1.0,1.0,1.0,1.0,1.0,1.0,0.009,1.0,0.017839444995044598,0.009
478,_ that are also both _ and _,9,1000,Qwen/Qwen3-Reranker-4B,100,1000,0.5555555555555556,1.0,1.0,1.0,1.0,0.985611092239869,0.985611092239869,0.009,1.0,0.017839444995044598,0.009
478,_ that are also both _ and _,9,1000,exact_constraint_verifier,9,1000,0.5555555555555556,1.0,1.0,1.0,1.0,1.0,1.0,0.009,1.0,0.017839444995044598,0.009
479,_ that are also both _ and _,11,1000,BM25,100,1000,0.45454545454545453,1.0,1.0,1.0,1.0,1.0,1.0,0.011,1.0,0.021760633036597428,0.011
479,_ that are also both _ and _,11,1000,Qwen/Qwen3-Reranker-4B,100,1000,0.2727272727272727,0.7272727272727273,0.8181818181818182,0.8181818181818182,0.7227265726449519,0.7283600921166088,0.764561926719509,0.011,1.0,0.021760633036597428,0.011
479,_ that are also both _ and _,11,1000,exact_constraint_verifier,11,1000,0.45454545454545453,1.0,1.0,1.0,1.0,1.0,1.0,0.011,1.0,0.021760633036597428,0.011
480,_ that are also both _ and _,3,1000,BM25,100,1000,1.0,1.0,1.0,1.0,1.0,1.0,1.0,0.003,1.0,0.005982053838484547,0.003
480,_ that are also both _ and _,3,1000,Qwen/Qwen3-Reranker-4B,100,1000,0.6666666666666666,1.0,1.0,1.0,0.7039180890341347,0.8710785440003369,0.8710785440003369,0.003,1.0,0.005982053838484547,0.003
480,_ that are also both _ and _,3,1000,exact_constraint_verifier,3,1000,1.0,1.0,1.0,1.0,1.0,1.0,1.0,0.003,1.0,0.005982053838484547,0.003
481,_ that are also both _ and _,8,1000,BM25,100,1000,0.625,1.0,1.0,1.0,1.0,1.0,1.0,0.008,1.0,0.015873015873015872,0.008
481,_ that are also both _ and _,8,1000,Qwen/Qwen3-Reranker-4B,100,1000,0.5,1.0,1.0,1.0,0.8539316501572937,0.9641803458261541,0.9641803458261541,0.008,1.0,0.015873015873015872,0.008
481,_ that are also both _ and _,8,1000,exact_constraint_verifier,8,1000,0.625,1.0,1.0,1.0,1.0,1.0,1.0,0.008,1.0,0.015873015873015872,0.008
482,_ that are also both _ and _,11,1000,BM25,100,1000,0.45454545454545453,1.0,1.0,1.0,1.0,0.9927174565322815,0.9927174565322815,0.011,1.0,0.021760633036597428,0.011
482,_ that are also both _ and _,11,1000,Qwen/Qwen3-Reranker-4B,100,1000,0.45454545454545453,1.0,1.0,1.0,1.0,0.9784460058448068,0.9784460058448068,0.011,1.0,0.021760633036597428,0.011
482,_ that are also both _ and _,11,1000,exact_constraint_verifier,11,1000,0.45454545454545453,1.0,1.0,1.0,1.0,1.0,1.0,0.011,1.0,0.021760633036597428,0.011
483,_ that are also both _ and _,3,1000,BM25,100,1000,1.0,1.0,1.0,1.0,1.0,1.0,1.0,0.003,1.0,0.005982053838484547,0.003
483,_ that are also both _ and _,3,1000,Qwen/Qwen3-Reranker-4B,100,1000,1.0,1.0,1.0,1.0,1.0,1.0,1.0,0.003,1.0,0.005982053838484547,0.003
483,_ that are also both _ and _,3,1000,exact_constraint_verifier,3,1000,1.0,1.0,1.0,1.0,1.0,1.0,1.0,0.003,1.0,0.005982053838484547,0.003
484,_ that are also both _ and _,6,1000,BM25,100,1000,0.8333333333333334,1.0,1.0,1.0,1.0,0.9876712785649565,0.9876712785649565,0.006,1.0,0.011928429423459244,0.006
484,_ that are also both _ and _,6,1000,Qwen/Qwen3-Reranker-4B,100,1000,0.6666666666666666,1.0,1.0,1.0,0.6608397947263839,0.7815683063664048,0.7815683063664048,0.006,1.0,0.011928429423459244,0.006
484,_ that are also both _ and _,6,1000,exact_constraint_verifier,6,1000,0.8333333333333334,1.0,1.0,1.0,1.0,1.0,1.0,0.006,1.0,0.011928429423459244,0.006
485,_ that are also both _ and _,14,1000,BM25,100,1000,0.35714285714285715,1.0,1.0,1.0,1.0,1.0,1.0,0.014,1.0,0.027613412228796843,0.014
485,_ that are also both _ and _,14,1000,Qwen/Qwen3-Reranker-4B,100,1000,0.35714285714285715,0.8571428571428571,1.0,1.0,1.0,0.8910699775866866,0.9621451014975168,0.014,1.0,0.027613412228796843,0.014
485,_ that are also both _ and _,14,1000,exact_constraint_verifier,14,1000,0.35714285714285715,1.0,1.0,1.0,1.0,1.0,1.0,0.014,1.0,0.027613412228796843,0.014
486,_ that are also both _ and _,6,1000,BM25,100,1000,0.6666666666666666,1.0,1.0,1.0,0.830419897363192,0.9495662644168644,0.9495662644168644,0.006,1.0,0.011928429423459244,0.006
486,_ that are also both _ and _,6,1000,Qwen/Qwen3-Reranker-4B,100,1000,0.6666666666666666,1.0,1.0,1.0,0.8539316501572937,0.9705437052559006,0.9705437052559006,0.006,1.0,0.011928429423459244,0.006
486,_ that are also both _ and _,6,1000,exact_constraint_verifier,6,1000,0.8333333333333334,1.0,1.0,1.0,1.0,1.0,1.0,0.006,1.0,0.011928429423459244,0.006
487,_ that are also both _ and _,10,1000,BM25,100,1000,0.5,1.0,1.0,1.0,1.0,1.0,1.0,0.01,1.0,0.019801980198019802,0.01
487,_ that are also both _ and _,10,1000,Qwen/Qwen3-Reranker-4B,100,1000,0.5,0.9,1.0,1.0,1.0,0.933745776545611,0.9830999958990934,0.01,1.0,0.019801980198019802,0.01
487,_ that are also both _ and _,10,1000,exact_constraint_verifier,10,1000,0.5,1.0,1.0,1.0,1.0,1.0,1.0,0.01,1.0,0.019801980198019802,0.01
488,_ that are also both _ and _,5,1000,BM25,100,1000,1.0,1.0,1.0,1.0,1.0,1.0,1.0,0.005,1.0,0.009950248756218907,0.005
488,_ that are also both _ and _,5,1000,Qwen/Qwen3-Reranker-4B,100,1000,0.2,0.4,0.8,0.8,0.16958010263680806,0.29039140533630226,0.4078368358862793,0.005,1.0,0.009950248756218907,0.005
488,_ that are also both _ and _,5,1000,exact_constraint_verifier,5,1000,1.0,1.0,1.0,1.0,1.0,1.0,1.0,0.005,1.0,0.009950248756218907,0.005
489,_ that are also both _ and _,7,1000,BM25,100,1000,0.7142857142857143,1.0,1.0,1.0,1.0,1.0,1.0,0.007,1.0,0.013902681231380339,0.007
489,_ that are also both _ and _,7,1000,Qwen/Qwen3-Reranker-4B,100,1000,0.7142857142857143,1.0,1.0,1.0,1.0,0.9770936389238091,0.9770936389238091,0.007,1.0,0.013902681231380339,0.007
489,_ that are also both _ and _,7,1000,exact_constraint_verifier,7,1000,0.7142857142857143,1.0,1.0,1.0,1.0,1.0,1.0,0.007,1.0,0.013902681231380339,0.007
490,_ that are also both _ and _,13,1000,BM25,100,1000,0.38461538461538464,1.0,1.0,1.0,1.0,1.0,1.0,0.013,1.0,0.02566633761105627,0.013
490,_ that are also both _ and _,13,1000,Qwen/Qwen3-Reranker-4B,100,1000,0.38461538461538464,0.9230769230769231,1.0,1.0,1.0,0.9479136072168716,0.9881232427642649,0.013,1.0,0.02566633761105627,0.013
490,_ that are also both _ and _,13,1000,exact_constraint_verifier,13,1000,0.38461538461538464,1.0,1.0,1.0,1.0,1.0,1.0,0.013,1.0,0.02566633761105627,0.013
491,_ that are also both _ and _,9,1000,BM25,100,1000,0.5555555555555556,1.0,1.0,1.0,1.0,1.0,1.0,0.009,1.0,0.017839444995044598,0.009
491,_ that are also both _ and _,9,1000,Qwen/Qwen3-Reranker-4B,100,1000,0.3333333333333333,1.0,1.0,1.0,0.6843515475204855,0.9147563159146127,0.9147563159146127,0.009,1.0,0.017839444995044598,0.009
491,_ that are also both _ and _,9,1000,exact_constraint_verifier,9,1000,0.5555555555555556,1.0,1.0,1.0,1.0,1.0,1.0,0.009,1.0,0.017839444995044598,0.009
492,_ that are also both _ and _,11,1000,BM25,100,1000,0.45454545454545453,1.0,1.0,1.0,1.0,1.0,1.0,0.011,1.0,0.021760633036597428,0.011
492,_ that are also both _ and _,11,1000,Qwen/Qwen3-Reranker-4B,100,1000,0.36363636363636365,0.9090909090909091,1.0,1.0,0.8539316501572937,0.8766100024839572,0.914367973295895,0.011,1.0,0.021760633036597428,0.011
492,_ that are also both _ and _,11,1000,exact_constraint_verifier,11,1000,0.45454545454545453,1.0,1.0,1.0,1.0,1.0,1.0,0.011,1.0,0.021760633036597428,0.011
493,_ that are also both _ and _,9,1000,BM25,100,1000,0.5555555555555556,1.0,1.0,1.0,1.0,0.9663893347552224,0.9663893347552224,0.009,1.0,0.017839444995044598,0.009
493,_ that are also both _ and _,9,1000,Qwen/Qwen3-Reranker-4B,100,1000,0.2222222222222222,0.7777777777777778,1.0,1.0,0.5087403079104241,0.6847442425471654,0.7817583654732763,0.009,1.0,0.017839444995044598,0.009
493,_ that are also both _ and _,9,1000,exact_constraint_verifier,9,1000,0.5555555555555556,1.0,1.0,1.0,1.0,1.0,1.0,0.009,1.0,0.017839444995044598,0.009
494,_ that are also both _ and _,5,1000,BM25,100,1000,1.0,1.0,1.0,1.0,1.0,1.0,1.0,0.005,1.0,0.009950248756218907,0.005
494,_ that are also both _ and _,5,1000,Qwen/Qwen3-Reranker-4B,100,1000,0.8,1.0,1.0,1.0,0.8687949224876582,0.9501297678760778,0.9501297678760778,0.005,1.0,0.009950248756218907,0.005
494,_ that are also both _ and _,5,1000,exact_constraint_verifier,5,1000,1.0,1.0,1.0,1.0,1.0,1.0,1.0,0.005,1.0,0.009950248756218907,0.005
495,_ that are also both _ and _,9,1000,BM25,100,1000,0.5555555555555556,1.0,1.0,1.0,1.0,1.0,1.0,0.009,1.0,0.017839444995044598,0.009
495,_ that are also both _ and _,9,1000,Qwen/Qwen3-Reranker-4B,100,1000,0.5555555555555556,0.8888888888888888,1.0,1.0,1.0,0.9258513847149256,0.9716756351292613,0.009,1.0,0.017839444995044598,0.009
495,_ that are also both _ and _,9,1000,exact_constraint_verifier,9,1000,0.5555555555555556,1.0,1.0,1.0,1.0,1.0,1.0,0.009,1.0,0.017839444995044598,0.009
496,_ that are also both _ and _,9,1000,BM25,100,1000,0.5555555555555556,1.0,1.0,1.0,1.0,1.0,1.0,0.009,1.0,0.017839444995044598,0.009
496,_ that are also both _ and _,9,1000,Qwen/Qwen3-Reranker-4B,100,1000,0.4444444444444444,0.8888888888888888,1.0,1.0,0.8539316501572937,0.8723595389018485,0.9146751009876896,0.009,1.0,0.017839444995044598,0.009
496,_ that are also both _ and _,9,1000,exact_constraint_verifier,9,1000,0.5555555555555556,1.0,1.0,1.0,1.0,1.0,1.0,0.009,1.0,0.017839444995044598,0.009
497,_ that are also both _ and _,2,1000,BM25,100,1000,1.0,1.0,1.0,1.0,1.0,1.0,1.0,0.002,1.0,0.003992015968063872,0.002
497,_ that are also both _ and _,2,1000,Qwen/Qwen3-Reranker-4B,100,1000,1.0,1.0,1.0,1.0,1.0,1.0,1.0,0.002,1.0,0.003992015968063872,0.002
497,_ that are also both _ and _,2,1000,exact_constraint_verifier,2,1000,1.0,1.0,1.0,1.0,1.0,1.0,1.0,0.002,1.0,0.003992015968063872,0.002
498,_ that are also both _ and _,16,1000,BM25,100,1000,0.3125,1.0,1.0,1.0,1.0,1.0,1.0,0.016,1.0,0.031496062992125984,0.016
498,_ that are also both _ and _,16,1000,Qwen/Qwen3-Reranker-4B,100,1000,0.3125,0.75,0.875,0.875,1.0,0.7931048584655337,0.852142547899685,0.016,1.0,0.031496062992125984,0.016
498,_ that are also both _ and _,16,1000,exact_constraint_verifier,16,1000,0.3125,1.0,1.0,1.0,1.0,1.0,1.0,0.016,1.0,0.031496062992125984,0.016
499,_ that are also both _ and _,5,1000,BM25,100,1000,1.0,1.0,1.0,1.0,1.0,1.0,1.0,0.005,1.0,0.009950248756218907,0.005
499,_ that are also both _ and _,5,1000,Qwen/Qwen3-Reranker-4B,100,1000,0.4,1.0,1.0,1.0,0.4703652827859579,0.7958840151716571,0.7958840151716571,0.005,1.0,0.009950248756218907,0.005
499,_ that are also both _ and _,5,1000,exact_constraint_verifier,5,1000,1.0,1.0,1.0,1.0,1.0,1.0,1.0,0.005,1.0,0.009950248756218907,0.005
500,_ that are also _ but not _,124,1000,BM25,100,1000,0.0,0.06451612903225806,0.27419354838709675,0.34,0.0,0.30878825590687625,0.31853250336889716,0.124,1.0,0.22064056939501778,0.124
500,_ that are also _ but not _,124,1000,Qwen/Qwen3-Reranker-4B,100,1000,0.03225806451612903,0.13709677419354838,0.7258064516129032,0.9,0.6608397947263839,0.7600175975138399,0.8645923617962306,0.124,1.0,0.22064056939501778,0.124
500,_ that are also _ but not _,124,1000,exact_constraint_verifier,100,1000,0.04032258064516129,0.16129032258064516,0.8064516129032258,1.0,1.0,1.0,1.0,0.124,1.0,0.22064056939501778,0.124
501,_ that are also _ but not _,121,1000,BM25,100,1000,0.0,0.0,0.0,0.0,0.0,0.0,0.0,0.0,0.0,0.0,0.0
501,_ that are also _ but not _,121,1000,Qwen/Qwen3-Reranker-4B,100,1000,0.0,0.0,0.0,0.0,0.0,0.0,0.0,0.0,0.0,0.0,0.0
501,_ that are also _ but not _,121,1000,exact_constraint_verifier,0,1000,0.0,0.0,0.0,0.0,0.0,0.0,0.0,0.0,0.0,0.0,0.0
502,_ that are also _ but not _,140,1000,BM25,100,1000,0.0,0.05,0.24285714285714285,0.34,0.0,0.2592926021176089,0.3092476217525046,0.14,1.0,0.24561403508771928,0.14
502,_ that are also _ but not _,140,1000,Qwen/Qwen3-Reranker-4B,100,1000,0.02857142857142857,0.12142857142857143,0.6714285714285714,0.94,0.6608397947263839,0.7842969220113591,0.9018382855778754,0.14,1.0,0.24561403508771928,0.14
502,_ that are also _ but not _,140,1000,exact_constraint_verifier,100,1000,0.03571428571428571,0.14285714285714285,0.7142857142857143,1.0,1.0,1.0,1.0,0.14,1.0,0.24561403508771928,0.14
503,_ that are also _ but not _,129,1000,BM25,100,1000,0.0,0.031007751937984496,0.2868217054263566,0.37,0.0,0.13415076300902462,0.31024309006490663,0.129,1.0,0.22852081488042517,0.129
503,_ that are also _ but not _,129,1000,Qwen/Qwen3-Reranker-4B,100,1000,0.015503875968992248,0.10852713178294573,0.6046511627906976,0.78,0.30078518014914984,0.5999331474627062,0.7329106836174311,0.129,1.0,0.22852081488042517,0.129
503,_ that are also _ but not _,129,1000,exact_constraint_verifier,100,1000,0.03875968992248062,0.15503875968992248,0.7751937984496124,1.0,1.0,1.0,1.0,0.129,1.0,0.22852081488042517,0.129
504,_ that are also _ but not _,136,1000,BM25,100,1000,0.0,0.03676470588235294,0.3014705882352941,0.41,0.0,0.19382120777627576,0.36925215714813264,0.136,1.0,0.23943661971830985,0.136
504,_ that are also _ but not _,136,1000,Qwen/Qwen3-Reranker-4B,100,1000,0.029411764705882353,0.13970588235294118,0.6764705882352942,0.92,0.830419897363192,0.9289799801831714,0.9188633646393228,0.136,1.0,0.23943661971830985,0.136
504,_ that are also _ but not _,136,1000,exact_constraint_verifier,100,1000,0.03676470588235294,0.14705882352941177,0.7352941176470589,1.0,1.0,1.0,1.0,0.136,1.0,0.23943661971830985,0.136
505,_ that are also _ but not _,131,1000,BM25,100,1000,0.0,0.05343511450381679,0.26717557251908397,0.35,0.0,0.25287710524705226,0.31486794959989817,0.131,1.0,0.23165340406719717,0.131
505,_ that are also _ but not _,131,1000,Qwen/Qwen3-Reranker-4B,100,1000,0.015267175572519083,0.12213740458015267,0.7022900763358778,0.92,0.5087403079104241,0.7595106366477701,0.8844520028947285,0.131,1.0,0.23165340406719717,0.131
505,_ that are also _ but not _,131,1000,exact_constraint_verifier,100,1000,0.03816793893129771,0.15267175572519084,0.7633587786259542,1.0,1.0,1.0,1.0,0.131,1.0,0.23165340406719717,0.131
506,_ that are also _ but not _,154,1000,BM25,100,1000,0.0,0.012987012987012988,0.18181818181818182,0.28,0.0,0.0720569230653132,0.2442560849875331,0.154,1.0,0.2668977469670711,0.154
506,_ that are also _ but not _,154,1000,Qwen/Qwen3-Reranker-4B,100,1000,0.025974025974025976,0.11688311688311688,0.6168831168831169,0.95,0.7860137352654724,0.8719980746312737,0.9299580968111634,0.154,1.0,0.2668977469670711,0.154
506,_ that are also _ but not _,154,1000,exact_constraint_verifier,100,1000,0.032467532467532464,0.12987012987012986,0.6493506493506493,1.0,1.0,1.0,1.0,0.154,1.0,0.2668977469670711,0.154
507,_ that are also _ but not _,127,1000,BM25,100,1000,0.0,0.07874015748031496,0.4330708661417323,0.55,0.0,0.3711718129078793,0.4952635973174268,0.127,1.0,0.225377107364685,0.127
507,_ that are also _ but not _,127,1000,Qwen/Qwen3-Reranker-4B,100,1000,0.03937007874015748,0.14960629921259844,0.7322834645669292,0.93,1.0,0.9494043170253829,0.9351057487721576,0.127,1.0,0.225377107364685,0.127
507,_ that are also _ but not _,127,1000,exact_constraint_verifier,100,1000,0.03937007874015748,0.15748031496062992,0.7874015748031497,1.0,1.0,1.0,1.0,0.127,1.0,0.225377107364685,0.127
508,_ that are also _ but not _,122,1000,BM25,100,1000,0.0,0.00819672131147541,0.30327868852459017,0.37,0.0,0.03286497056757699,0.315146707898426,0.122,1.0,0.21746880570409985,0.122
508,_ that are also _ but not _,122,1000,Qwen/Qwen3-Reranker-4B,100,1000,0.0,0.07377049180327869,0.45901639344262296,0.56,0.0,0.339295623733207,0.5058187212071305,0.122,1.0,0.21746880570409985,0.122
508,_ that are also _ but not _,122,1000,exact_constraint_verifier,100,1000,0.040983606557377046,0.16393442622950818,0.819672131147541,1.0,1.0,1.0,1.0,0.122,1.0,0.21746880570409985,0.122
509,_ that are also _ but not _,142,1000,BM25,100,1000,0.0,0.007042253521126761,0.056338028169014086,0.08,0.0,0.038384638165382894,0.0722068673767426,0.142,1.0,0.2486865148861646,0.142
509,_ that are also _ but not _,142,1000,Qwen/Qwen3-Reranker-4B,100,1000,0.0,0.04225352112676056,0.31690140845070425,0.45,0.0,0.2250649851624348,0.39996697003959625,0.142,1.0,0.2486865148861646,0.142
509,_ that are also _ but not _,142,1000,exact_constraint_verifier,100,1000,0.035211267605633804,0.14084507042253522,0.704225352112676,1.0,1.0,1.0,1.0,0.142,1.0,0.2486865148861646,0.142
510,_ that are also _ but not _,143,1000,BM25,100,1000,0.0,0.0,0.006993006993006993,0.01,0.0,0.0,0.007188374025061395,0.143,1.0,0.2502187226596675,0.143
510,_ that are also _ but not _,143,1000,Qwen/Qwen3-Reranker-4B,100,1000,0.0,0.08391608391608392,0.4755244755244755,0.68,0.0,0.45935545818857587,0.6183354795821349,0.143,1.0,0.2502187226596675,0.143
510,_ that are also _ but not _,143,1000,exact_constraint_verifier,100,1000,0.03496503496503497,0.13986013986013987,0.6993006993006993,1.0,1.0,1.0,1.0,0.143,1.0,0.2502187226596675,0.143
511,_ that are also _ but not _,134,1000,BM25,100,1000,0.0,0.0,0.022388059701492536,0.03,0.0,0.0,0.02697951649613139,0.134,1.0,0.23633156966490304,0.134
511,_ that are also _ but not _,134,1000,Qwen/Qwen3-Reranker-4B,100,1000,0.007462686567164179,0.08208955223880597,0.582089552238806,0.78,0.16958010263680806,0.4683821379470765,0.7184458391259259,0.134,1.0,0.23633156966490304,0.134
511,_ that are also _ but not _,134,1000,exact_constraint_verifier,100,1000,0.03731343283582089,0.14925373134328357,0.746268656716418,1.0,1.0,1.0,1.0,0.134,1.0,0.23633156966490304,0.134
512,_ that are also _ but not _,113,1000,BM25,100,1000,0.008849557522123894,0.10619469026548672,0.5398230088495575,0.61,0.14606834984270645,0.48210230811245675,0.5685852762979341,0.113,1.0,0.20305480682839175,0.113
512,_ that are also _ but not _,113,1000,Qwen/Qwen3-Reranker-4B,100,1000,0.035398230088495575,0.1415929203539823,0.6017699115044248,0.68,0.8687949224876582,0.8290101529132696,0.7141499663112725,0.113,1.0,0.20305480682839175,0.113
512,_ that are also _ but not _,113,1000,exact_constraint_verifier,100,1000,0.04424778761061947,0.17699115044247787,0.8849557522123894,1.0,1.0,1.0,1.0,0.113,1.0,0.20305480682839175,0.113
513,_ that are also _ but not _,119,1000,BM25,100,1000,0.0,0.0,0.0,0.0,0.0,0.0,0.0,0.049,0.4117647058823529,0.08757819481680071,0.04579439252336449
513,_ that are also _ but not _,119,1000,Qwen/Qwen3-Reranker-4B,100,1000,0.04201680672268908,0.13445378151260504,0.3865546218487395,0.46,1.0,0.8616406149823963,0.5585916161146002,0.049,0.4117647058823529,0.08757819481680071,0.04579439252336449
513,_ that are also _ but not _,119,1000,exact_constraint_verifier,49,1000,0.04201680672268908,0.16806722689075632,0.4117647058823529,0.49,1.0,1.0,0.6075572486840307,0.049,0.4117647058823529,0.08757819481680071,0.04579439252336449
514,_ that are also _ but not _,148,1000,BM25,100,1000,0.0,0.0,0.07432432432432433,0.11,0.0,0.0,0.08482429483913598,0.148,1.0,0.2578397212543554,0.148
514,_ that are also _ but not _,148,1000,Qwen/Qwen3-Reranker-4B,100,1000,0.02027027027027027,0.11486486486486487,0.6216216216216216,0.92,0.639945385422766,0.8119026470521801,0.8954218903844127,0.148,1.0,0.2578397212543554,0.148
514,_ that are also _ but not _,148,1000,exact_constraint_verifier,100,1000,0.033783783783783786,0.13513513513513514,0.6756756756756757,1.0,1.0,1.0,1.0,0.148,1.0,0.2578397212543554,0.148
515,_ that are also _ but not _,127,1000,BM25,100,1000,0.0,0.05511811023622047,0.4251968503937008,0.54,0.0,0.24743486841982368,0.4736454701502289,0.127,1.0,0.225377107364685,0.127
515,_ that are also _ but not _,127,1000,Qwen/Qwen3-Reranker-4B,100,1000,0.023622047244094488,0.12598425196850394,0.6377952755905512,0.81,0.4468535299918563,0.6862458205862448,0.7768766255810206,0.127,1.0,0.225377107364685,0.127
515,_ that are also _ but not _,127,1000,exact_constraint_verifier,100,1000,0.03937007874015748,0.15748031496062992,0.7874015748031497,1.0,1.0,1.0,1.0,0.127,1.0,0.225377107364685,0.127
516,_ that are also _ but not _,138,1000,BM25,100,1000,0.0,0.07971014492753623,0.6594202898550725,0.91,0.0,0.3956914309269467,0.7968116248965796,0.138,1.0,0.2425307557117751,0.138
516,_ that are also _ but not _,138,1000,Qwen/Qwen3-Reranker-4B,100,1000,0.036231884057971016,0.13768115942028986,0.6666666666666666,0.92,1.0,0.9671350294324229,0.9295194480931877,0.138,1.0,0.2425307557117751,0.138
516,_ that are also _ but not _,138,1000,exact_constraint_verifier,100,1000,0.036231884057971016,0.14492753623188406,0.7246376811594203,1.0,1.0,1.0,1.0,0.138,1.0,0.2425307557117751,0.138
517,_ that are also _ but not _,161,1000,BM25,100,1000,0.0,0.0,0.0,0.0,0.0,0.0,0.0,0.161,1.0,0.27734711455641686,0.161
517,_ that are also _ but not _,161,1000,Qwen/Qwen3-Reranker-4B,100,1000,0.031055900621118012,0.11180124223602485,0.546583850931677,0.88,1.0,0.9216344702466663,0.8944267905132044,0.161,1.0,0.27734711455641686,0.161
517,_ that are also _ but not _,161,1000,exact_constraint_verifier,100,1000,0.031055900621118012,0.12422360248447205,0.6211180124223602,1.0,1.0,1.0,1.0,0.161,1.0,0.27734711455641686,0.161
518,_ that are also _ but not _,126,1000,BM25,100,1000,0.0,0.0,0.0,0.0,0.0,0.0,0.0,0.126,1.0,0.2238010657193606,0.126
518,_ that are also _ but not _,126,1000,Qwen/Qwen3-Reranker-4B,100,1000,0.03968253968253968,0.15873015873015872,0.7380952380952381,0.93,1.0,1.0,0.9447071804204448,0.126,1.0,0.2238010657193606,0.126
518,_ that are also _ but not _,126,1000,exact_constraint_verifier,100,1000,0.03968253968253968,0.15873015873015872,0.7936507936507936,1.0,1.0,1.0,1.0,0.126,1.0,0.2238010657193606,0.126
519,_ that are also _ but not _,110,1000,BM25,100,1000,0.0,0.0,0.0,0.0,0.0,0.0,0.0,0.006,0.05454545454545454,0.010810810810810811,0.005434782608695652
519,_ that are also _ but not _,110,1000,Qwen/Qwen3-Reranker-4B,100,1000,0.02727272727272727,0.045454545454545456,0.05454545454545454,0.06,0.6164336326286644,0.3419790349855957,0.12569412964698326,0.006,0.05454545454545454,0.010810810810810811,0.005434782608695652
519,_ that are also _ but not _,110,1000,exact_constraint_verifier,6,1000,0.045454545454545456,0.05454545454545454,0.05454545454545454,0.06,1.0,0.46939493307846414,0.157825982643748,0.006,0.05454545454545454,0.010810810810810811,0.005434782608695652
520,_ that are also _ but not _,159,1000,BM25,100,1000,0.0,0.0,0.0440251572327044,0.07,0.0,0.0,0.06225418297237582,0.159,1.0,0.274374460742019,0.159
520,_ that are also _ but not _,159,1000,Qwen/Qwen3-Reranker-4B,100,1000,0.018867924528301886,0.10062893081761007,0.44654088050314467,0.71,0.5147714448836774,0.7248272867841754,0.7081828799022571,0.159,1.0,0.274374460742019,0.159
520,_ that are also _ but not _,159,1000,exact_constraint_verifier,100,1000,0.031446540880503145,0.12578616352201258,0.6289308176100629,1.0,1.0,1.0,1.0,0.159,1.0,0.274374460742019,0.159
521,_ that are also _ but not _,134,1000,BM25,100,1000,0.0,0.0,0.0,0.0,0.0,0.0,0.0,0.056,0.417910447761194,0.09876543209876543,0.05194805194805195
521,_ that are also _ but not _,134,1000,Qwen/Qwen3-Reranker-4B,100,1000,0.014925373134328358,0.06716417910447761,0.27611940298507465,0.37,0.34519134224686937,0.42612315030689407,0.38344183512836005,0.056,0.417910447761194,0.09876543209876543,0.05194805194805195
521,_ that are also _ but not _,134,1000,exact_constraint_verifier,56,1000,0.03731343283582089,0.14925373134328357,0.417910447761194,0.56,1.0,1.0,0.6656637064916203,0.056,0.417910447761194,0.09876543209876543,0.05194805194805195
522,_ that are also _ but not _,129,1000,BM25,100,1000,0.007751937984496124,0.046511627906976744,0.31007751937984496,0.4,0.13120507751234178,0.23331972750145735,0.35023581984517194,0.129,1.0,0.22852081488042517,0.129
522,_ that are also _ but not _,129,1000,Qwen/Qwen3-Reranker-4B,100,1000,0.03875968992248062,0.15503875968992248,0.7364341085271318,0.95,1.0,1.0,0.9602142315400807,0.129,1.0,0.22852081488042517,0.129
522,_ that are also _ but not _,129,1000,exact_constraint_verifier,100,1000,0.03875968992248062,0.15503875968992248,0.7751937984496124,1.0,1.0,1.0,1.0,0.129,1.0,0.22852081488042517,0.129
523,_ that are also _ but not _,156,1000,BM25,100,1000,0.01282051282051282,0.07692307692307693,0.23076923076923078,0.36,0.36005461457723403,0.544431773503982,0.38927263113299787,0.156,1.0,0.2698961937716263,0.156
523,_ that are also _ but not _,156,1000,Qwen/Qwen3-Reranker-4B,100,1000,0.03205128205128205,0.1282051282051282,0.6217948717948718,0.97,1.0,1.0,0.9759079757744469,0.156,1.0,0.2698961937716263,0.156
523,_ that are also _ but not _,156,1000,exact_constraint_verifier,100,1000,0.03205128205128205,0.1282051282051282,0.6410256410256411,1.0,1.0,1.0,1.0,0.156,1.0,0.2698961937716263,0.156
524,_ that are also _ but not _,152,1000,BM25,100,1000,0.0,0.019736842105263157,0.21052631578947367,0.32,0.0,0.11025877615572757,0.27832354265115994,0.152,1.0,0.2638888888888889,0.152
524,_ that are also _ but not _,152,1000,Qwen/Qwen3-Reranker-4B,100,1000,0.006578947368421052,0.09210526315789473,0.5197368421052632,0.79,0.16958010263680806,0.5542784068604787,0.7328720252731956,0.152,1.0,0.2638888888888889,0.152
524,_ that are also _ but not _,152,1000,exact_constraint_verifier,100,1000,0.03289473684210526,0.13157894736842105,0.6578947368421053,1.0,1.0,1.0,1.0,0.152,1.0,0.2638888888888889,0.152
525,_ that are also _ but not _,153,1000,BM25,100,1000,0.0,0.026143790849673203,0.0915032679738562,0.14,0.0,0.16631734332849413,0.13557545527220297,0.075,0.49019607843137253,0.1300954032957502,0.06957328385899815
525,_ that are also _ but not _,153,1000,Qwen/Qwen3-Reranker-4B,100,1000,0.026143790849673203,0.11764705882352941,0.48366013071895425,0.74,0.830419897363192,0.8926236921946324,0.7835650533489964,0.075,0.49019607843137253,0.1300954032957502,0.06957328385899815
525,_ that are also _ but not _,153,1000,exact_constraint_verifier,75,1000,0.032679738562091505,0.13071895424836602,0.49019607843137253,0.75,1.0,1.0,0.8154284008221273,0.075,0.49019607843137253,0.1300954032957502,0.06957328385899815
526,_ that are also _ but not _,98,1000,BM25,100,1000,0.0,0.061224489795918366,0.2857142857142857,0.2857142857142857,0.0,0.21433506018083395,0.2597969258520022,0.098,1.0,0.1785063752276867,0.098
526,_ that are also _ but not _,98,1000,Qwen/Qwen3-Reranker-4B,100,1000,0.04081632653061224,0.17346938775510204,0.9183673469387755,0.9183673469387755,0.8687949224876582,0.8571489785869523,0.9103473690752945,0.098,1.0,0.1785063752276867,0.098
526,_ that are also _ but not _,98,1000,exact_constraint_verifier,98,1000,0.05102040816326531,0.20408163265306123,1.0,1.0,1.0,1.0,1.0,0.098,1.0,0.1785063752276867,0.098
527,_ that are also _ but not _,151,1000,BM25,100,1000,0.0,0.0,0.0,0.0,0.0,0.0,0.0,0.14,0.9271523178807947,0.2432667245873154,0.13847675568743817
527,_ that are also _ but not _,151,1000,Qwen/Qwen3-Reranker-4B,100,1000,0.033112582781456956,0.10596026490066225,0.609271523178808,0.92,1.0,0.8498804461457887,0.9190870252417573,0.14,0.9271523178807947,0.2432667245873154,0.13847675568743817
527,_ that are also _ but not _,151,1000,exact_constraint_verifier,100,1000,0.033112582781456956,0.13245033112582782,0.6622516556291391,1.0,1.0,1.0,1.0,0.14,0.9271523178807947,0.2432667245873154,0.13847675568743817
528,_ that are also _ but not _,169,1000,BM25,100,1000,0.0,0.08284023668639054,0.5384615384615384,0.91,0.0,0.5306050669215358,0.8193071401355868,0.169,1.0,0.2891360136869119,0.169
528,_ that are also _ but not _,169,1000,Qwen/Qwen3-Reranker-4B,100,1000,0.023668639053254437,0.11242603550295859,0.5384615384615384,0.91,0.8687949224876582,0.9450514119280141,0.9164423357436704,0.169,1.0,0.2891360136869119,0.169
528,_ that are also _ but not _,169,1000,exact_constraint_verifier,100,1000,0.029585798816568046,0.11834319526627218,0.591715976331361,1.0,1.0,1.0,1.0,0.169,1.0,0.2891360136869119,0.169
529,_ that are also _ but not _,154,1000,BM25,100,1000,0.0,0.03896103896103896,0.35064935064935066,0.54,0.0,0.2079110547445451,0.4608680391214802,0.154,1.0,0.2668977469670711,0.154
529,_ that are also _ but not _,154,1000,Qwen/Qwen3-Reranker-4B,100,1000,0.006493506493506494,0.07142857142857142,0.525974025974026,0.81,0.16958010263680806,0.450887172983757,0.7345216895149883,0.154,1.0,0.2668977469670711,0.154
529,_ that are also _ but not _,154,1000,exact_constraint_verifier,100,1000,0.032467532467532464,0.12987012987012986,0.6493506493506493,1.0,1.0,1.0,1.0,0.154,1.0,0.2668977469670711,0.154
530,_ that are also _ but not _,160,1000,BM25,100,1000,0.0,0.0,0.0125,0.02,0.0,0.0,0.017578368423729805,0.16,1.0,0.2758620689655173,0.16
530,_ that are also _ but not _,160,1000,Qwen/Qwen3-Reranker-4B,100,1000,0.01875,0.075,0.44375,0.71,0.6164336326286644,0.6166748592245306,0.7056432353021406,0.16,1.0,0.2758620689655173,0.16
530,_ that are also _ but not _,160,1000,exact_constraint_verifier,100,1000,0.03125,0.125,0.625,1.0,1.0,1.0,1.0,0.16,1.0,0.2758620689655173,0.16
531,_ that are also _ but not _,152,1000,BM25,100,1000,0.0,0.019736842105263157,0.2894736842105263,0.44,0.0,0.09995343441476538,0.37449052204491745,0.152,1.0,0.2638888888888889,0.152
531,_ that are also _ but not _,152,1000,Qwen/Qwen3-Reranker-4B,100,1000,0.006578947368421052,0.08552631578947369,0.5921052631578947,0.9,0.14606834984270645,0.513772677078369,0.8091829501562324,0.152,1.0,0.2638888888888889,0.152
531,_ that are also _ but not _,152,1000,exact_constraint_verifier,100,1000,0.03289473684210526,0.13157894736842105,0.6578947368421053,1.0,1.0,1.0,1.0,0.152,1.0,0.2638888888888889,0.152
532,_ that are also _ but not _,159,1000,BM25,100,1000,0.0,0.0440251572327044,0.2830188679245283,0.45,0.0,0.28170893526804014,0.4080936256291308,0.159,1.0,0.274374460742019,0.159
532,_ that are also _ but not _,159,1000,Qwen/Qwen3-Reranker-4B,100,1000,0.012578616352201259,0.1069182389937107,0.5345911949685535,0.85,0.34519134224686937,0.7257666251714822,0.8099106419171062,0.159,1.0,0.274374460742019,0.159
532,_ that are also _ but not _,159,1000,exact_constraint_verifier,100,1000,0.031446540880503145,0.12578616352201258,0.6289308176100629,1.0,1.0,1.0,1.0,0.159,1.0,0.274374460742019,0.159
533,_ that are also _ but not _,162,1000,BM25,100,1000,0.0,0.0,0.0,0.0,0.0,0.0,0.0,0.162,1.0,0.278829604130809,0.162
533,_ that are also _ but not _,162,1000,Qwen/Qwen3-Reranker-4B,100,1000,0.030864197530864196,0.11728395061728394,0.5925925925925926,0.96,1.0,0.9665625086152865,0.9626801604340897,0.162,1.0,0.278829604130809,0.162
533,_ that are also _ but not _,162,1000,exact_constraint_verifier,100,1000,0.030864197530864196,0.12345679012345678,0.6172839506172839,1.0,1.0,1.0,1.0,0.162,1.0,0.278829604130809,0.162
534,_ that are also _ but not _,152,1000,BM25,100,1000,0.0,0.07236842105263158,0.5986842105263158,0.91,0.0,0.3956914309269467,0.7968116248965796,0.152,1.0,0.2638888888888889,0.152
534,_ that are also _ but not _,152,1000,Qwen/Qwen3-Reranker-4B,100,1000,0.019736842105263157,0.09868421052631579,0.5789473684210527,0.88,0.4468535299918563,0.6383035726361102,0.8219904582138846,0.152,1.0,0.2638888888888889,0.152
534,_ that are also _ but not _,152,1000,exact_constraint_verifier,100,1000,0.03289473684210526,0.13157894736842105,0.6578947368421053,1.0,1.0,1.0,1.0,0.152,1.0,0.2638888888888889,0.152
535,_ that are also _ but not _,156,1000,BM25,100,1000,0.0,0.07692307692307693,0.48717948717948717,0.76,0.0,0.4462871139015638,0.6847833537860227,0.156,1.0,0.2698961937716263,0.156
535,_ that are also _ but not _,156,1000,Qwen/Qwen3-Reranker-4B,100,1000,0.0,0.08333333333333333,0.5512820512820513,0.86,0.0,0.4942330029624515,0.7757401316102027,0.156,1.0,0.2698961937716263,0.156
535,_ that are also _ but not _,156,1000,exact_constraint_verifier,100,1000,0.03205128205128205,0.1282051282051282,0.6410256410256411,1.0,1.0,1.0,1.0,0.156,1.0,0.2698961937716263,0.156
536,_ that are also _ but not _,161,1000,BM25,100,1000,0.0,0.024844720496894408,0.32298136645962733,0.52,0.0,0.13672172219681183,0.4425575529687214,0.161,1.0,0.27734711455641686,0.161
536,_ that are also _ but not _,161,1000,Qwen/Qwen3-Reranker-4B,100,1000,0.012422360248447204,0.09316770186335403,0.4720496894409938,0.76,0.36005461457723403,0.6496119729066809,0.7158048298035448,0.161,1.0,0.27734711455641686,0.161
536,_ that are also _ but not _,161,1000,exact_constraint_verifier,100,1000,0.031055900621118012,0.12422360248447205,0.6211180124223602,1.0,1.0,1.0,1.0,0.161,1.0,0.27734711455641686,0.161
537,_ that are also _ but not _,156,1000,BM25,100,1000,0.00641025641025641,0.057692307692307696,0.3269230769230769,0.51,0.13120507751234178,0.34075876933583404,0.4622416979148654,0.156,1.0,0.2698961937716263,0.156
537,_ that are also _ but not _,156,1000,Qwen/Qwen3-Reranker-4B,100,1000,0.02564102564102564,0.12179487179487179,0.6346153846153846,0.99,0.8687949224876582,0.9450514119280141,0.9815244812071757,0.156,1.0,0.2698961937716263,0.156
537,_ that are also _ but not _,156,1000,exact_constraint_verifier,100,1000,0.03205128205128205,0.1282051282051282,0.6410256410256411,1.0,1.0,1.0,1.0,0.156,1.0,0.2698961937716263,0.156
538,_ that are also _ but not _,158,1000,BM25,100,1000,0.0,0.056962025316455694,0.34177215189873417,0.54,0.0,0.32056967928407515,0.47149674088991933,0.158,1.0,0.27288428324697755,0.158
538,_ that are also _ but not _,158,1000,Qwen/Qwen3-Reranker-4B,100,1000,0.0,0.06962025316455696,0.3987341772151899,0.63,0.0,0.4184240508766938,0.5763082189314166,0.158,1.0,0.27288428324697755,0.158
538,_ that are also _ but not _,158,1000,exact_constraint_verifier,100,1000,0.03164556962025317,0.12658227848101267,0.6329113924050633,1.0,1.0,1.0,1.0,0.158,1.0,0.27288428324697755,0.158
539,_ that are also _ but not _,151,1000,BM25,100,1000,0.0,0.046357615894039736,0.3509933774834437,0.53,0.0,0.2667666716658054,0.4627610884514467,0.151,1.0,0.262380538662033,0.151
539,_ that are also _ but not _,151,1000,Qwen/Qwen3-Reranker-4B,100,1000,0.006622516556291391,0.07947019867549669,0.46357615894039733,0.7,0.16958010263680806,0.4985425538388865,0.6541460257866922,0.151,1.0,0.262380538662033,0.151
539,_ that are also _ but not _,151,1000,exact_constraint_verifier,100,1000,0.033112582781456956,0.13245033112582782,0.6622516556291391,1.0,1.0,1.0,1.0,0.151,1.0,0.262380538662033,0.151
540,_ that are also _ but not _,155,1000,BM25,100,1000,0.0,0.03225806451612903,0.33548387096774196,0.52,0.0,0.17318219448313193,0.44299522978647526,0.155,1.0,0.2683982683982684,0.155
540,_ that are also _ but not _,155,1000,Qwen/Qwen3-Reranker-4B,100,1000,0.03225806451612903,0.12258064516129032,0.5741935483870968,0.89,1.0,0.9676617088516801,0.9075202250729613,0.155,1.0,0.2683982683982684,0.155
540,_ that are also _ but not _,155,1000,exact_constraint_verifier,100,1000,0.03225806451612903,0.12903225806451613,0.6451612903225806,1.0,1.0,1.0,1.0,0.155,1.0,0.2683982683982684,0.155
541,_ that are also _ but not _,100,1000,BM25,100,1000,0.0,0.0,0.05,0.05,0.0,0.0,0.040692092481251475,0.1,1.0,0.18181818181818182,0.1
541,_ that are also _ but not _,100,1000,Qwen/Qwen3-Reranker-4B,100,1000,0.05,0.2,0.95,0.95,1.0,1.0,0.9612954739109701,0.1,1.0,0.18181818181818182,0.1
541,_ that are also _ but not _,100,1000,exact_constraint_verifier,100,1000,0.05,0.2,1.0,1.0,1.0,1.0,1.0,0.1,1.0,0.18181818181818182,0.1
542,_ that are also _ but not _,97,1000,BM25,100,1000,0.0,0.020618556701030927,0.23711340206185566,0.23711340206185566,0.0,0.07248603762339259,0.19887676453311479,0.092,0.9484536082474226,0.16773017319963535,0.09154228855721393
542,_ that are also _ but not _,97,1000,Qwen/Qwen3-Reranker-4B,100,1000,0.041237113402061855,0.13402061855670103,0.5051546391752577,0.5051546391752577,0.830419897363192,0.69691918788983,0.5495798923799069,0.092,0.9484536082474226,0.16773017319963535,0.09154228855721393
542,_ that are also _ but not _,97,1000,exact_constraint_verifier,92,1000,0.05154639175257732,0.20618556701030927,0.9484536082474226,0.9484536082474226,1.0,1.0,0.9629361428168411,0.092,0.9484536082474226,0.16773017319963535,0.09154228855721393
543,_ that are also _ but not _,99,1000,BM25,100,1000,0.0,0.0707070707070707,0.4444444444444444,0.4444444444444444,0.0,0.25809915509378695,0.39993858879290556,0.099,1.0,0.18016378525932666,0.099
543,_ that are also _ but not _,99,1000,Qwen/Qwen3-Reranker-4B,100,1000,0.04040404040404041,0.15151515151515152,0.8787878787878788,0.8787878787878788,0.7860137352654724,0.7421359102372485,0.8527872887137442,0.099,1.0,0.18016378525932666,0.099
543,_ that are also _ but not _,99,1000,exact_constraint_verifier,99,1000,0.050505050505050504,0.20202020202020202,1.0,1.0,1.0,1.0,1.0,0.099,1.0,0.18016378525932666,0.099
544,_ that are also _ but not _,96,1000,BM25,100,1000,0.0,0.0,0.052083333333333336,0.052083333333333336,0.0,0.0,0.04405212747085653,0.096,1.0,0.1751824817518248,0.096
544,_ that are also _ but not _,96,1000,Qwen/Qwen3-Reranker-4B,100,1000,0.052083333333333336,0.19791666666666666,0.9166666666666666,0.9166666666666666,1.0,0.9603789329441843,0.9292663600891212,0.096,1.0,0.1751824817518248,0.096
544,_ that are also _ but not _,96,1000,exact_constraint_verifier,96,1000,0.052083333333333336,0.20833333333333334,1.0,1.0,1.0,1.0,1.0,0.096,1.0,0.1751824817518248,0.096
545,_ that are also _ but not _,97,1000,BM25,100,1000,0.0,0.041237113402061855,0.23711340206185566,0.23711340206185566,0.0,0.14089465024772435,0.20563581734025663,0.097,1.0,0.17684594348222427,0.097
545,_ that are also _ but not _,97,1000,Qwen/Qwen3-Reranker-4B,100,1000,0.030927835051546393,0.16494845360824742,0.8865979381443299,0.8865979381443299,0.5296347172140421,0.7185816616368694,0.8407608940649628,0.097,1.0,0.17684594348222427,0.097
545,_ that are also _ but not _,97,1000,exact_constraint_verifier,97,1000,0.05154639175257732,0.20618556701030927,1.0,1.0,1.0,1.0,1.0,0.097,1.0,0.17684594348222427,0.097
546,_ that are also _ but not _,99,1000,BM25,100,1000,0.0,0.050505050505050504,0.36363636363636365,0.36363636363636365,0.0,0.18245784500253093,0.312425834563227,0.099,1.0,0.18016378525932666,0.099
546,_ that are also _ but not _,99,1000,Qwen/Qwen3-Reranker-4B,100,1000,0.050505050505050504,0.1919191919191919,0.8787878787878788,0.8787878787878788,1.0,0.961615361834617,0.8977223713488663,0.099,1.0,0.18016378525932666,0.099
546,_ that are also _ but not _,99,1000,exact_constraint_verifier,99,1000,0.050505050505050504,0.20202020202020202,1.0,1.0,1.0,1.0,1.0,0.099,1.0,0.18016378525932666,0.099
547,_ that are also _ but not _,100,1000,BM25,100,1000,0.0,0.06,0.32,0.32,0.0,0.22508717259949548,0.2941188547772103,0.1,1.0,0.18181818181818182,0.1
547,_ that are also _ but not _,100,1000,Qwen/Qwen3-Reranker-4B,100,1000,0.03,0.17,0.89,0.89,0.4468535299918563,0.7319863851744604,0.8474037438796901,0.1,1.0,0.18181818181818182,0.1
547,_ that are also _ but not _,100,1000,exact_constraint_verifier,100,1000,0.05,0.2,1.0,1.0,1.0,1.0,1.0,0.1,1.0,0.18181818181818182,0.1
548,_ that are also _ but not _,99,1000,BM25,100,1000,0.020202020202020204,0.06060606060606061,0.41414141414141414,0.41414141414141414,0.27727342735504823,0.26686693817549784,0.3883479820242871,0.099,1.0,0.18016378525932666,0.099
548,_ that are also _ but not _,99,1000,Qwen/Qwen3-Reranker-4B,100,1000,0.030303030303030304,0.16161616161616163,0.7676767676767676,0.7676767676767676,0.4912596920895758,0.6935859450598654,0.7485039548666108,0.099,1.0,0.18016378525932666,0.099
548,_ that are also _ but not _,99,1000,exact_constraint_verifier,99,1000,0.050505050505050504,0.20202020202020202,1.0,1.0,1.0,1.0,1.0,0.099,1.0,0.18016378525932666,0.099
549,_ that are also _ but not _,100,1000,BM25,100,1000,0.0,0.11,0.77,0.77,0.0,0.4290599668359704,0.6895868533540302,0.1,1.0,0.18181818181818182,0.1
549,_ that are also _ but not _,100,1000,Qwen/Qwen3-Reranker-4B,100,1000,0.02,0.15,0.63,0.63,0.30078518014914984,0.6214380397416986,0.6203282772830285,0.1,1.0,0.18181818181818182,0.1
549,_ that are also _ but not _,100,1000,exact_constraint_verifier,100,1000,0.05,0.2,1.0,1.0,1.0,1.0,1.0,0.1,1.0,0.18181818181818182,0.1
550,_ that are also _ but not _,81,1000,BM25,100,1000,0.0,0.04938271604938271,0.4074074074074074,0.4074074074074074,0.0,0.15082246549605746,0.3401300984043085,0.081,1.0,0.1498612395929695,0.081
550,_ that are also _ but not _,81,1000,Qwen/Qwen3-Reranker-4B,100,1000,0.06172839506172839,0.2345679012345679,0.7654320987654321,0.7654320987654321,1.0,0.9626932496335553,0.8096800370826008,0.081,1.0,0.1498612395929695,0.081
550,_ that are also _ but not _,81,1000,exact_constraint_verifier,81,1000,0.06172839506172839,0.24691358024691357,1.0,1.0,1.0,1.0,1.0,0.081,1.0,0.1498612395929695,0.081
551,_ that are also _ but not _,99,1000,BM25,100,1000,0.0,0.0,0.0,0.0,0.0,0.0,0.0,0.049,0.494949494949495,0.089171974522293,0.04666666666666667
551,_ that are also _ but not _,99,1000,Qwen/Qwen3-Reranker-4B,100,1000,0.020202020202020204,0.1414141414141414,0.4444444444444444,0.4444444444444444,0.4703652827859579,0.6574219736931574,0.48940940231453794,0.049,0.494949494949495,0.089171974522293,0.04666666666666667
551,_ that are also _ but not _,99,1000,exact_constraint_verifier,49,1000,0.050505050505050504,0.20202020202020202,0.494949494949495,0.494949494949495,1.0,1.0,0.6119466660464061,0.049,0.494949494949495,0.089171974522293,0.04666666666666667
552,_ that are also _ but not _,100,1000,BM25,100,1000,0.0,0.13,0.87,0.87,0.0,0.48325838704365004,0.7750998148036585,0.1,1.0,0.18181818181818182,0.1
552,_ that are also _ but not _,100,1000,Qwen/Qwen3-Reranker-4B,100,1000,0.01,0.12,0.66,0.66,0.14606834984270645,0.504205305424941,0.6262123115967163,0.1,1.0,0.18181818181818182,0.1
552,_ that are also _ but not _,100,1000,exact_constraint_verifier,100,1000,0.05,0.2,1.0,1.0,1.0,1.0,1.0,0.1,1.0,0.18181818181818182,0.1
553,_ that are also _ but not _,100,1000,BM25,100,1000,0.0,0.05,0.44,0.44,0.0,0.17471567300614252,0.38490707640270033,0.1,1.0,0.18181818181818182,0.1
553,_ that are also _ but not _,100,1000,Qwen/Qwen3-Reranker-4B,100,1000,0.03,0.15,0.68,0.68,0.4912596920895758,0.6607209744922884,0.6739646812583927,0.1,1.0,0.18181818181818182,0.1
553,_ that are also _ but not _,100,1000,exact_constraint_verifier,100,1000,0.05,0.2,1.0,1.0,1.0,1.0,1.0,0.1,1.0,0.18181818181818182,0.1
554,_ that are also _ but not _,97,1000,BM25,100,1000,0.0,0.0,0.0,0.0,0.0,0.0,0.0,0.0,0.0,0.0,0.0
554,_ that are also _ but not _,97,1000,Qwen/Qwen3-Reranker-4B,100,1000,0.0,0.0,0.0,0.0,0.0,0.0,0.0,0.0,0.0,0.0,0.0
554,_ that are also _ but not _,97,1000,exact_constraint_verifier,0,1000,0.0,0.0,0.0,0.0,0.0,0.0,0.0,0.0,0.0,0.0,0.0
555,_ that are also _ but not _,100,1000,BM25,100,1000,0.0,0.03,0.35,0.35,0.0,0.0986407531006103,0.29021324529719517,0.1,1.0,0.18181818181818182,0.1
555,_ that are also _ but not _,100,1000,Qwen/Qwen3-Reranker-4B,100,1000,0.0,0.1,0.81,0.81,0.0,0.38266655500380525,0.7192128332501838,0.1,1.0,0.18181818181818182,0.1
555,_ that are also _ but not _,100,1000,exact_constraint_verifier,100,1000,0.05,0.2,1.0,1.0,1.0,1.0,1.0,0.1,1.0,0.18181818181818182,0.1
556,_ that are also _ but not _,98,1000,BM25,100,1000,0.0,0.05102040816326531,0.42857142857142855,0.42857142857142855,0.0,0.2101419202887068,0.3815076770148879,0.098,1.0,0.1785063752276867,0.098
556,_ that are also _ but not _,98,1000,Qwen/Qwen3-Reranker-4B,100,1000,0.05102040816326531,0.19387755102040816,0.9489795918367347,0.9489795918367347,1.0,0.9494043170253829,0.9466131059534061,0.098,1.0,0.1785063752276867,0.098
556,_ that are also _ but not _,98,1000,exact_constraint_verifier,98,1000,0.05102040816326531,0.20408163265306123,1.0,1.0,1.0,1.0,1.0,0.098,1.0,0.1785063752276867,0.098
557,_ that are also _ but not _,96,1000,BM25,100,1000,0.0,0.0625,0.40625,0.40625,0.0,0.2102466838713715,0.3495747785218349,0.096,1.0,0.1751824817518248,0.096
557,_ that are also _ but not _,96,1000,Qwen/Qwen3-Reranker-4B,100,1000,0.010416666666666666,0.125,0.8229166666666666,0.8229166666666666,0.14606834984270645,0.4653171019181115,0.7456914245129378,0.096,1.0,0.1751824817518248,0.096
557,_ that are also _ but not _,96,1000,exact_constraint_verifier,96,1000,0.052083333333333336,0.20833333333333334,1.0,1.0,1.0,1.0,1.0,0.096,1.0,0.1751824817518248,0.096
558,_ that are also _ but not _,97,1000,BM25,100,1000,0.0,0.020618556701030927,0.25773195876288657,0.25773195876288657,0.0,0.07824613498638522,0.21872774037822018,0.097,1.0,0.17684594348222427,0.097
558,_ that are also _ but not _,97,1000,Qwen/Qwen3-Reranker-4B,100,1000,0.05154639175257732,0.18556701030927836,0.8865979381443299,0.8865979381443299,1.0,0.9020576371474971,0.8961856847361445,0.097,1.0,0.17684594348222427,0.097
558,_ that are also _ but not _,97,1000,exact_constraint_verifier,97,1000,0.05154639175257732,0.20618556701030927,1.0,1.0,1.0,1.0,1.0,0.097,1.0,0.17684594348222427,0.097
559,_ that are also _ but not _,99,1000,BM25,100,1000,0.0,0.050505050505050504,0.3838383838383838,0.3838383838383838,0.0,0.18428905876143978,0.348294182887677,0.099,1.0,0.18016378525932666,0.099
559,_ that are also _ but not _,99,1000,Qwen/Qwen3-Reranker-4B,100,1000,0.030303030303030304,0.1414141414141414,0.797979797979798,0.797979797979798,0.4468535299918563,0.594422955266142,0.7455350539168571,0.099,1.0,0.18016378525932666,0.099
559,_ that are also _ but not _,99,1000,exact_constraint_verifier,99,1000,0.050505050505050504,0.20202020202020202,1.0,1.0,1.0,1.0,1.0,0.099,1.0,0.18016378525932666,0.099
560,_ that are also _ but not _,142,1000,BM25,100,1000,0.028169014084507043,0.13380281690140844,0.6971830985915493,0.99,0.6608397947263839,0.8579599603663427,0.95224147673918,0.142,1.0,0.2486865148861646,0.142
560,_ that are also _ but not _,142,1000,Qwen/Qwen3-Reranker-4B,100,1000,0.035211267605633804,0.14084507042253522,0.6971830985915493,0.99,1.0,1.0,0.9919790143335538,0.142,1.0,0.2486865148861646,0.142
560,_ that are also _ but not _,142,1000,exact_constraint_verifier,100,1000,0.035211267605633804,0.14084507042253522,0.704225352112676,1.0,1.0,1.0,1.0,0.142,1.0,0.2486865148861646,0.142
561,_ that are also _ but not _,140,1000,BM25,100,1000,0.0,0.0,0.0,0.0,0.0,0.0,0.0,0.079,0.5642857142857143,0.1385964912280702,0.07445805843543826
561,_ that are also _ but not _,140,1000,Qwen/Qwen3-Reranker-4B,100,1000,0.0,0.02857142857142857,0.18571428571428572,0.26,0.0,0.14104338810621223,0.2385635080885379,0.079,0.5642857142857143,0.1385964912280702,0.07445805843543826
561,_ that are also _ but not _,140,1000,exact_constraint_verifier,79,1000,0.03571428571428571,0.14285714285714285,0.5642857142857143,0.79,1.0,1.0,0.8457782151541908,0.079,0.5642857142857143,0.1385964912280702,0.07445805843543826
562,_ that are also _ but not _,137,1000,BM25,100,1000,0.0,0.014598540145985401,0.051094890510948905,0.07,0.0,0.09540432657628878,0.07356319124559947,0.137,1.0,0.24098504837291118,0.137
562,_ that are also _ but not _,137,1000,Qwen/Qwen3-Reranker-4B,100,1000,0.0364963503649635,0.145985401459854,0.7226277372262774,0.99,1.0,1.0,0.9923791048329653,0.137,1.0,0.24098504837291118,0.137
562,_ that are also _ but not _,137,1000,exact_constraint_verifier,100,1000,0.0364963503649635,0.145985401459854,0.7299270072992701,1.0,1.0,1.0,1.0,0.137,1.0,0.24098504837291118,0.137
563,_ that are also _ but not _,128,1000,BM25,100,1000,0.0078125,0.0625,0.25,0.32,0.3391602052736161,0.4214882406333071,0.3452928320960401,0.128,1.0,0.22695035460992907,0.128
563,_ that are also _ but not _,128,1000,Qwen/Qwen3-Reranker-4B,100,1000,0.0390625,0.15625,0.734375,0.94,1.0,1.0,0.9518380474896352,0.128,1.0,0.22695035460992907,0.128
563,_ that are also _ but not _,128,1000,exact_constraint_verifier,100,1000,0.0390625,0.15625,0.78125,1.0,1.0,1.0,1.0,0.128,1.0,0.22695035460992907,0.128
564,_ that are also _ but not _,132,1000,BM25,100,1000,0.0,0.0,0.0,0.0,0.0,0.0,0.0,0.05,0.3787878787878788,0.08833922261484099,0.04621072088724584
564,_ that are also _ but not _,132,1000,Qwen/Qwen3-Reranker-4B,100,1000,0.0,0.030303030303030304,0.2196969696969697,0.29,0.0,0.1511715235688836,0.2653616981165725,0.05,0.3787878787878788,0.08833922261484099,0.04621072088724584
564,_ that are also _ but not _,132,1000,exact_constraint_verifier,50,1000,0.03787878787878788,0.15151515151515152,0.3787878787878788,0.5,1.0,1.0,0.6159766672539755,0.05,0.3787878787878788,0.08833922261484099,0.04621072088724584
565,_ that are also _ but not _,133,1000,BM25,100,1000,0.0,0.015037593984962405,0.20300751879699247,0.27,0.0,0.06708846384718838,0.22262978220120896,0.133,1.0,0.23477493380406003,0.133
565,_ that are also _ but not _,133,1000,Qwen/Qwen3-Reranker-4B,100,1000,0.007518796992481203,0.05263157894736842,0.39097744360902253,0.52,0.14606834984270645,0.2969127414847443,0.47630646006743355,0.133,1.0,0.23477493380406003,0.133
565,_ that are also _ but not _,133,1000,exact_constraint_verifier,100,1000,0.03759398496240601,0.15037593984962405,0.7518796992481203,1.0,1.0,1.0,1.0,0.133,1.0,0.23477493380406003,0.133
566,_ that are also _ but not _,141,1000,BM25,100,1000,0.0,0.0070921985815602835,0.0851063829787234,0.12,0.0,0.03475017269886857,0.10307886817355517,0.141,1.0,0.2471516213847502,0.141
566,_ that are also _ but not _,141,1000,Qwen/Qwen3-Reranker-4B,100,1000,0.03546099290780142,0.1347517730496454,0.6666666666666666,0.94,1.0,0.9603789329441843,0.9492995110852164,0.141,1.0,0.2471516213847502,0.141
566,_ that are also _ but not _,141,1000,exact_constraint_verifier,100,1000,0.03546099290780142,0.14184397163120568,0.7092198581560284,1.0,1.0,1.0,1.0,0.141,1.0,0.2471516213847502,0.141
567,_ that are also _ but not _,136,1000,BM25,100,1000,0.0,0.0661764705882353,0.25735294117647056,0.35,0.0,0.3742188450920581,0.33733083397214136,0.136,1.0,0.23943661971830985,0.136
567,_ that are also _ but not _,136,1000,Qwen/Qwen3-Reranker-4B,100,1000,0.03676470588235294,0.14705882352941177,0.7058823529411765,0.96,1.0,1.0,0.9705612797755822,0.136,1.0,0.23943661971830985,0.136
567,_ that are also _ but not _,136,1000,exact_constraint_verifier,100,1000,0.03676470588235294,0.14705882352941177,0.7352941176470589,1.0,1.0,1.0,1.0,0.136,1.0,0.23943661971830985,0.136
568,_ that are also _ but not _,108,1000,BM25,100,1000,0.0,0.046296296296296294,0.2037037037037037,0.22,0.0,0.2031231299839418,0.20480904719993281,0.108,1.0,0.19494584837545126,0.108
568,_ that are also _ but not _,108,1000,Qwen/Qwen3-Reranker-4B,100,1000,0.037037037037037035,0.1574074074074074,0.7314814814814815,0.79,0.8687949224876582,0.8603927566974144,0.8067926825080759,0.108,1.0,0.19494584837545126,0.108
568,_ that are also _ but not _,108,1000,exact_constraint_verifier,100,1000,0.046296296296296294,0.18518518518518517,0.9259259259259259,1.0,1.0,1.0,1.0,0.108,1.0,0.19494584837545126,0.108
569,_ that are also _ but not _,141,1000,BM25,100,1000,0.0,0.05673758865248227,0.24822695035460993,0.35,0.0,0.3057238306483248,0.3272563306166311,0.141,1.0,0.2471516213847502,0.141
569,_ that are also _ but not _,141,1000,Qwen/Qwen3-Reranker-4B,100,1000,0.028368794326241134,0.10638297872340426,0.48226950354609927,0.68,0.830419897363192,0.7576202794723241,0.6994487856468685,0.141,1.0,0.2471516213847502,0.141
569,_ that are also _ but not _,141,1000,exact_constraint_verifier,100,1000,0.03546099290780142,0.14184397163120568,0.7092198581560284,1.0,1.0,1.0,1.0,0.141,1.0,0.2471516213847502,0.141
570,_ that are also _ but not _,115,1000,BM25,100,1000,0.0,0.0,0.0,0.0,0.0,0.0,0.0,0.115,1.0,0.2062780269058296,0.115
570,_ that are also _ but not _,115,1000,Qwen/Qwen3-Reranker-4B,100,1000,0.034782608695652174,0.14782608695652175,0.8,0.92,0.830419897363192,0.8558451693189197,0.9117693067886599,0.115,1.0,0.2062780269058296,0.115
570,_ that are also _ but not _,115,1000,exact_constraint_verifier,100,1000,0.043478260869565216,0.17391304347826086,0.8695652173913043,1.0,1.0,1.0,1.0,0.115,1.0,0.2062780269058296,0.115
571,_ that are also _ but not _,121,1000,BM25,100,1000,0.0,0.008264462809917356,0.09090909090909091,0.11,0.0,0.03343749138471349,0.09279379368059897,0.055,0.45454545454545453,0.09812667261373773,0.051594746716697934
571,_ that are also _ but not _,121,1000,Qwen/Qwen3-Reranker-4B,100,1000,0.03305785123966942,0.12396694214876033,0.4380165289256198,0.53,0.8539316501572937,0.7802349541155441,0.6033413915343819,0.055,0.45454545454545453,0.09812667261373773,0.051594746716697934
571,_ that are also _ but not _,121,1000,exact_constraint_verifier,55,1000,0.04132231404958678,0.1652892561983471,0.45454545454545453,0.55,1.0,1.0,0.6574759088227389,0.055,0.45454545454545453,0.09812667261373773,0.051594746716697934
572,_ that are also _ but not _,132,1000,BM25,100,1000,0.0,0.03787878787878788,0.2878787878787879,0.38,0.0,0.18701035052599946,0.33109574751274196,0.132,1.0,0.2332155477031802,0.132
572,_ that are also _ but not _,132,1000,Qwen/Qwen3-Reranker-4B,100,1000,0.0,0.007575757575757576,0.21212121212121213,0.28,0.0,0.03475017269886857,0.22588956427426118,0.132,1.0,0.2332155477031802,0.132
572,_ that are also _ but not _,132,1000,exact_constraint_verifier,100,1000,0.03787878787878788,0.15151515151515152,0.7575757575757576,1.0,1.0,1.0,1.0,0.132,1.0,0.2332155477031802,0.132
573,_ that are also _ but not _,156,1000,BM25,100,1000,0.0,0.07051282051282051,0.5064102564102564,0.79,0.0,0.3956914309269467,0.6959967254992779,0.156,1.0,0.2698961937716263,0.156
573,_ that are also _ but not _,156,1000,Qwen/Qwen3-Reranker-4B,100,1000,0.0,0.05128205128205128,0.42948717948717946,0.67,0.0,0.313515283095752,0.5884271690317009,0.156,1.0,0.2698961937716263,0.156
573,_ that are also _ but not _,156,1000,exact_constraint_verifier,100,1000,0.03205128205128205,0.1282051282051282,0.6410256410256411,1.0,1.0,1.0,1.0,0.156,1.0,0.2698961937716263,0.156
574,_ that are also _ but not _,126,1000,BM25,100,1000,0.0,0.023809523809523808,0.21428571428571427,0.27,0.0,0.0986407531006103,0.23456274161285184,0.126,1.0,0.2238010657193606,0.126
574,_ that are also _ but not _,126,1000,Qwen/Qwen3-Reranker-4B,100,1000,0.023809523809523808,0.1349206349206349,0.7301587301587301,0.92,0.6548086577531307,0.8106254811229989,0.8919804344764447,0.126,1.0,0.2238010657193606,0.126
574,_ that are also _ but not _,126,1000,exact_constraint_verifier,100,1000,0.03968253968253968,0.15873015873015872,0.7936507936507936,1.0,1.0,1.0,1.0,0.126,1.0,0.2238010657193606,0.126
575,_ that are also _ but not _,130,1000,BM25,100,1000,0.0,0.0,0.06923076923076923,0.09,0.0,0.0,0.07628156400847043,0.071,0.5461538461538461,0.12566371681415928,0.06704438149197356
575,_ that are also _ but not _,130,1000,Qwen/Qwen3-Reranker-4B,100,1000,0.038461538461538464,0.13846153846153847,0.5,0.65,1.0,0.9228530652500083,0.7172277524368792,0.071,0.5461538461538461,0.12566371681415928,0.06704438149197356
575,_ that are also _ but not _,130,1000,exact_constraint_verifier,71,1000,0.038461538461538464,0.15384615384615385,0.5461538461538461,0.71,1.0,1.0,0.7847102429337808,0.071,0.5461538461538461,0.12566371681415928,0.06704438149197356
576,_ that are also _ but not _,115,1000,BM25,100,1000,0.0,0.017391304347826087,0.22608695652173913,0.26,0.0,0.06837498047599132,0.21397853324101798,0.115,1.0,0.2062780269058296,0.115
576,_ that are also _ but not _,115,1000,Qwen/Qwen3-Reranker-4B,100,1000,0.043478260869565216,0.17391304347826086,0.8347826086956521,0.96,1.0,1.0,0.9707965619785336,0.115,1.0,0.2062780269058296,0.115
576,_ that are also _ but not _,115,1000,exact_constraint_verifier,100,1000,0.043478260869565216,0.17391304347826086,0.8695652173913043,1.0,1.0,1.0,1.0,0.115,1.0,0.2062780269058296,0.115
577,_ that are also _ but not _,133,1000,BM25,100,1000,0.0,0.0,0.05263157894736842,0.07,0.0,0.0,0.057565234336119396,0.058,0.43609022556390975,0.10238305383936452,0.053953488372093024
577,_ that are also _ but not _,133,1000,Qwen/Qwen3-Reranker-4B,100,1000,0.03007518796992481,0.12781954887218044,0.43609022556390975,0.58,0.8539316501572937,0.8504212253571933,0.6498271015860507,0.058,0.43609022556390975,0.10238305383936452,0.053953488372093024
577,_ that are also _ but not _,133,1000,exact_constraint_verifier,58,1000,0.03759398496240601,0.15037593984962405,0.43609022556390975,0.58,1.0,1.0,0.6819349826388144,0.058,0.43609022556390975,0.10238305383936452,0.053953488372093024
578,_ that are also _ but not _,136,1000,BM25,100,1000,0.0,0.0,0.007352941176470588,0.01,0.0,0.0,0.007901292059672813,0.135,0.9926470588235294,0.2376760563380282,0.13486513486513488
578,_ that are also _ but not _,136,1000,Qwen/Qwen3-Reranker-4B,100,1000,0.014705882352941176,0.0661764705882353,0.33088235294117646,0.45,0.30078518014914984,0.38867885551237374,0.4423536279768758,0.135,0.9926470588235294,0.2376760563380282,0.13486513486513488
578,_ that are also _ but not _,136,1000,exact_constraint_verifier,100,1000,0.03676470588235294,0.14705882352941177,0.7352941176470589,1.0,1.0,1.0,1.0,0.135,0.9926470588235294,0.2376760563380282,0.13486513486513488
579,_ that are also _ but not _,127,1000,BM25,100,1000,0.0,0.05511811023622047,0.3700787401574803,0.47,0.0,0.2646872386984964,0.42078634660830244,0.127,1.0,0.225377107364685,0.127
579,_ that are also _ but not _,127,1000,Qwen/Qwen3-Reranker-4B,100,1000,0.023622047244094488,0.12598425196850394,0.7086614173228346,0.9,0.6548086577531307,0.7670286654598958,0.8736315904861904,0.127,1.0,0.225377107364685,0.127
579,_ that are also _ but not _,127,1000,exact_constraint_verifier,100,1000,0.03937007874015748,0.15748031496062992,0.7874015748031497,1.0,1.0,1.0,1.0,0.127,1.0,0.225377107364685,0.127
580,_ that are also _ but not _,129,1000,BM25,100,1000,0.0,0.0,0.0,0.0,0.0,0.0,0.0,0.129,1.0,0.22852081488042517,0.129
580,_ that are also _ but not _,129,1000,Qwen/Qwen3-Reranker-4B,100,1000,0.031007751937984496,0.11627906976744186,0.7209302325581395,0.93,0.830419897363192,0.769977746330359,0.9042282101920811,0.129,1.0,0.22852081488042517,0.129
580,_ that are also _ but not _,129,1000,exact_constraint_verifier,100,1000,0.03875968992248062,0.15503875968992248,0.7751937984496124,1.0,1.0,1.0,1.0,0.129,1.0,0.22852081488042517,0.129
581,_ that are also _ but not _,139,1000,BM25,100,1000,0.0,0.04316546762589928,0.2589928057553957,0.36,0.0,0.20296390796387567,0.30967966570249067,0.139,1.0,0.2440737489025461,0.139
581,_ that are also _ but not _,139,1000,Qwen/Qwen3-Reranker-4B,100,1000,0.03597122302158273,0.14388489208633093,0.6690647482014388,0.93,1.0,1.0,0.9467243432336994,0.139,1.0,0.2440737489025461,0.139
581,_ that are also _ but not _,139,1000,exact_constraint_verifier,100,1000,0.03597122302158273,0.14388489208633093,0.7194244604316546,1.0,1.0,1.0,1.0,0.139,1.0,0.2440737489025461,0.139
582,_ that are also _ but not _,126,1000,BM25,100,1000,0.0,0.05555555555555555,0.30952380952380953,0.39,0.0,0.27267104078309745,0.35581437078294076,0.126,1.0,0.2238010657193606,0.126
582,_ that are also _ but not _,126,1000,Qwen/Qwen3-Reranker-4B,100,1000,0.031746031746031744,0.11904761904761904,0.6349206349206349,0.8,0.8539316501572937,0.7877050464154491,0.803966640955323,0.126,1.0,0.2238010657193606,0.126
582,_ that are also _ but not _,126,1000,exact_constraint_verifier,100,1000,0.03968253968253968,0.15873015873015872,0.7936507936507936,1.0,1.0,1.0,1.0,0.126,1.0,0.2238010657193606,0.126
583,_ that are also _ but not _,129,1000,BM25,100,1000,0.0,0.07751937984496124,0.4496124031007752,0.58,0.0,0.37408533878025224,0.5321066718745698,0.129,1.0,0.22852081488042517,0.129
583,_ that are also _ but not _,129,1000,Qwen/Qwen3-Reranker-4B,100,1000,0.031007751937984496,0.13178294573643412,0.7054263565891473,0.91,0.8687949224876582,0.8661797960703599,0.9072946488531536,0.129,1.0,0.22852081488042517,0.129
583,_ that are also _ but not _,129,1000,exact_constraint_verifier,100,1000,0.03875968992248062,0.15503875968992248,0.7751937984496124,1.0,1.0,1.0,1.0,0.129,1.0,0.22852081488042517,0.129
584,_ that are also _ but not _,113,1000,BM25,100,1000,0.0,0.07964601769911504,0.6902654867256637,0.78,0.0,0.32229436039173787,0.6756056276735044,0.113,1.0,0.20305480682839175,0.113
584,_ that are also _ but not _,113,1000,Qwen/Qwen3-Reranker-4B,100,1000,0.04424778761061947,0.17699115044247787,0.8141592920353983,0.92,1.0,1.0,0.9387384962415909,0.113,1.0,0.20305480682839175,0.113
584,_ that are also _ but not _,113,1000,exact_constraint_verifier,100,1000,0.04424778761061947,0.17699115044247787,0.8849557522123894,1.0,1.0,1.0,1.0,0.113,1.0,0.20305480682839175,0.113
585,_ that are also _ but not _,135,1000,BM25,100,1000,0.0,0.0,0.0,0.0,0.0,0.0,0.0,0.135,1.0,0.2378854625550661,0.135
585,_ that are also _ but not _,135,1000,Qwen/Qwen3-Reranker-4B,100,1000,0.037037037037037035,0.14814814814814814,0.6962962962962963,0.94,1.0,1.0,0.9518137434137067,0.135,1.0,0.2378854625550661,0.135
585,_ that are also _ but not _,135,1000,exact_constraint_verifier,100,1000,0.037037037037037035,0.14814814814814814,0.7407407407407407,1.0,1.0,1.0,1.0,0.135,1.0,0.2378854625550661,0.135
586,_ that are also _ but not _,126,1000,BM25,100,1000,0.0,0.0,0.023809523809523808,0.03,0.0,0.0,0.02545304364860039,0.126,1.0,0.2238010657193606,0.126
586,_ that are also _ but not _,126,1000,Qwen/Qwen3-Reranker-4B,100,1000,0.03968253968253968,0.15873015873015872,0.7222222222222222,0.91,1.0,1.0,0.9297247492289709,0.126,1.0,0.2238010657193606,0.126
586,_ that are also _ but not _,126,1000,exact_constraint_verifier,100,1000,0.03968253968253968,0.15873015873015872,0.7936507936507936,1.0,1.0,1.0,1.0,0.126,1.0,0.2238010657193606,0.126
587,_ that are also _ but not _,124,1000,BM25,100,1000,0.0,0.04032258064516129,0.27419354838709675,0.34,0.0,0.17667351190409378,0.293617518945209,0.124,1.0,0.22064056939501778,0.124
587,_ that are also _ but not _,124,1000,Qwen/Qwen3-Reranker-4B,100,1000,0.04032258064516129,0.12903225806451613,0.6612903225806451,0.82,1.0,0.8510309356999121,0.8371302970163529,0.124,1.0,0.22064056939501778,0.124
587,_ that are also _ but not _,124,1000,exact_constraint_verifier,100,1000,0.04032258064516129,0.16129032258064516,0.8064516129032258,1.0,1.0,1.0,1.0,0.124,1.0,0.22064056939501778,0.124
588,_ that are also _ but not _,116,1000,BM25,100,1000,0.0,0.02586206896551724,0.1810344827586207,0.21,0.0,0.10943375986288037,0.1834474787643802,0.102,0.8793103448275862,0.18279569892473116,0.10059171597633136
588,_ that are also _ but not _,116,1000,Qwen/Qwen3-Reranker-4B,100,1000,0.04310344827586207,0.1724137931034483,0.8189655172413793,0.95,1.0,1.0,0.9609293554077437,0.102,0.8793103448275862,0.18279569892473116,0.10059171597633136
588,_ that are also _ but not _,116,1000,exact_constraint_verifier,100,1000,0.04310344827586207,0.1724137931034483,0.8620689655172413,1.0,1.0,1.0,1.0,0.102,0.8793103448275862,0.18279569892473116,0.10059171597633136
589,_ that are also _ but not _,125,1000,BM25,100,1000,0.0,0.088,0.72,0.9,0.0,0.3956914309269467,0.7896387492099873,0.125,1.0,0.2222222222222222,0.125
589,_ that are also _ but not _,125,1000,Qwen/Qwen3-Reranker-4B,100,1000,0.024,0.096,0.728,0.91,0.6164336326286644,0.5982403872002862,0.8566914322815248,0.125,1.0,0.2222222222222222,0.125
589,_ that are also _ but not _,125,1000,exact_constraint_verifier,100,1000,0.04,0.16,0.8,1.0,1.0,1.0,1.0,0.125,1.0,0.2222222222222222,0.125
590,_ that are also _ but not _,121,1000,BM25,100,1000,0.0,0.11570247933884298,0.6198347107438017,0.75,0.0,0.5477632585114393,0.68890187967033,0.121,1.0,0.215878679750223,0.121
590,_ that are also _ but not _,121,1000,Qwen/Qwen3-Reranker-4B,100,1000,0.01652892561983471,0.10743801652892562,0.5206611570247934,0.63,0.48522855511632257,0.627176959296854,0.6268184568128785,0.121,1.0,0.215878679750223,0.121
590,_ that are also _ but not _,121,1000,exact_constraint_verifier,100,1000,0.04132231404958678,0.1652892561983471,0.8264462809917356,1.0,1.0,1.0,1.0,0.121,1.0,0.215878679750223,0.121
591,_ that are also _ but not _,117,1000,BM25,100,1000,0.0,0.008547008547008548,0.02564102564102564,0.03,0.0,0.03233829114831981,0.02879031944748347,0.022,0.18803418803418803,0.039391226499552366,0.02009132420091324
591,_ that are also _ but not _,117,1000,Qwen/Qwen3-Reranker-4B,100,1000,0.042735042735042736,0.1282051282051282,0.1794871794871795,0.21,1.0,0.8152535540163582,0.3275663903296801,0.022,0.18803418803418803,0.039391226499552366,0.02009132420091324
591,_ that are also _ but not _,117,1000,exact_constraint_verifier,22,1000,0.042735042735042736,0.17094017094017094,0.18803418803418803,0.22,1.0,1.0,0.357500100199443,0.022,0.18803418803418803,0.039391226499552366,0.02009132420091324
592,_ that are also _ but not _,121,1000,BM25,100,1000,0.0,0.049586776859504134,0.2727272727272727,0.33,0.0,0.21228472909419377,0.2965776643408292,0.121,1.0,0.215878679750223,0.121
592,_ that are also _ but not _,121,1000,Qwen/Qwen3-Reranker-4B,100,1000,0.01652892561983471,0.10743801652892562,0.5289256198347108,0.64,0.3156484524795145,0.5514227948011428,0.6180863249413131,0.121,1.0,0.215878679750223,0.121
592,_ that are also _ but not _,121,1000,exact_constraint_verifier,100,1000,0.04132231404958678,0.1652892561983471,0.8264462809917356,1.0,1.0,1.0,1.0,0.121,1.0,0.215878679750223,0.121
593,_ that are also _ but not _,133,1000,BM25,100,1000,0.0,0.03759398496240601,0.3458646616541353,0.46,0.0,0.1891946112703579,0.404834737166592,0.133,1.0,0.23477493380406003,0.133
593,_ that are also _ but not _,133,1000,Qwen/Qwen3-Reranker-4B,100,1000,0.007518796992481203,0.10526315789473684,0.5488721804511278,0.73,0.14606834984270645,0.5469697386978959,0.6790765843184499,0.133,1.0,0.23477493380406003,0.133
593,_ that are also _ but not _,133,1000,exact_constraint_verifier,100,1000,0.03759398496240601,0.15037593984962405,0.7518796992481203,1.0,1.0,1.0,1.0,0.133,1.0,0.23477493380406003,0.133
594,_ that are also _ but not _,106,1000,BM25,100,1000,0.0,0.0,0.0,0.0,0.0,0.0,0.0,0.106,1.0,0.19168173598553342,0.106
594,_ that are also _ but not _,106,1000,Qwen/Qwen3-Reranker-4B,100,1000,0.0,0.12264150943396226,0.6132075471698113,0.65,0.0,0.5137002862554568,0.6110586052537855,0.106,1.0,0.19168173598553342,0.106
594,_ that are also _ but not _,106,1000,exact_constraint_verifier,100,1000,0.04716981132075472,0.18867924528301888,0.9433962264150944,1.0,1.0,1.0,1.0,0.106,1.0,0.19168173598553342,0.106
595,_ that are also _ but not _,135,1000,BM25,100,1000,0.014814814814814815,0.07407407407407407,0.4074074074074074,0.55,0.36005461457723403,0.4662415371380179,0.5327517857013099,0.135,1.0,0.2378854625550661,0.135
595,_ that are also _ but not _,135,1000,Qwen/Qwen3-Reranker-4B,100,1000,0.022222222222222223,0.08148148148148149,0.45185185185185184,0.61,0.4912596920895758,0.5277177363436684,0.5953753325114831,0.135,1.0,0.2378854625550661,0.135
595,_ that are also _ but not _,135,1000,exact_constraint_verifier,100,1000,0.037037037037037035,0.14814814814814814,0.7407407407407407,1.0,1.0,1.0,1.0,0.135,1.0,0.2378854625550661,0.135
596,_ that are also _ but not _,133,1000,BM25,100,1000,0.0,0.0,0.0,0.0,0.0,0.0,0.0,0.133,1.0,0.23477493380406003,0.133
596,_ that are also _ but not _,133,1000,Qwen/Qwen3-Reranker-4B,100,1000,0.007518796992481203,0.10526315789473684,0.48872180451127817,0.65,0.13120507751234178,0.5686488743274427,0.6233353479493088,0.133,1.0,0.23477493380406003,0.133
596,_ that are also _ but not _,133,1000,exact_constraint_verifier,100,1000,0.03759398496240601,0.15037593984962405,0.7518796992481203,1.0,1.0,1.0,1.0,0.133,1.0,0.23477493380406003,0.133
597,_ that are also _ but not _,126,1000,BM25,100,1000,0.0,0.07936507936507936,0.42063492063492064,0.53,0.0,0.3630850071531906,0.4860140839639752,0.126,1.0,0.2238010657193606,0.126
597,_ that are also _ but not _,126,1000,Qwen/Qwen3-Reranker-4B,100,1000,0.03968253968253968,0.15873015873015872,0.7142857142857143,0.9,1.0,1.0,0.9154463107110775,0.126,1.0,0.2238010657193606,0.126
597,_ that are also _ but not _,126,1000,exact_constraint_verifier,100,1000,0.03968253968253968,0.15873015873015872,0.7936507936507936,1.0,1.0,1.0,1.0,0.126,1.0,0.2238010657193606,0.126
598,_ that are also _ but not _,127,1000,BM25,100,1000,0.0,0.007874015748031496,0.14960629921259844,0.19,0.0,0.03233829114831981,0.1562186834045346,0.079,0.6220472440944882,0.1401952085181899,0.07538167938931298
598,_ that are also _ but not _,127,1000,Qwen/Qwen3-Reranker-4B,100,1000,0.031496062992125984,0.14960629921259844,0.6220472440944882,0.79,0.6608397947263839,0.8579599603663427,0.7983353649827944,0.079,0.6220472440944882,0.1401952085181899,0.07538167938931298
598,_ that are also _ but not _,127,1000,exact_constraint_verifier,79,1000,0.03937007874015748,0.15748031496062992,0.6220472440944882,0.79,1.0,1.0,0.8457782151541908,0.079,0.6220472440944882,0.1401952085181899,0.07538167938931298
599,_ that are also _ but not _,139,1000,BM25,100,1000,0.0,0.0,0.0,0.0,0.0,0.0,0.0,0.094,0.6762589928057554,0.16505706760316066,0.08995215311004785
599,_ that are also _ but not _,139,1000,Qwen/Qwen3-Reranker-4B,100,1000,0.03597122302158273,0.12949640287769784,0.5539568345323741,0.77,1.0,0.9292557582488418,0.8114408915850296,0.094,0.6762589928057554,0.16505706760316066,0.08995215311004785
599,_ that are also _ but not _,139,1000,exact_constraint_verifier,94,1000,0.03597122302158273,0.14388489208633093,0.6762589928057554,0.94,1.0,1.0,0.9567257060497653,0.094,0.6762589928057554,0.16505706760316066,0.08995215311004785
600,_ that are not _,1,1000,BM25,100,1000,1.0,1.0,1.0,1.0,0.6309297535714575,0.6309297535714575,0.6309297535714575,0.001,1.0,0.0019980019980019984,0.001
600,_ that are not _,1,1000,Qwen/Qwen3-Reranker-4B,100,1000,1.0,1.0,1.0,1.0,0.6309297535714575,0.6309297535714575,0.6309297535714575,0.001,1.0,0.0019980019980019984,0.001
600,_ that are not _,1,1000,exact_constraint_verifier,1,1000,1.0,1.0,1.0,1.0,1.0,1.0,1.0,0.001,1.0,0.0019980019980019984,0.001
601,_ that are not _,1,1000,BM25,100,1000,1.0,1.0,1.0,1.0,0.6309297535714575,0.6309297535714575,0.6309297535714575,0.001,1.0,0.0019980019980019984,0.001
601,_ that are not _,1,1000,Qwen/Qwen3-Reranker-4B,100,1000,1.0,1.0,1.0,1.0,0.6309297535714575,0.6309297535714575,0.6309297535714575,0.001,1.0,0.0019980019980019984,0.001
601,_ that are not _,1,1000,exact_constraint_verifier,1,1000,1.0,1.0,1.0,1.0,1.0,1.0,1.0,0.001,1.0,0.0019980019980019984,0.001
602,_ that are not _,1,1000,BM25,100,1000,1.0,1.0,1.0,1.0,0.5,0.5,0.5,0.001,1.0,0.0019980019980019984,0.001
602,_ that are not _,1,1000,Qwen/Qwen3-Reranker-4B,100,1000,1.0,1.0,1.0,1.0,0.6309297535714575,0.6309297535714575,0.6309297535714575,0.001,1.0,0.0019980019980019984,0.001
602,_ that are not _,1,1000,exact_constraint_verifier,1,1000,1.0,1.0,1.0,1.0,1.0,1.0,1.0,0.001,1.0,0.0019980019980019984,0.001
603,_ that are not _,1,1000,BM25,100,1000,1.0,1.0,1.0,1.0,0.6309297535714575,0.6309297535714575,0.6309297535714575,0.001,1.0,0.0019980019980019984,0.001
603,_ that are not _,1,1000,Qwen/Qwen3-Reranker-4B,100,1000,1.0,1.0,1.0,1.0,0.6309297535714575,0.6309297535714575,0.6309297535714575,0.001,1.0,0.0019980019980019984,0.001
603,_ that are not _,1,1000,exact_constraint_verifier,1,1000,1.0,1.0,1.0,1.0,1.0,1.0,1.0,0.001,1.0,0.0019980019980019984,0.001
604,_ that are not _,1,1000,BM25,100,1000,0.0,1.0,1.0,1.0,0.0,0.2890648263178879,0.2890648263178879,0.001,1.0,0.0019980019980019984,0.001
604,_ that are not _,1,1000,Qwen/Qwen3-Reranker-4B,100,1000,1.0,1.0,1.0,1.0,1.0,1.0,1.0,0.001,1.0,0.0019980019980019984,0.001
604,_ that are not _,1,1000,exact_constraint_verifier,1,1000,1.0,1.0,1.0,1.0,1.0,1.0,1.0,0.001,1.0,0.0019980019980019984,0.001
605,_ that are not _,1,1000,BM25,100,1000,1.0,1.0,1.0,1.0,0.38685280723454163,0.38685280723454163,0.38685280723454163,0.001,1.0,0.0019980019980019984,0.001
605,_ that are not _,1,1000,Qwen/Qwen3-Reranker-4B,100,1000,1.0,1.0,1.0,1.0,0.6309297535714575,0.6309297535714575,0.6309297535714575,0.001,1.0,0.0019980019980019984,0.001
605,_ that are not _,1,1000,exact_constraint_verifier,1,1000,1.0,1.0,1.0,1.0,1.0,1.0,1.0,0.001,1.0,0.0019980019980019984,0.001
606,_ that are not _,1,1000,BM25,100,1000,1.0,1.0,1.0,1.0,0.5,0.5,0.5,0.001,1.0,0.0019980019980019984,0.001
606,_ that are not _,1,1000,Qwen/Qwen3-Reranker-4B,100,1000,1.0,1.0,1.0,1.0,0.6309297535714575,0.6309297535714575,0.6309297535714575,0.001,1.0,0.0019980019980019984,0.001
606,_ that are not _,1,1000,exact_constraint_verifier,1,1000,1.0,1.0,1.0,1.0,1.0,1.0,1.0,0.001,1.0,0.0019980019980019984,0.001
607,_ that are not _,1,1000,BM25,100,1000,1.0,1.0,1.0,1.0,0.6309297535714575,0.6309297535714575,0.6309297535714575,0.001,1.0,0.0019980019980019984,0.001
607,_ that are not _,1,1000,Qwen/Qwen3-Reranker-4B,100,1000,1.0,1.0,1.0,1.0,0.6309297535714575,0.6309297535714575,0.6309297535714575,0.001,1.0,0.0019980019980019984,0.001
607,_ that are not _,1,1000,exact_constraint_verifier,1,1000,1.0,1.0,1.0,1.0,1.0,1.0,1.0,0.001,1.0,0.0019980019980019984,0.001
608,_ that are not _,1,1000,BM25,100,1000,1.0,1.0,1.0,1.0,0.5,0.5,0.5,0.001,1.0,0.0019980019980019984,0.001
608,_ that are not _,1,1000,Qwen/Qwen3-Reranker-4B,100,1000,1.0,1.0,1.0,1.0,1.0,1.0,1.0,0.001,1.0,0.0019980019980019984,0.001
608,_ that are not _,1,1000,exact_constraint_verifier,1,1000,1.0,1.0,1.0,1.0,1.0,1.0,1.0,0.001,1.0,0.0019980019980019984,0.001
609,_ that are not _,1,1000,BM25,100,1000,1.0,1.0,1.0,1.0,0.5,0.5,0.5,0.001,1.0,0.0019980019980019984,0.001
609,_ that are not _,1,1000,Qwen/Qwen3-Reranker-4B,100,1000,1.0,1.0,1.0,1.0,0.6309297535714575,0.6309297535714575,0.6309297535714575,0.001,1.0,0.0019980019980019984,0.001
609,_ that are not _,1,1000,exact_constraint_verifier,1,1000,1.0,1.0,1.0,1.0,1.0,1.0,1.0,0.001,1.0,0.0019980019980019984,0.001
610,_ that are not _,1,1000,BM25,100,1000,1.0,1.0,1.0,1.0,0.5,0.5,0.5,0.001,1.0,0.0019980019980019984,0.001
610,_ that are not _,1,1000,Qwen/Qwen3-Reranker-4B,100,1000,1.0,1.0,1.0,1.0,1.0,1.0,1.0,0.001,1.0,0.0019980019980019984,0.001
610,_ that are not _,1,1000,exact_constraint_verifier,1,1000,1.0,1.0,1.0,1.0,1.0,1.0,1.0,0.001,1.0,0.0019980019980019984,0.001
611,_ that are not _,1,1000,BM25,100,1000,1.0,1.0,1.0,1.0,0.5,0.5,0.5,0.001,1.0,0.0019980019980019984,0.001
611,_ that are not _,1,1000,Qwen/Qwen3-Reranker-4B,100,1000,1.0,1.0,1.0,1.0,0.6309297535714575,0.6309297535714575,0.6309297535714575,0.001,1.0,0.0019980019980019984,0.001
611,_ that are not _,1,1000,exact_constraint_verifier,1,1000,1.0,1.0,1.0,1.0,1.0,1.0,1.0,0.001,1.0,0.0019980019980019984,0.001
612,_ that are not _,1,1000,BM25,100,1000,1.0,1.0,1.0,1.0,0.6309297535714575,0.6309297535714575,0.6309297535714575,0.001,1.0,0.0019980019980019984,0.001
612,_ that are not _,1,1000,Qwen/Qwen3-Reranker-4B,100,1000,1.0,1.0,1.0,1.0,0.6309297535714575,0.6309297535714575,0.6309297535714575,0.001,1.0,0.0019980019980019984,0.001
612,_ that are not _,1,1000,exact_constraint_verifier,1,1000,1.0,1.0,1.0,1.0,1.0,1.0,1.0,0.001,1.0,0.0019980019980019984,0.001
613,_ that are not _,1,1000,BM25,100,1000,1.0,1.0,1.0,1.0,0.6309297535714575,0.6309297535714575,0.6309297535714575,0.001,1.0,0.0019980019980019984,0.001
613,_ that are not _,1,1000,Qwen/Qwen3-Reranker-4B,100,1000,0.0,0.0,0.0,0.0,0.0,0.0,0.0,0.001,1.0,0.0019980019980019984,0.001
613,_ that are not _,1,1000,exact_constraint_verifier,1,1000,1.0,1.0,1.0,1.0,1.0,1.0,1.0,0.001,1.0,0.0019980019980019984,0.001
614,_ that are not _,1,1000,BM25,100,1000,1.0,1.0,1.0,1.0,0.6309297535714575,0.6309297535714575,0.6309297535714575,0.001,1.0,0.0019980019980019984,0.001
614,_ that are not _,1,1000,Qwen/Qwen3-Reranker-4B,100,1000,1.0,1.0,1.0,1.0,0.6309297535714575,0.6309297535714575,0.6309297535714575,0.001,1.0,0.0019980019980019984,0.001
614,_ that are not _,1,1000,exact_constraint_verifier,1,1000,1.0,1.0,1.0,1.0,1.0,1.0,1.0,0.001,1.0,0.0019980019980019984,0.001
615,_ that are not _,1,1000,BM25,100,1000,1.0,1.0,1.0,1.0,0.5,0.5,0.5,0.001,1.0,0.0019980019980019984,0.001
615,_ that are not _,1,1000,Qwen/Qwen3-Reranker-4B,100,1000,1.0,1.0,1.0,1.0,0.6309297535714575,0.6309297535714575,0.6309297535714575,0.001,1.0,0.0019980019980019984,0.001
615,_ that are not _,1,1000,exact_constraint_verifier,1,1000,1.0,1.0,1.0,1.0,1.0,1.0,1.0,0.001,1.0,0.0019980019980019984,0.001
616,_ that are not _,1,1000,BM25,100,1000,0.0,0.0,1.0,1.0,0.0,0.0,0.17905223175104137,0.001,1.0,0.0019980019980019984,0.001
616,_ that are not _,1,1000,Qwen/Qwen3-Reranker-4B,100,1000,1.0,1.0,1.0,1.0,0.6309297535714575,0.6309297535714575,0.6309297535714575,0.001,1.0,0.0019980019980019984,0.001
616,_ that are not _,1,1000,exact_constraint_verifier,1,1000,1.0,1.0,1.0,1.0,1.0,1.0,1.0,0.001,1.0,0.0019980019980019984,0.001
617,_ that are not _,1,1000,BM25,100,1000,0.0,0.0,0.0,0.0,0.0,0.0,0.0,0.0,0.0,0.0,0.0
617,_ that are not _,1,1000,Qwen/Qwen3-Reranker-4B,100,1000,0.0,0.0,0.0,0.0,0.0,0.0,0.0,0.0,0.0,0.0,0.0
617,_ that are not _,1,1000,exact_constraint_verifier,0,1000,0.0,0.0,0.0,0.0,0.0,0.0,0.0,0.0,0.0,0.0,0.0
618,_ that are not _,1,1000,BM25,100,1000,1.0,1.0,1.0,1.0,0.6309297535714575,0.6309297535714575,0.6309297535714575,0.001,1.0,0.0019980019980019984,0.001
618,_ that are not _,1,1000,Qwen/Qwen3-Reranker-4B,100,1000,1.0,1.0,1.0,1.0,0.6309297535714575,0.6309297535714575,0.6309297535714575,0.001,1.0,0.0019980019980019984,0.001
618,_ that are not _,1,1000,exact_constraint_verifier,1,1000,1.0,1.0,1.0,1.0,1.0,1.0,1.0,0.001,1.0,0.0019980019980019984,0.001
619,_ that are not _,1,1000,BM25,100,1000,1.0,1.0,1.0,1.0,0.6309297535714575,0.6309297535714575,0.6309297535714575,0.001,1.0,0.0019980019980019984,0.001
619,_ that are not _,1,1000,Qwen/Qwen3-Reranker-4B,100,1000,1.0,1.0,1.0,1.0,0.6309297535714575,0.6309297535714575,0.6309297535714575,0.001,1.0,0.0019980019980019984,0.001
619,_ that are not _,1,1000,exact_constraint_verifier,1,1000,1.0,1.0,1.0,1.0,1.0,1.0,1.0,0.001,1.0,0.0019980019980019984,0.001
620,_ that are not _,1,1000,BM25,100,1000,1.0,1.0,1.0,1.0,0.6309297535714575,0.6309297535714575,0.6309297535714575,0.001,1.0,0.0019980019980019984,0.001
620,_ that are not _,1,1000,Qwen/Qwen3-Reranker-4B,100,1000,1.0,1.0,1.0,1.0,0.6309297535714575,0.6309297535714575,0.6309297535714575,0.001,1.0,0.0019980019980019984,0.001
620,_ that are not _,1,1000,exact_constraint_verifier,1,1000,1.0,1.0,1.0,1.0,1.0,1.0,1.0,0.001,1.0,0.0019980019980019984,0.001
621,_ that are not _,1,1000,BM25,100,1000,1.0,1.0,1.0,1.0,0.6309297535714575,0.6309297535714575,0.6309297535714575,0.001,1.0,0.0019980019980019984,0.001
621,_ that are not _,1,1000,Qwen/Qwen3-Reranker-4B,100,1000,1.0,1.0,1.0,1.0,0.6309297535714575,0.6309297535714575,0.6309297535714575,0.001,1.0,0.0019980019980019984,0.001
621,_ that are not _,1,1000,exact_constraint_verifier,1,1000,1.0,1.0,1.0,1.0,1.0,1.0,1.0,0.001,1.0,0.0019980019980019984,0.001
622,_ that are not _,1,1000,BM25,100,1000,1.0,1.0,1.0,1.0,0.5,0.5,0.5,0.001,1.0,0.0019980019980019984,0.001
622,_ that are not _,1,1000,Qwen/Qwen3-Reranker-4B,100,1000,1.0,1.0,1.0,1.0,0.6309297535714575,0.6309297535714575,0.6309297535714575,0.001,1.0,0.0019980019980019984,0.001
622,_ that are not _,1,1000,exact_constraint_verifier,1,1000,1.0,1.0,1.0,1.0,1.0,1.0,1.0,0.001,1.0,0.0019980019980019984,0.001
623,_ that are not _,1,1000,BM25,100,1000,1.0,1.0,1.0,1.0,0.5,0.5,0.5,0.001,1.0,0.0019980019980019984,0.001
623,_ that are not _,1,1000,Qwen/Qwen3-Reranker-4B,100,1000,1.0,1.0,1.0,1.0,1.0,1.0,1.0,0.001,1.0,0.0019980019980019984,0.001
623,_ that are not _,1,1000,exact_constraint_verifier,1,1000,1.0,1.0,1.0,1.0,1.0,1.0,1.0,0.001,1.0,0.0019980019980019984,0.001
624,_ that are not _,1,1000,BM25,100,1000,1.0,1.0,1.0,1.0,0.6309297535714575,0.6309297535714575,0.6309297535714575,0.001,1.0,0.0019980019980019984,0.001
624,_ that are not _,1,1000,Qwen/Qwen3-Reranker-4B,100,1000,1.0,1.0,1.0,1.0,0.6309297535714575,0.6309297535714575,0.6309297535714575,0.001,1.0,0.0019980019980019984,0.001
624,_ that are not _,1,1000,exact_constraint_verifier,1,1000,1.0,1.0,1.0,1.0,1.0,1.0,1.0,0.001,1.0,0.0019980019980019984,0.001
625,_ that are not _,1,1000,BM25,100,1000,1.0,1.0,1.0,1.0,0.5,0.5,0.5,0.001,1.0,0.0019980019980019984,0.001
625,_ that are not _,1,1000,Qwen/Qwen3-Reranker-4B,100,1000,1.0,1.0,1.0,1.0,0.6309297535714575,0.6309297535714575,0.6309297535714575,0.001,1.0,0.0019980019980019984,0.001
625,_ that are not _,1,1000,exact_constraint_verifier,1,1000,1.0,1.0,1.0,1.0,1.0,1.0,1.0,0.001,1.0,0.0019980019980019984,0.001
626,_ that are not _,1,1000,BM25,100,1000,1.0,1.0,1.0,1.0,0.6309297535714575,0.6309297535714575,0.6309297535714575,0.001,1.0,0.0019980019980019984,0.001
626,_ that are not _,1,1000,Qwen/Qwen3-Reranker-4B,100,1000,1.0,1.0,1.0,1.0,1.0,1.0,1.0,0.001,1.0,0.0019980019980019984,0.001
626,_ that are not _,1,1000,exact_constraint_verifier,1,1000,1.0,1.0,1.0,1.0,1.0,1.0,1.0,0.001,1.0,0.0019980019980019984,0.001
627,_ that are not _,1,1000,BM25,100,1000,1.0,1.0,1.0,1.0,0.6309297535714575,0.6309297535714575,0.6309297535714575,0.001,1.0,0.0019980019980019984,0.001
627,_ that are not _,1,1000,Qwen/Qwen3-Reranker-4B,100,1000,1.0,1.0,1.0,1.0,0.6309297535714575,0.6309297535714575,0.6309297535714575,0.001,1.0,0.0019980019980019984,0.001
627,_ that are not _,1,1000,exact_constraint_verifier,1,1000,1.0,1.0,1.0,1.0,1.0,1.0,1.0,0.001,1.0,0.0019980019980019984,0.001
628,_ that are not _,1,1000,BM25,100,1000,1.0,1.0,1.0,1.0,0.6309297535714575,0.6309297535714575,0.6309297535714575,0.001,1.0,0.0019980019980019984,0.001
628,_ that are not _,1,1000,Qwen/Qwen3-Reranker-4B,100,1000,1.0,1.0,1.0,1.0,0.6309297535714575,0.6309297535714575,0.6309297535714575,0.001,1.0,0.0019980019980019984,0.001
628,_ that are not _,1,1000,exact_constraint_verifier,1,1000,1.0,1.0,1.0,1.0,1.0,1.0,1.0,0.001,1.0,0.0019980019980019984,0.001
629,_ that are not _,1,1000,BM25,100,1000,1.0,1.0,1.0,1.0,0.5,0.5,0.5,0.001,1.0,0.0019980019980019984,0.001
629,_ that are not _,1,1000,Qwen/Qwen3-Reranker-4B,100,1000,1.0,1.0,1.0,1.0,0.6309297535714575,0.6309297535714575,0.6309297535714575,0.001,1.0,0.0019980019980019984,0.001
629,_ that are not _,1,1000,exact_constraint_verifier,1,1000,1.0,1.0,1.0,1.0,1.0,1.0,1.0,0.001,1.0,0.0019980019980019984,0.001
630,_ that are not _,1,1000,BM25,100,1000,1.0,1.0,1.0,1.0,0.5,0.5,0.5,0.001,1.0,0.0019980019980019984,0.001
630,_ that are not _,1,1000,Qwen/Qwen3-Reranker-4B,100,1000,1.0,1.0,1.0,1.0,0.6309297535714575,0.6309297535714575,0.6309297535714575,0.001,1.0,0.0019980019980019984,0.001
630,_ that are not _,1,1000,exact_constraint_verifier,1,1000,1.0,1.0,1.0,1.0,1.0,1.0,1.0,0.001,1.0,0.0019980019980019984,0.001
631,_ that are not _,1,1000,BM25,100,1000,1.0,1.0,1.0,1.0,0.6309297535714575,0.6309297535714575,0.6309297535714575,0.001,1.0,0.0019980019980019984,0.001
631,_ that are not _,1,1000,Qwen/Qwen3-Reranker-4B,100,1000,1.0,1.0,1.0,1.0,0.43067655807339306,0.43067655807339306,0.43067655807339306,0.001,1.0,0.0019980019980019984,0.001
631,_ that are not _,1,1000,exact_constraint_verifier,1,1000,1.0,1.0,1.0,1.0,1.0,1.0,1.0,0.001,1.0,0.0019980019980019984,0.001
632,_ that are not _,1,1000,BM25,100,1000,1.0,1.0,1.0,1.0,0.6309297535714575,0.6309297535714575,0.6309297535714575,0.001,1.0,0.0019980019980019984,0.001
632,_ that are not _,1,1000,Qwen/Qwen3-Reranker-4B,100,1000,1.0,1.0,1.0,1.0,0.6309297535714575,0.6309297535714575,0.6309297535714575,0.001,1.0,0.0019980019980019984,0.001
632,_ that are not _,1,1000,exact_constraint_verifier,1,1000,1.0,1.0,1.0,1.0,1.0,1.0,1.0,0.001,1.0,0.0019980019980019984,0.001
633,_ that are not _,1,1000,BM25,100,1000,1.0,1.0,1.0,1.0,0.5,0.5,0.5,0.001,1.0,0.0019980019980019984,0.001
633,_ that are not _,1,1000,Qwen/Qwen3-Reranker-4B,100,1000,1.0,1.0,1.0,1.0,0.6309297535714575,0.6309297535714575,0.6309297535714575,0.001,1.0,0.0019980019980019984,0.001
633,_ that are not _,1,1000,exact_constraint_verifier,1,1000,1.0,1.0,1.0,1.0,1.0,1.0,1.0,0.001,1.0,0.0019980019980019984,0.001
634,_ that are not _,1,1000,BM25,100,1000,1.0,1.0,1.0,1.0,0.6309297535714575,0.6309297535714575,0.6309297535714575,0.001,1.0,0.0019980019980019984,0.001
634,_ that are not _,1,1000,Qwen/Qwen3-Reranker-4B,100,1000,1.0,1.0,1.0,1.0,0.6309297535714575,0.6309297535714575,0.6309297535714575,0.001,1.0,0.0019980019980019984,0.001
634,_ that are not _,1,1000,exact_constraint_verifier,1,1000,1.0,1.0,1.0,1.0,1.0,1.0,1.0,0.001,1.0,0.0019980019980019984,0.001
635,_ that are not _,1,1000,BM25,100,1000,1.0,1.0,1.0,1.0,0.5,0.5,0.5,0.001,1.0,0.0019980019980019984,0.001
635,_ that are not _,1,1000,Qwen/Qwen3-Reranker-4B,100,1000,1.0,1.0,1.0,1.0,0.6309297535714575,0.6309297535714575,0.6309297535714575,0.001,1.0,0.0019980019980019984,0.001
635,_ that are not _,1,1000,exact_constraint_verifier,1,1000,1.0,1.0,1.0,1.0,1.0,1.0,1.0,0.001,1.0,0.0019980019980019984,0.001
636,_ that are not _,1,1000,BM25,100,1000,1.0,1.0,1.0,1.0,0.6309297535714575,0.6309297535714575,0.6309297535714575,0.001,1.0,0.0019980019980019984,0.001
636,_ that are not _,1,1000,Qwen/Qwen3-Reranker-4B,100,1000,1.0,1.0,1.0,1.0,0.6309297535714575,0.6309297535714575,0.6309297535714575,0.001,1.0,0.0019980019980019984,0.001
636,_ that are not _,1,1000,exact_constraint_verifier,1,1000,1.0,1.0,1.0,1.0,1.0,1.0,1.0,0.001,1.0,0.0019980019980019984,0.001
637,_ that are not _,1,1000,BM25,100,1000,1.0,1.0,1.0,1.0,0.5,0.5,0.5,0.001,1.0,0.0019980019980019984,0.001
637,_ that are not _,1,1000,Qwen/Qwen3-Reranker-4B,100,1000,1.0,1.0,1.0,1.0,0.6309297535714575,0.6309297535714575,0.6309297535714575,0.001,1.0,0.0019980019980019984,0.001
637,_ that are not _,1,1000,exact_constraint_verifier,1,1000,1.0,1.0,1.0,1.0,1.0,1.0,1.0,0.001,1.0,0.0019980019980019984,0.001
638,_ that are not _,1,1000,BM25,100,1000,1.0,1.0,1.0,1.0,0.5,0.5,0.5,0.001,1.0,0.0019980019980019984,0.001
638,_ that are not _,1,1000,Qwen/Qwen3-Reranker-4B,100,1000,1.0,1.0,1.0,1.0,0.6309297535714575,0.6309297535714575,0.6309297535714575,0.001,1.0,0.0019980019980019984,0.001
638,_ that are not _,1,1000,exact_constraint_verifier,1,1000,1.0,1.0,1.0,1.0,1.0,1.0,1.0,0.001,1.0,0.0019980019980019984,0.001
639,_ that are not _,1,1000,BM25,100,1000,1.0,1.0,1.0,1.0,0.5,0.5,0.5,0.001,1.0,0.0019980019980019984,0.001
639,_ that are not _,1,1000,Qwen/Qwen3-Reranker-4B,100,1000,1.0,1.0,1.0,1.0,0.6309297535714575,0.6309297535714575,0.6309297535714575,0.001,1.0,0.0019980019980019984,0.001
639,_ that are not _,1,1000,exact_constraint_verifier,1,1000,1.0,1.0,1.0,1.0,1.0,1.0,1.0,0.001,1.0,0.0019980019980019984,0.001
640,_ that are not _,1,1000,BM25,100,1000,0.0,0.0,0.0,0.0,0.0,0.0,0.0,0.0,0.0,0.0,0.0
640,_ that are not _,1,1000,Qwen/Qwen3-Reranker-4B,100,1000,0.0,0.0,0.0,0.0,0.0,0.0,0.0,0.0,0.0,0.0,0.0
640,_ that are not _,1,1000,exact_constraint_verifier,0,1000,0.0,0.0,0.0,0.0,0.0,0.0,0.0,0.0,0.0,0.0,0.0
641,_ that are not _,1,1000,BM25,100,1000,0.0,0.0,0.0,0.0,0.0,0.0,0.0,0.001,1.0,0.0019980019980019984,0.001
641,_ that are not _,1,1000,Qwen/Qwen3-Reranker-4B,100,1000,1.0,1.0,1.0,1.0,1.0,1.0,1.0,0.001,1.0,0.0019980019980019984,0.001
641,_ that are not _,1,1000,exact_constraint_verifier,1,1000,1.0,1.0,1.0,1.0,1.0,1.0,1.0,0.001,1.0,0.0019980019980019984,0.001
642,_ that are not _,1,1000,BM25,100,1000,1.0,1.0,1.0,1.0,0.6309297535714575,0.6309297535714575,0.6309297535714575,0.001,1.0,0.0019980019980019984,0.001
642,_ that are not _,1,1000,Qwen/Qwen3-Reranker-4B,100,1000,1.0,1.0,1.0,1.0,1.0,1.0,1.0,0.001,1.0,0.0019980019980019984,0.001
642,_ that are not _,1,1000,exact_constraint_verifier,1,1000,1.0,1.0,1.0,1.0,1.0,1.0,1.0,0.001,1.0,0.0019980019980019984,0.001
643,_ that are not _,1,1000,BM25,100,1000,1.0,1.0,1.0,1.0,0.5,0.5,0.5,0.001,1.0,0.0019980019980019984,0.001
643,_ that are not _,1,1000,Qwen/Qwen3-Reranker-4B,100,1000,1.0,1.0,1.0,1.0,1.0,1.0,1.0,0.001,1.0,0.0019980019980019984,0.001
643,_ that are not _,1,1000,exact_constraint_verifier,1,1000,1.0,1.0,1.0,1.0,1.0,1.0,1.0,0.001,1.0,0.0019980019980019984,0.001
644,_ that are not _,1,1000,BM25,100,1000,1.0,1.0,1.0,1.0,0.5,0.5,0.5,0.001,1.0,0.0019980019980019984,0.001
644,_ that are not _,1,1000,Qwen/Qwen3-Reranker-4B,100,1000,1.0,1.0,1.0,1.0,0.6309297535714575,0.6309297535714575,0.6309297535714575,0.001,1.0,0.0019980019980019984,0.001
644,_ that are not _,1,1000,exact_constraint_verifier,1,1000,1.0,1.0,1.0,1.0,1.0,1.0,1.0,0.001,1.0,0.0019980019980019984,0.001
645,_ that are not _,1,1000,BM25,100,1000,1.0,1.0,1.0,1.0,0.5,0.5,0.5,0.001,1.0,0.0019980019980019984,0.001
645,_ that are not _,1,1000,Qwen/Qwen3-Reranker-4B,100,1000,1.0,1.0,1.0,1.0,0.6309297535714575,0.6309297535714575,0.6309297535714575,0.001,1.0,0.0019980019980019984,0.001
645,_ that are not _,1,1000,exact_constraint_verifier,1,1000,1.0,1.0,1.0,1.0,1.0,1.0,1.0,0.001,1.0,0.0019980019980019984,0.001
646,_ that are not _,1,1000,BM25,100,1000,1.0,1.0,1.0,1.0,0.6309297535714575,0.6309297535714575,0.6309297535714575,0.001,1.0,0.0019980019980019984,0.001
646,_ that are not _,1,1000,Qwen/Qwen3-Reranker-4B,100,1000,1.0,1.0,1.0,1.0,0.6309297535714575,0.6309297535714575,0.6309297535714575,0.001,1.0,0.0019980019980019984,0.001
646,_ that are not _,1,1000,exact_constraint_verifier,1,1000,1.0,1.0,1.0,1.0,1.0,1.0,1.0,0.001,1.0,0.0019980019980019984,0.001
647,_ that are not _,1,1000,BM25,100,1000,0.0,1.0,1.0,1.0,0.0,0.3010299956639812,0.3010299956639812,0.001,1.0,0.0019980019980019984,0.001
647,_ that are not _,1,1000,Qwen/Qwen3-Reranker-4B,100,1000,1.0,1.0,1.0,1.0,0.6309297535714575,0.6309297535714575,0.6309297535714575,0.001,1.0,0.0019980019980019984,0.001
647,_ that are not _,1,1000,exact_constraint_verifier,1,1000,1.0,1.0,1.0,1.0,1.0,1.0,1.0,0.001,1.0,0.0019980019980019984,0.001
648,_ that are not _,1,1000,BM25,100,1000,1.0,1.0,1.0,1.0,0.6309297535714575,0.6309297535714575,0.6309297535714575,0.001,1.0,0.0019980019980019984,0.001
648,_ that are not _,1,1000,Qwen/Qwen3-Reranker-4B,100,1000,1.0,1.0,1.0,1.0,0.6309297535714575,0.6309297535714575,0.6309297535714575,0.001,1.0,0.0019980019980019984,0.001
648,_ that are not _,1,1000,exact_constraint_verifier,1,1000,1.0,1.0,1.0,1.0,1.0,1.0,1.0,0.001,1.0,0.0019980019980019984,0.001
649,_ that are not _,1,1000,BM25,100,1000,1.0,1.0,1.0,1.0,0.6309297535714575,0.6309297535714575,0.6309297535714575,0.001,1.0,0.0019980019980019984,0.001
649,_ that are not _,1,1000,Qwen/Qwen3-Reranker-4B,100,1000,1.0,1.0,1.0,1.0,0.6309297535714575,0.6309297535714575,0.6309297535714575,0.001,1.0,0.0019980019980019984,0.001
649,_ that are not _,1,1000,exact_constraint_verifier,1,1000,1.0,1.0,1.0,1.0,1.0,1.0,1.0,0.001,1.0,0.0019980019980019984,0.001
650,_ that are not _,1,1000,BM25,100,1000,1.0,1.0,1.0,1.0,0.5,0.5,0.5,0.001,1.0,0.0019980019980019984,0.001
650,_ that are not _,1,1000,Qwen/Qwen3-Reranker-4B,100,1000,1.0,1.0,1.0,1.0,1.0,1.0,1.0,0.001,1.0,0.0019980019980019984,0.001
650,_ that are not _,1,1000,exact_constraint_verifier,1,1000,1.0,1.0,1.0,1.0,1.0,1.0,1.0,0.001,1.0,0.0019980019980019984,0.001
651,_ that are not _,1,1000,BM25,100,1000,1.0,1.0,1.0,1.0,0.6309297535714575,0.6309297535714575,0.6309297535714575,0.001,1.0,0.0019980019980019984,0.001
651,_ that are not _,1,1000,Qwen/Qwen3-Reranker-4B,100,1000,1.0,1.0,1.0,1.0,0.6309297535714575,0.6309297535714575,0.6309297535714575,0.001,1.0,0.0019980019980019984,0.001
651,_ that are not _,1,1000,exact_constraint_verifier,1,1000,1.0,1.0,1.0,1.0,1.0,1.0,1.0,0.001,1.0,0.0019980019980019984,0.001
652,_ that are not _,1,1000,BM25,100,1000,1.0,1.0,1.0,1.0,0.6309297535714575,0.6309297535714575,0.6309297535714575,0.001,1.0,0.0019980019980019984,0.001
652,_ that are not _,1,1000,Qwen/Qwen3-Reranker-4B,100,1000,1.0,1.0,1.0,1.0,0.6309297535714575,0.6309297535714575,0.6309297535714575,0.001,1.0,0.0019980019980019984,0.001
652,_ that are not _,1,1000,exact_constraint_verifier,1,1000,1.0,1.0,1.0,1.0,1.0,1.0,1.0,0.001,1.0,0.0019980019980019984,0.001
653,_ that are not _,1,1000,BM25,100,1000,1.0,1.0,1.0,1.0,0.5,0.5,0.5,0.001,1.0,0.0019980019980019984,0.001
653,_ that are not _,1,1000,Qwen/Qwen3-Reranker-4B,100,1000,1.0,1.0,1.0,1.0,0.6309297535714575,0.6309297535714575,0.6309297535714575,0.001,1.0,0.0019980019980019984,0.001
653,_ that are not _,1,1000,exact_constraint_verifier,1,1000,1.0,1.0,1.0,1.0,1.0,1.0,1.0,0.001,1.0,0.0019980019980019984,0.001
654,_ that are not _,1,1000,BM25,100,1000,1.0,1.0,1.0,1.0,0.6309297535714575,0.6309297535714575,0.6309297535714575,0.001,1.0,0.0019980019980019984,0.001
654,_ that are not _,1,1000,Qwen/Qwen3-Reranker-4B,100,1000,1.0,1.0,1.0,1.0,1.0,1.0,1.0,0.001,1.0,0.0019980019980019984,0.001
654,_ that are not _,1,1000,exact_constraint_verifier,1,1000,1.0,1.0,1.0,1.0,1.0,1.0,1.0,0.001,1.0,0.0019980019980019984,0.001
655,_ that are not _,1,1000,BM25,100,1000,1.0,1.0,1.0,1.0,0.6309297535714575,0.6309297535714575,0.6309297535714575,0.001,1.0,0.0019980019980019984,0.001
655,_ that are not _,1,1000,Qwen/Qwen3-Reranker-4B,100,1000,1.0,1.0,1.0,1.0,0.6309297535714575,0.6309297535714575,0.6309297535714575,0.001,1.0,0.0019980019980019984,0.001
655,_ that are not _,1,1000,exact_constraint_verifier,1,1000,1.0,1.0,1.0,1.0,1.0,1.0,1.0,0.001,1.0,0.0019980019980019984,0.001
656,_ that are not _,1,1000,BM25,100,1000,1.0,1.0,1.0,1.0,0.5,0.5,0.5,0.001,1.0,0.0019980019980019984,0.001
656,_ that are not _,1,1000,Qwen/Qwen3-Reranker-4B,100,1000,1.0,1.0,1.0,1.0,0.6309297535714575,0.6309297535714575,0.6309297535714575,0.001,1.0,0.0019980019980019984,0.001
656,_ that are not _,1,1000,exact_constraint_verifier,1,1000,1.0,1.0,1.0,1.0,1.0,1.0,1.0,0.001,1.0,0.0019980019980019984,0.001
657,_ that are not _,1,1000,BM25,100,1000,1.0,1.0,1.0,1.0,0.5,0.5,0.5,0.001,1.0,0.0019980019980019984,0.001
657,_ that are not _,1,1000,Qwen/Qwen3-Reranker-4B,100,1000,1.0,1.0,1.0,1.0,1.0,1.0,1.0,0.001,1.0,0.0019980019980019984,0.001
657,_ that are not _,1,1000,exact_constraint_verifier,1,1000,1.0,1.0,1.0,1.0,1.0,1.0,1.0,0.001,1.0,0.0019980019980019984,0.001
658,_ that are not _,1,1000,BM25,100,1000,1.0,1.0,1.0,1.0,0.6309297535714575,0.6309297535714575,0.6309297535714575,0.001,1.0,0.0019980019980019984,0.001
658,_ that are not _,1,1000,Qwen/Qwen3-Reranker-4B,100,1000,1.0,1.0,1.0,1.0,0.6309297535714575,0.6309297535714575,0.6309297535714575,0.001,1.0,0.0019980019980019984,0.001
658,_ that are not _,1,1000,exact_constraint_verifier,1,1000,1.0,1.0,1.0,1.0,1.0,1.0,1.0,0.001,1.0,0.0019980019980019984,0.001
659,_ that are not _,1,1000,BM25,100,1000,1.0,1.0,1.0,1.0,0.6309297535714575,0.6309297535714575,0.6309297535714575,0.001,1.0,0.0019980019980019984,0.001
659,_ that are not _,1,1000,Qwen/Qwen3-Reranker-4B,100,1000,1.0,1.0,1.0,1.0,1.0,1.0,1.0,0.001,1.0,0.0019980019980019984,0.001
659,_ that are not _,1,1000,exact_constraint_verifier,1,1000,1.0,1.0,1.0,1.0,1.0,1.0,1.0,0.001,1.0,0.0019980019980019984,0.001
660,_ that are not _,1,1000,BM25,100,1000,1.0,1.0,1.0,1.0,0.6309297535714575,0.6309297535714575,0.6309297535714575,0.001,1.0,0.0019980019980019984,0.001
660,_ that are not _,1,1000,Qwen/Qwen3-Reranker-4B,100,1000,1.0,1.0,1.0,1.0,0.6309297535714575,0.6309297535714575,0.6309297535714575,0.001,1.0,0.0019980019980019984,0.001
660,_ that are not _,1,1000,exact_constraint_verifier,1,1000,1.0,1.0,1.0,1.0,1.0,1.0,1.0,0.001,1.0,0.0019980019980019984,0.001
661,_ that are not _,1,1000,BM25,100,1000,1.0,1.0,1.0,1.0,0.6309297535714575,0.6309297535714575,0.6309297535714575,0.001,1.0,0.0019980019980019984,0.001
661,_ that are not _,1,1000,Qwen/Qwen3-Reranker-4B,100,1000,1.0,1.0,1.0,1.0,1.0,1.0,1.0,0.001,1.0,0.0019980019980019984,0.001
661,_ that are not _,1,1000,exact_constraint_verifier,1,1000,1.0,1.0,1.0,1.0,1.0,1.0,1.0,0.001,1.0,0.0019980019980019984,0.001
662,_ that are not _,1,1000,BM25,100,1000,1.0,1.0,1.0,1.0,0.6309297535714575,0.6309297535714575,0.6309297535714575,0.001,1.0,0.0019980019980019984,0.001
662,_ that are not _,1,1000,Qwen/Qwen3-Reranker-4B,100,1000,1.0,1.0,1.0,1.0,0.6309297535714575,0.6309297535714575,0.6309297535714575,0.001,1.0,0.0019980019980019984,0.001
662,_ that are not _,1,1000,exact_constraint_verifier,1,1000,1.0,1.0,1.0,1.0,1.0,1.0,1.0,0.001,1.0,0.0019980019980019984,0.001
663,_ that are not _,1,1000,BM25,100,1000,1.0,1.0,1.0,1.0,0.6309297535714575,0.6309297535714575,0.6309297535714575,0.001,1.0,0.0019980019980019984,0.001
663,_ that are not _,1,1000,Qwen/Qwen3-Reranker-4B,100,1000,1.0,1.0,1.0,1.0,0.6309297535714575,0.6309297535714575,0.6309297535714575,0.001,1.0,0.0019980019980019984,0.001
663,_ that are not _,1,1000,exact_constraint_verifier,1,1000,1.0,1.0,1.0,1.0,1.0,1.0,1.0,0.001,1.0,0.0019980019980019984,0.001
664,_ that are not _,1,1000,BM25,100,1000,1.0,1.0,1.0,1.0,0.6309297535714575,0.6309297535714575,0.6309297535714575,0.001,1.0,0.0019980019980019984,0.001
664,_ that are not _,1,1000,Qwen/Qwen3-Reranker-4B,100,1000,1.0,1.0,1.0,1.0,0.6309297535714575,0.6309297535714575,0.6309297535714575,0.001,1.0,0.0019980019980019984,0.001
664,_ that are not _,1,1000,exact_constraint_verifier,1,1000,1.0,1.0,1.0,1.0,1.0,1.0,1.0,0.001,1.0,0.0019980019980019984,0.001
665,_ that are not _,1,1000,BM25,100,1000,1.0,1.0,1.0,1.0,0.5,0.5,0.5,0.001,1.0,0.0019980019980019984,0.001
665,_ that are not _,1,1000,Qwen/Qwen3-Reranker-4B,100,1000,1.0,1.0,1.0,1.0,1.0,1.0,1.0,0.001,1.0,0.0019980019980019984,0.001
665,_ that are not _,1,1000,exact_constraint_verifier,1,1000,1.0,1.0,1.0,1.0,1.0,1.0,1.0,0.001,1.0,0.0019980019980019984,0.001
666,_ that are not _,1,1000,BM25,100,1000,1.0,1.0,1.0,1.0,0.5,0.5,0.5,0.001,1.0,0.0019980019980019984,0.001
666,_ that are not _,1,1000,Qwen/Qwen3-Reranker-4B,100,1000,1.0,1.0,1.0,1.0,0.6309297535714575,0.6309297535714575,0.6309297535714575,0.001,1.0,0.0019980019980019984,0.001
666,_ that are not _,1,1000,exact_constraint_verifier,1,1000,1.0,1.0,1.0,1.0,1.0,1.0,1.0,0.001,1.0,0.0019980019980019984,0.001
667,_ that are not _,1,1000,BM25,100,1000,1.0,1.0,1.0,1.0,0.6309297535714575,0.6309297535714575,0.6309297535714575,0.001,1.0,0.0019980019980019984,0.001
667,_ that are not _,1,1000,Qwen/Qwen3-Reranker-4B,100,1000,1.0,1.0,1.0,1.0,0.6309297535714575,0.6309297535714575,0.6309297535714575,0.001,1.0,0.0019980019980019984,0.001
667,_ that are not _,1,1000,exact_constraint_verifier,1,1000,1.0,1.0,1.0,1.0,1.0,1.0,1.0,0.001,1.0,0.0019980019980019984,0.001
668,_ that are not _,1,1000,BM25,100,1000,0.0,1.0,1.0,1.0,0.0,0.2890648263178879,0.2890648263178879,0.001,1.0,0.0019980019980019984,0.001
668,_ that are not _,1,1000,Qwen/Qwen3-Reranker-4B,100,1000,1.0,1.0,1.0,1.0,1.0,1.0,1.0,0.001,1.0,0.0019980019980019984,0.001
668,_ that are not _,1,1000,exact_constraint_verifier,1,1000,1.0,1.0,1.0,1.0,1.0,1.0,1.0,0.001,1.0,0.0019980019980019984,0.001
669,_ that are not _,1,1000,BM25,100,1000,1.0,1.0,1.0,1.0,0.6309297535714575,0.6309297535714575,0.6309297535714575,0.001,1.0,0.0019980019980019984,0.001
669,_ that are not _,1,1000,Qwen/Qwen3-Reranker-4B,100,1000,1.0,1.0,1.0,1.0,1.0,1.0,1.0,0.001,1.0,0.0019980019980019984,0.001
669,_ that are not _,1,1000,exact_constraint_verifier,1,1000,1.0,1.0,1.0,1.0,1.0,1.0,1.0,0.001,1.0,0.0019980019980019984,0.001
670,_ that are not _,1,1000,BM25,100,1000,1.0,1.0,1.0,1.0,0.5,0.5,0.5,0.001,1.0,0.0019980019980019984,0.001
670,_ that are not _,1,1000,Qwen/Qwen3-Reranker-4B,100,1000,1.0,1.0,1.0,1.0,1.0,1.0,1.0,0.001,1.0,0.0019980019980019984,0.001
670,_ that are not _,1,1000,exact_constraint_verifier,1,1000,1.0,1.0,1.0,1.0,1.0,1.0,1.0,0.001,1.0,0.0019980019980019984,0.001
671,_ that are not _,1,1000,BM25,100,1000,1.0,1.0,1.0,1.0,0.5,0.5,0.5,0.001,1.0,0.0019980019980019984,0.001
671,_ that are not _,1,1000,Qwen/Qwen3-Reranker-4B,100,1000,1.0,1.0,1.0,1.0,1.0,1.0,1.0,0.001,1.0,0.0019980019980019984,0.001
671,_ that are not _,1,1000,exact_constraint_verifier,1,1000,1.0,1.0,1.0,1.0,1.0,1.0,1.0,0.001,1.0,0.0019980019980019984,0.001
672,_ that are not _,1,1000,BM25,100,1000,1.0,1.0,1.0,1.0,0.6309297535714575,0.6309297535714575,0.6309297535714575,0.001,1.0,0.0019980019980019984,0.001
672,_ that are not _,1,1000,Qwen/Qwen3-Reranker-4B,100,1000,1.0,1.0,1.0,1.0,0.6309297535714575,0.6309297535714575,0.6309297535714575,0.001,1.0,0.0019980019980019984,0.001
672,_ that are not _,1,1000,exact_constraint_verifier,1,1000,1.0,1.0,1.0,1.0,1.0,1.0,1.0,0.001,1.0,0.0019980019980019984,0.001
673,_ that are not _,1,1000,BM25,100,1000,1.0,1.0,1.0,1.0,0.5,0.5,0.5,0.001,1.0,0.0019980019980019984,0.001
673,_ that are not _,1,1000,Qwen/Qwen3-Reranker-4B,100,1000,1.0,1.0,1.0,1.0,0.6309297535714575,0.6309297535714575,0.6309297535714575,0.001,1.0,0.0019980019980019984,0.001
673,_ that are not _,1,1000,exact_constraint_verifier,1,1000,1.0,1.0,1.0,1.0,1.0,1.0,1.0,0.001,1.0,0.0019980019980019984,0.001
674,_ that are not _,1,1000,BM25,100,1000,1.0,1.0,1.0,1.0,0.6309297535714575,0.6309297535714575,0.6309297535714575,0.001,1.0,0.0019980019980019984,0.001
674,_ that are not _,1,1000,Qwen/Qwen3-Reranker-4B,100,1000,0.0,0.0,1.0,1.0,0.0,0.0,0.19342640361727081,0.001,1.0,0.0019980019980019984,0.001
674,_ that are not _,1,1000,exact_constraint_verifier,1,1000,1.0,1.0,1.0,1.0,1.0,1.0,1.0,0.001,1.0,0.0019980019980019984,0.001
675,_ that are not _,1,1000,BM25,100,1000,1.0,1.0,1.0,1.0,0.5,0.5,0.5,0.001,1.0,0.0019980019980019984,0.001
675,_ that are not _,1,1000,Qwen/Qwen3-Reranker-4B,100,1000,1.0,1.0,1.0,1.0,0.6309297535714575,0.6309297535714575,0.6309297535714575,0.001,1.0,0.0019980019980019984,0.001
675,_ that are not _,1,1000,exact_constraint_verifier,1,1000,1.0,1.0,1.0,1.0,1.0,1.0,1.0,0.001,1.0,0.0019980019980019984,0.001
676,_ that are not _,1,1000,BM25,100,1000,1.0,1.0,1.0,1.0,0.5,0.5,0.5,0.001,1.0,0.0019980019980019984,0.001
676,_ that are not _,1,1000,Qwen/Qwen3-Reranker-4B,100,1000,1.0,1.0,1.0,1.0,1.0,1.0,1.0,0.001,1.0,0.0019980019980019984,0.001
676,_ that are not _,1,1000,exact_constraint_verifier,1,1000,1.0,1.0,1.0,1.0,1.0,1.0,1.0,0.001,1.0,0.0019980019980019984,0.001
677,_ that are not _,1,1000,BM25,100,1000,1.0,1.0,1.0,1.0,0.5,0.5,0.5,0.001,1.0,0.0019980019980019984,0.001
677,_ that are not _,1,1000,Qwen/Qwen3-Reranker-4B,100,1000,1.0,1.0,1.0,1.0,0.6309297535714575,0.6309297535714575,0.6309297535714575,0.001,1.0,0.0019980019980019984,0.001
677,_ that are not _,1,1000,exact_constraint_verifier,1,1000,1.0,1.0,1.0,1.0,1.0,1.0,1.0,0.001,1.0,0.0019980019980019984,0.001
678,_ that are not _,1,1000,BM25,100,1000,1.0,1.0,1.0,1.0,0.6309297535714575,0.6309297535714575,0.6309297535714575,0.001,1.0,0.0019980019980019984,0.001
678,_ that are not _,1,1000,Qwen/Qwen3-Reranker-4B,100,1000,1.0,1.0,1.0,1.0,0.6309297535714575,0.6309297535714575,0.6309297535714575,0.001,1.0,0.0019980019980019984,0.001
678,_ that are not _,1,1000,exact_constraint_verifier,1,1000,1.0,1.0,1.0,1.0,1.0,1.0,1.0,0.001,1.0,0.0019980019980019984,0.001
679,_ that are not _,1,1000,BM25,100,1000,1.0,1.0,1.0,1.0,0.5,0.5,0.5,0.001,1.0,0.0019980019980019984,0.001
679,_ that are not _,1,1000,Qwen/Qwen3-Reranker-4B,100,1000,1.0,1.0,1.0,1.0,0.6309297535714575,0.6309297535714575,0.6309297535714575,0.001,1.0,0.0019980019980019984,0.001
679,_ that are not _,1,1000,exact_constraint_verifier,1,1000,1.0,1.0,1.0,1.0,1.0,1.0,1.0,0.001,1.0,0.0019980019980019984,0.001
680,_ that are not _,1,1000,BM25,100,1000,1.0,1.0,1.0,1.0,0.5,0.5,0.5,0.001,1.0,0.0019980019980019984,0.001
680,_ that are not _,1,1000,Qwen/Qwen3-Reranker-4B,100,1000,1.0,1.0,1.0,1.0,0.6309297535714575,0.6309297535714575,0.6309297535714575,0.001,1.0,0.0019980019980019984,0.001
680,_ that are not _,1,1000,exact_constraint_verifier,1,1000,1.0,1.0,1.0,1.0,1.0,1.0,1.0,0.001,1.0,0.0019980019980019984,0.001
681,_ that are not _,1,1000,BM25,100,1000,1.0,1.0,1.0,1.0,0.5,0.5,0.5,0.001,1.0,0.0019980019980019984,0.001
681,_ that are not _,1,1000,Qwen/Qwen3-Reranker-4B,100,1000,1.0,1.0,1.0,1.0,0.6309297535714575,0.6309297535714575,0.6309297535714575,0.001,1.0,0.0019980019980019984,0.001
681,_ that are not _,1,1000,exact_constraint_verifier,1,1000,1.0,1.0,1.0,1.0,1.0,1.0,1.0,0.001,1.0,0.0019980019980019984,0.001
682,_ that are not _,1,1000,BM25,100,1000,0.0,1.0,1.0,1.0,0.0,0.27023815442731974,0.27023815442731974,0.001,1.0,0.0019980019980019984,0.001
682,_ that are not _,1,1000,Qwen/Qwen3-Reranker-4B,100,1000,0.0,1.0,1.0,1.0,0.0,0.27894294565112987,0.27894294565112987,0.001,1.0,0.0019980019980019984,0.001
682,_ that are not _,1,1000,exact_constraint_verifier,1,1000,1.0,1.0,1.0,1.0,1.0,1.0,1.0,0.001,1.0,0.0019980019980019984,0.001
683,_ that are not _,1,1000,BM25,100,1000,1.0,1.0,1.0,1.0,0.6309297535714575,0.6309297535714575,0.6309297535714575,0.001,1.0,0.0019980019980019984,0.001
683,_ that are not _,1,1000,Qwen/Qwen3-Reranker-4B,100,1000,1.0,1.0,1.0,1.0,0.6309297535714575,0.6309297535714575,0.6309297535714575,0.001,1.0,0.0019980019980019984,0.001
683,_ that are not _,1,1000,exact_constraint_verifier,1,1000,1.0,1.0,1.0,1.0,1.0,1.0,1.0,0.001,1.0,0.0019980019980019984,0.001
684,_ that are not _,1,1000,BM25,100,1000,1.0,1.0,1.0,1.0,0.6309297535714575,0.6309297535714575,0.6309297535714575,0.001,1.0,0.0019980019980019984,0.001
684,_ that are not _,1,1000,Qwen/Qwen3-Reranker-4B,100,1000,1.0,1.0,1.0,1.0,0.6309297535714575,0.6309297535714575,0.6309297535714575,0.001,1.0,0.0019980019980019984,0.001
684,_ that are not _,1,1000,exact_constraint_verifier,1,1000,1.0,1.0,1.0,1.0,1.0,1.0,1.0,0.001,1.0,0.0019980019980019984,0.001
685,_ that are not _,1,1000,BM25,100,1000,1.0,1.0,1.0,1.0,0.6309297535714575,0.6309297535714575,0.6309297535714575,0.001,1.0,0.0019980019980019984,0.001
685,_ that are not _,1,1000,Qwen/Qwen3-Reranker-4B,100,1000,1.0,1.0,1.0,1.0,0.6309297535714575,0.6309297535714575,0.6309297535714575,0.001,1.0,0.0019980019980019984,0.001
685,_ that are not _,1,1000,exact_constraint_verifier,1,1000,1.0,1.0,1.0,1.0,1.0,1.0,1.0,0.001,1.0,0.0019980019980019984,0.001
686,_ that are not _,1,1000,BM25,100,1000,1.0,1.0,1.0,1.0,0.6309297535714575,0.6309297535714575,0.6309297535714575,0.001,1.0,0.0019980019980019984,0.001
686,_ that are not _,1,1000,Qwen/Qwen3-Reranker-4B,100,1000,1.0,1.0,1.0,1.0,0.6309297535714575,0.6309297535714575,0.6309297535714575,0.001,1.0,0.0019980019980019984,0.001
686,_ that are not _,1,1000,exact_constraint_verifier,1,1000,1.0,1.0,1.0,1.0,1.0,1.0,1.0,0.001,1.0,0.0019980019980019984,0.001
687,_ that are not _,1,1000,BM25,100,1000,1.0,1.0,1.0,1.0,0.5,0.5,0.5,0.001,1.0,0.0019980019980019984,0.001
687,_ that are not _,1,1000,Qwen/Qwen3-Reranker-4B,100,1000,1.0,1.0,1.0,1.0,1.0,1.0,1.0,0.001,1.0,0.0019980019980019984,0.001
687,_ that are not _,1,1000,exact_constraint_verifier,1,1000,1.0,1.0,1.0,1.0,1.0,1.0,1.0,0.001,1.0,0.0019980019980019984,0.001
688,_ that are not _,1,1000,BM25,100,1000,1.0,1.0,1.0,1.0,0.6309297535714575,0.6309297535714575,0.6309297535714575,0.001,1.0,0.0019980019980019984,0.001
688,_ that are not _,1,1000,Qwen/Qwen3-Reranker-4B,100,1000,1.0,1.0,1.0,1.0,1.0,1.0,1.0,0.001,1.0,0.0019980019980019984,0.001
688,_ that are not _,1,1000,exact_constraint_verifier,1,1000,1.0,1.0,1.0,1.0,1.0,1.0,1.0,0.001,1.0,0.0019980019980019984,0.001
689,_ that are not _,1,1000,BM25,100,1000,1.0,1.0,1.0,1.0,0.6309297535714575,0.6309297535714575,0.6309297535714575,0.001,1.0,0.0019980019980019984,0.001
689,_ that are not _,1,1000,Qwen/Qwen3-Reranker-4B,100,1000,1.0,1.0,1.0,1.0,0.6309297535714575,0.6309297535714575,0.6309297535714575,0.001,1.0,0.0019980019980019984,0.001
689,_ that are not _,1,1000,exact_constraint_verifier,1,1000,1.0,1.0,1.0,1.0,1.0,1.0,1.0,0.001,1.0,0.0019980019980019984,0.001
690,_ that are not _,1,1000,BM25,100,1000,1.0,1.0,1.0,1.0,0.6309297535714575,0.6309297535714575,0.6309297535714575,0.001,1.0,0.0019980019980019984,0.001
690,_ that are not _,1,1000,Qwen/Qwen3-Reranker-4B,100,1000,0.0,0.0,1.0,1.0,0.0,0.0,0.16485085672216038,0.001,1.0,0.0019980019980019984,0.001
690,_ that are not _,1,1000,exact_constraint_verifier,1,1000,1.0,1.0,1.0,1.0,1.0,1.0,1.0,0.001,1.0,0.0019980019980019984,0.001
691,_ that are not _,1,1000,BM25,100,1000,1.0,1.0,1.0,1.0,0.5,0.5,0.5,0.001,1.0,0.0019980019980019984,0.001
691,_ that are not _,1,1000,Qwen/Qwen3-Reranker-4B,100,1000,1.0,1.0,1.0,1.0,0.6309297535714575,0.6309297535714575,0.6309297535714575,0.001,1.0,0.0019980019980019984,0.001
691,_ that are not _,1,1000,exact_constraint_verifier,1,1000,1.0,1.0,1.0,1.0,1.0,1.0,1.0,0.001,1.0,0.0019980019980019984,0.001
692,_ that are not _,1,1000,BM25,100,1000,1.0,1.0,1.0,1.0,0.5,0.5,0.5,0.001,1.0,0.0019980019980019984,0.001
692,_ that are not _,1,1000,Qwen/Qwen3-Reranker-4B,100,1000,1.0,1.0,1.0,1.0,1.0,1.0,1.0,0.001,1.0,0.0019980019980019984,0.001
692,_ that are not _,1,1000,exact_constraint_verifier,1,1000,1.0,1.0,1.0,1.0,1.0,1.0,1.0,0.001,1.0,0.0019980019980019984,0.001
693,_ that are not _,1,1000,BM25,100,1000,0.0,0.0,0.0,0.0,0.0,0.0,0.0,0.001,1.0,0.0019980019980019984,0.001
693,_ that are not _,1,1000,Qwen/Qwen3-Reranker-4B,100,1000,1.0,1.0,1.0,1.0,1.0,1.0,1.0,0.001,1.0,0.0019980019980019984,0.001
693,_ that are not _,1,1000,exact_constraint_verifier,1,1000,1.0,1.0,1.0,1.0,1.0,1.0,1.0,0.001,1.0,0.0019980019980019984,0.001
694,_ that are not _,1,1000,BM25,100,1000,1.0,1.0,1.0,1.0,0.5,0.5,0.5,0.001,1.0,0.0019980019980019984,0.001
694,_ that are not _,1,1000,Qwen/Qwen3-Reranker-4B,100,1000,1.0,1.0,1.0,1.0,0.6309297535714575,0.6309297535714575,0.6309297535714575,0.001,1.0,0.0019980019980019984,0.001
694,_ that are not _,1,1000,exact_constraint_verifier,1,1000,1.0,1.0,1.0,1.0,1.0,1.0,1.0,0.001,1.0,0.0019980019980019984,0.001
695,_ that are not _,1,1000,BM25,100,1000,1.0,1.0,1.0,1.0,0.6309297535714575,0.6309297535714575,0.6309297535714575,0.001,1.0,0.0019980019980019984,0.001
695,_ that are not _,1,1000,Qwen/Qwen3-Reranker-4B,100,1000,1.0,1.0,1.0,1.0,0.6309297535714575,0.6309297535714575,0.6309297535714575,0.001,1.0,0.0019980019980019984,0.001
695,_ that are not _,1,1000,exact_constraint_verifier,1,1000,1.0,1.0,1.0,1.0,1.0,1.0,1.0,0.001,1.0,0.0019980019980019984,0.001
696,_ that are not _,1,1000,BM25,100,1000,1.0,1.0,1.0,1.0,0.5,0.5,0.5,0.001,1.0,0.0019980019980019984,0.001
696,_ that are not _,1,1000,Qwen/Qwen3-Reranker-4B,100,1000,1.0,1.0,1.0,1.0,0.6309297535714575,0.6309297535714575,0.6309297535714575,0.001,1.0,0.0019980019980019984,0.001
696,_ that are not _,1,1000,exact_constraint_verifier,1,1000,1.0,1.0,1.0,1.0,1.0,1.0,1.0,0.001,1.0,0.0019980019980019984,0.001
697,_ that are not _,1,1000,BM25,100,1000,1.0,1.0,1.0,1.0,0.6309297535714575,0.6309297535714575,0.6309297535714575,0.001,1.0,0.0019980019980019984,0.001
697,_ that are not _,1,1000,Qwen/Qwen3-Reranker-4B,100,1000,1.0,1.0,1.0,1.0,0.6309297535714575,0.6309297535714575,0.6309297535714575,0.001,1.0,0.0019980019980019984,0.001
697,_ that are not _,1,1000,exact_constraint_verifier,1,1000,1.0,1.0,1.0,1.0,1.0,1.0,1.0,0.001,1.0,0.0019980019980019984,0.001
698,_ that are not _,1,1000,BM25,100,1000,1.0,1.0,1.0,1.0,0.5,0.5,0.5,0.001,1.0,0.0019980019980019984,0.001
698,_ that are not _,1,1000,Qwen/Qwen3-Reranker-4B,100,1000,1.0,1.0,1.0,1.0,1.0,1.0,1.0,0.001,1.0,0.0019980019980019984,0.001
698,_ that are not _,1,1000,exact_constraint_verifier,1,1000,1.0,1.0,1.0,1.0,1.0,1.0,1.0,0.001,1.0,0.0019980019980019984,0.001
699,_ that are not _,1,1000,BM25,100,1000,1.0,1.0,1.0,1.0,0.6309297535714575,0.6309297535714575,0.6309297535714575,0.001,1.0,0.0019980019980019984,0.001
699,_ that are not _,1,1000,Qwen/Qwen3-Reranker-4B,100,1000,1.0,1.0,1.0,1.0,0.6309297535714575,0.6309297535714575,0.6309297535714575,0.001,1.0,0.0019980019980019984,0.001
699,_ that are not _,1,1000,exact_constraint_verifier,1,1000,1.0,1.0,1.0,1.0,1.0,1.0,1.0,0.001,1.0,0.0019980019980019984,0.001
